,EWE_GROUP_CODE,BIOMASS_MT,TotalRelease,release_avg_date,FINAL_LAT,FINAL_LON,ROW_EWE,COL_EWE
0,Chinook-H-LFR-2,0.09577000000000001,19154,1981-07-01,49.2324,-121.9379,136.0,48.0
1,Chinook-H-LFR-2,0.10072,20144,1981-07-01,49.2324,-121.9379,136.0,48.0
2,Chinook-H-LFR-2,0.1273456,79591,1982-05-15,49.2189,-121.9451,136.0,48.0
3,Chinook-H-LFR-2,0.1502891973983741,70138,1983-04-20,49.2189,-121.9451,136.0,48.0
4,Chinook-H-LFR-2,0.1726508,61661,1986-06-10,49.2189,-121.9451,136.0,48.0
1069,Chinook-H-LFR-2,0.0013067,179,1987-06-19,49.7761,-124.3706,54.0,32.0
1070,Chinook-H-LFR-2,0.7581910500000001,117549,1988-06-02,49.7761,-124.3706,54.0,32.0
1071,Chinook-H-LFR-2,0.4056617,86311,1989-06-02,49.7761,-124.3706,54.0,32.0
1072,Chinook-H-LFR-2,0.12221642,36266,1989-06-02,49.7761,-124.3706,54.0,32.0
1073,Chinook-H-LFR-2,0.40240638,75357,1990-05-26,49.7761,-124.3706,54.0,32.0
1074,Chinook-H-LFR-2,0.39840672,74608,1990-05-26,49.7761,-124.3706,54.0,32.0
1075,Chinook-H-LFR-2,0.0248814,6010,1990-05-21,49.7761,-124.3706,54.0,32.0
1076,Chinook-H-LFR-2,0.6272046600000001,106126,1991-05-29,49.7761,-124.3706,54.0,32.0
1077,Chinook-H-LFR-2,0.3126702,72714,1991-05-29,49.7761,-124.3706,54.0,32.0
1078,Chinook-H-LFR-2,0.48195779999999994,71934,1992-05-25,49.7761,-124.3706,54.0,32.0
1079,Chinook-H-LFR-2,0.4834787,72161,1992-05-25,49.7761,-124.3706,54.0,32.0
1080,Chinook-H-LFR-2,1.5864041599999998,230582,1993-06-07,49.7761,-124.3706,54.0,32.0
1081,Chinook-H-LFR-2,1.84814526,224562,1994-05-27,49.7761,-124.3706,54.0,32.0
1082,Chinook-H-LFR-2,1.85432599,225313,1994-05-27,49.7761,-124.3706,54.0,32.0
1083,Chinook-H-LFR-2,0.091,10000,1995-06-10,49.803,-124.5264,44.0,28.0
1084,Chinook-H-LFR-2,0.87916928,161612,1995-05-24,49.7761,-124.3706,54.0,32.0
1085,Chinook-H-LFR-2,0.8557609600000001,157309,1995-05-24,49.7761,-124.3706,54.0,32.0
1086,Chinook-H-LFR-2,0.59015,47212,1996-05-27,49.803,-124.5264,44.0,28.0
1087,Chinook-H-LFR-2,2.701135,284330,1996-05-22,49.7761,-124.3706,54.0,32.0
1088,Chinook-H-LFR-2,0.3066348,25134,1997-05-28,49.803,-124.5264,44.0,28.0
1089,Chinook-H-LFR-2,0.30836719999999995,25276,1997-05-28,49.803,-124.5264,44.0,28.0
1090,Chinook-H-LFR-2,3.2262125,516194,1997-05-15,49.7761,-124.3706,54.0,32.0
1091,Chinook-H-LFR-2,1.6368876,188148,1998-05-02,49.7761,-124.3706,54.0,32.0
1092,Chinook-H-LFR-2,1.6427600999999998,188823,1998-05-02,49.7761,-124.3706,54.0,32.0
1093,Chinook-H-LFR-2,1.5246792,122958,1999-06-01,49.8528,-124.445,54.0,32.0
1094,Chinook-H-LFR-2,3.7488175999999998,302324,1999-05-31,49.7761,-124.3706,54.0,32.0
1095,Chinook-H-LFR-2,4.2297021799999985,315179,2000-05-31,49.8528,-124.445,54.0,32.0
1096,Chinook-H-LFR-2,3.664936,458117,2000-05-15,49.7761,-124.3706,54.0,32.0
1097,Chinook-H-LFR-2,3.3698696000000004,290506,2001-05-18,49.8528,-124.445,54.0,32.0
1098,Chinook-H-LFR-2,2.9462632,320246,2001-05-16,49.7761,-124.3706,54.0,32.0
1099,Chinook-H-LFR-2,6.6848,668480,2002-05-13,49.8528,-124.445,54.0,32.0
1100,Chinook-H-LFR-2,4.4674162000000015,519467,2003-05-14,49.8528,-124.445,54.0,32.0
1101,Chinook-H-LFR-2,0.6749407999999999,99256,2003-05-15,49.7761,-124.3706,54.0,32.0
1102,Chinook-H-LFR-2,6.11709,582580,2004-05-05,49.8528,-124.445,54.0,32.0
1103,Chinook-H-LFR-2,1.001215,117790,2004-05-04,49.7761,-124.3706,54.0,32.0
1104,Chinook-H-LFR-2,5.368149,596461,2005-05-02,49.8528,-124.445,54.0,32.0
1105,Chinook-H-LFR-2,0.8962450000000001,128035,2005-05-30,49.7761,-124.3706,54.0,32.0
1106,Chinook-H-LFR-2,4.833952,604244,2006-05-26,49.8528,-124.445,54.0,32.0
1107,Chinook-H-LFR-2,1.8113634,274449,2006-05-23,49.7761,-124.3706,54.0,32.0
1108,Chinook-H-LFR-2,0.5707273,39911,2006-05-30,49.6394,-124.4511,54.0,23.0
1109,Chinook-H-LFR-2,0.5797680000000001,39984,2006-05-26,49.849,-124.5362,42.0,30.0
1110,Chinook-H-LFR-2,4.2418727999999986,589149,2007-05-20,49.8528,-124.445,54.0,32.0
1111,Chinook-H-LFR-2,0.9253629000000001,146883,2007-05-20,49.7761,-124.3706,54.0,32.0
1112,Chinook-H-LFR-2,0.5860518,42162,2007-05-29,49.849,-124.5362,42.0,30.0
1113,Chinook-H-LFR-2,4.2501,566680,2008-05-13,49.8528,-124.445,54.0,32.0
1114,Chinook-H-LFR-2,1.092,182000,2008-05-14,49.7761,-124.3706,54.0,32.0
1116,Chinook-H-LFR-2,5.6426372,772964,2009-05-06,49.8528,-124.445,54.0,32.0
1117,Chinook-H-LFR-2,0.56,40000,2009-05-15,49.849,-124.5362,42.0,30.0
1118,Chinook-H-LFR-2,6.40198475,847945,2010-05-09,49.7761,-124.3706,54.0,32.0
1119,Chinook-H-LFR-2,0.302,40000,2010-05-14,49.849,-124.5362,42.0,30.0
1120,Chinook-H-LFR-2,5.1703035155737815,870810,2011-04-15,49.7761,-124.3706,54.0,32.0
1121,Chinook-H-LFR-2,2.63026458,474777,2012-05-14,49.8528,-124.445,54.0,32.0
1122,Chinook-H-LFR-2,1.5704024,280429,2012-04-27,49.7761,-124.3706,54.0,32.0
1123,Chinook-H-LFR-2,0.42897577,82337,2012-05-17,49.7619,-124.5667,44.0,28.0
1124,Chinook-H-LFR-2,0.22746768000000006,42438,2013-05-01,49.8528,-124.445,54.0,32.0
1125,Chinook-H-LFR-2,0.520482,86747,2013-05-16,49.8528,-124.445,54.0,32.0
1126,Chinook-H-LFR-2,0.90987072,169752,2013-05-01,49.8528,-124.445,54.0,32.0
1127,Chinook-H-LFR-2,2.0819400000000003,346990,2013-05-16,49.8528,-124.445,54.0,32.0
1128,Chinook-H-LFR-2,0.09458710000000001,21997,2014-05-12,49.4392,-123.7233,89.0,33.0
1129,Chinook-H-LFR-2,3.8959296,671712,2014-05-01,49.8528,-124.445,54.0,32.0
1130,Chinook-H-LFR-2,2.20145,440290,2015-04-15,49.8528,-124.445,54.0,32.0
1131,Chinook-H-LFR-2,1.82683,257300,2015-05-05,49.8528,-124.445,54.0,32.0
1132,Chinook-H-LFR-2,0.42,150000,2015-03-04,49.9125,-124.4167,54.0,32.0
1338,Chinook-H-LFR-2,0.042476,21238,1992-04-15,52.8356,-126.965,,
1704,Chinook-H-LFR-2,0.17849808,41319,1991-06-07,49.8953,-124.6064,38.0,30.0
1705,Chinook-H-LFR-2,0.1786752,41360,1991-06-07,49.8953,-124.6064,38.0,30.0
1706,Chinook-H-LFR-2,0.17643312000000005,40841,1991-06-07,49.8953,-124.6064,38.0,30.0
1707,Chinook-H-LFR-2,0.27276,45460,1992-06-29,49.8953,-124.6064,38.0,30.0
1708,Chinook-H-LFR-2,0.27592608,70032,1993-06-03,49.8953,-124.6064,38.0,30.0
1709,Chinook-H-LFR-2,0.032804440000000004,8326,1993-06-03,49.8953,-124.6064,38.0,30.0
1710,Chinook-H-LFR-2,0.6817496700000001,141149,1994-06-07,49.8953,-124.6064,38.0,30.0
1711,Chinook-H-LFR-2,0.07269633,15051,1994-06-07,49.8953,-124.6064,38.0,30.0
1712,Chinook-H-LFR-2,0.1997995,46465,1995-06-15,49.8953,-124.6064,38.0,30.0
1713,Chinook-H-LFR-2,0.44925872,96823,1996-06-03,49.8953,-124.6064,38.0,30.0
1714,Chinook-H-LFR-2,0.3799761,110138,1997-06-05,49.8953,-124.6064,38.0,30.0
1715,Chinook-H-LFR-2,0.09639645,27941,1997-06-05,49.8953,-124.6064,38.0,30.0
1716,Chinook-H-LFR-2,0.7013066,132322,1998-06-05,49.8953,-124.6064,38.0,30.0
1717,Chinook-H-LFR-2,0.7160496000000001,127866,1999-06-03,49.8953,-124.6064,38.0,30.0
1718,Chinook-H-LFR-2,0.93296622,198082,2000-06-13,49.8953,-124.6064,38.0,30.0
1719,Chinook-H-LFR-2,0.59935386,149093,2001-06-13,49.8953,-124.6064,38.0,30.0
1720,Chinook-H-LFR-2,0.644308,161077,2002-05-28,49.8953,-124.6064,38.0,30.0
1721,Chinook-H-LFR-2,0.72577184,124276,2003-06-13,49.8953,-124.6064,38.0,30.0
1722,Chinook-H-LFR-2,0.47304624,60184,2003-06-13,50.0801,-124.6547,27.0,37.0
1723,Chinook-H-LFR-2,0.00194976,4062,2004-04-02,49.8953,-124.6064,38.0,30.0
1724,Chinook-H-LFR-2,0.81982992,112614,2004-06-07,49.8953,-124.6064,38.0,30.0
1725,Chinook-H-LFR-2,0.35600000000000004,40000,2005-06-07,49.8953,-124.6064,38.0,30.0
1726,Chinook-H-LFR-2,0.585321,106422,2005-06-07,49.8953,-124.6064,38.0,30.0
1727,Chinook-H-LFR-2,1.004985,111665,2006-05-15,49.8953,-124.6064,38.0,30.0
1728,Chinook-H-LFR-2,0.6,100000,2006-05-17,50.0801,-124.6547,27.0,37.0
1729,Chinook-H-LFR-2,0.2502,27800,2006-06-15,49.8953,-124.6064,38.0,30.0
1730,Chinook-H-LFR-2,0.15395820000000002,23327,2007-06-15,49.8953,-124.6064,38.0,30.0
1731,Chinook-H-LFR-2,0.19625399999999998,32709,2008-06-09,49.8953,-124.6064,38.0,30.0
1732,Chinook-H-LFR-2,0.32473779,69537,2009-06-05,49.8953,-124.6064,38.0,30.0
1733,Chinook-H-LFR-2,0.6414582000000001,103461,2010-06-10,49.8953,-124.6064,38.0,30.0
1734,Chinook-H-LFR-2,0.5418484734153017,91261,2011-04-15,49.8953,-124.6064,38.0,30.0
1735,Chinook-H-LFR-2,0.260022,49528,2012-06-11,49.8953,-124.6064,38.0,30.0
1736,Chinook-H-LFR-2,0.3623962,58451,2014-06-02,49.8953,-124.6064,38.0,30.0
1737,Chinook-H-LFR-2,0.00219988,5116,2015-03-03,49.8953,-124.6064,38.0,30.0
2260,Chinook-H-LFR-2,0.21037199999999998,52593,1997-05-22,49.2422,-122.5355,136.0,48.0
2261,Chinook-H-LFR-2,0.013935,2787,1998-05-28,49.2422,-122.5355,136.0,48.0
2262,Chinook-H-LFR-2,0.7941199999999999,158824,1998-06-02,49.2422,-122.5355,136.0,48.0
2263,Chinook-H-LFR-2,0.3092904,171828,1999-06-05,49.2422,-122.5355,136.0,48.0
2264,Chinook-H-LFR-2,0.0878745,25107,2000-06-08,49.2422,-122.5355,136.0,48.0
2265,Chinook-H-LFR-2,0.382046,109156,2000-06-08,49.2422,-122.5355,136.0,48.0
2266,Chinook-H-LFR-2,0.037632,12544,2000-06-15,49.2422,-122.5355,136.0,48.0
2267,Chinook-H-LFR-2,0.254382,84794,2001-06-06,49.2422,-122.5355,136.0,48.0
2268,Chinook-H-LFR-2,0.4276170999999999,137941,2002-06-15,49.2422,-122.5355,136.0,48.0
2269,Chinook-H-LFR-2,0.75,125000,2003-05-24,49.2422,-122.5355,136.0,48.0
2270,Chinook-H-LFR-2,0.5047571999999999,98972,2004-06-07,49.2422,-122.5355,136.0,48.0
2271,Chinook-H-LFR-2,0.45419849999999995,100933,2005-05-11,49.2422,-122.5355,136.0,48.0
2272,Chinook-H-LFR-2,0.795,150000,2005-06-08,49.2422,-122.5355,136.0,48.0
2273,Chinook-H-LFR-2,0.45,100000,2006-06-06,49.2422,-122.5355,136.0,48.0
2274,Chinook-H-LFR-2,0.6705,149000,2006-06-06,49.2422,-122.5355,136.0,48.0
2275,Chinook-H-LFR-2,0.3046,76150,2007-05-03,49.2422,-122.5355,136.0,48.0
2276,Chinook-H-LFR-2,0.501344,125336,2007-06-01,49.2422,-122.5355,136.0,48.0
2277,Chinook-H-LFR-2,0.8,200000,2008-04-30,49.2422,-122.5355,136.0,48.0
2278,Chinook-H-LFR-2,0.7004,206000,2008-06-09,49.2422,-122.5355,136.0,48.0
2279,Chinook-H-LFR-2,0.49433999999999995,149800,2009-06-07,49.2422,-122.5355,136.0,48.0
2280,Chinook-H-LFR-2,0.736,200000,2009-05-05,49.2422,-122.5355,136.0,48.0
2281,Chinook-H-LFR-2,1.036,129500,2010-06-26,49.2645,-122.7074,136.0,48.0
2282,Chinook-H-LFR-2,0.9,200000,2010-05-03,49.2645,-122.7074,136.0,48.0
2283,Chinook-H-LFR-2,0.29702779478142144,50027,2011-04-27,49.2645,-122.7074,136.0,48.0
2284,Chinook-H-LFR-2,0.00011499999999999999,250,2011-04-09,49.2422,-122.5355,136.0,48.0
2285,Chinook-H-LFR-2,0.0144,3000,2011-06-19,49.2422,-122.5355,136.0,48.0
2286,Chinook-H-LFR-2,0.3528,73500,2011-06-20,49.2422,-122.5355,136.0,48.0
2287,Chinook-H-LFR-2,0.25064000000000003,48200,2011-06-28,49.225,-122.805,130.0,42.0
2288,Chinook-H-LFR-2,0.268947,49805,2012-06-17,49.2422,-122.5355,136.0,48.0
2289,Chinook-H-LFR-2,0.001364,620,2013-05-01,49.2422,-122.5355,136.0,48.0
2290,Chinook-H-LFR-2,0.02193,5100,2013-06-13,49.2422,-122.5355,136.0,48.0
2291,Chinook-H-LFR-2,0.3895,77900,2013-06-28,49.2422,-122.5355,136.0,48.0
2292,Chinook-H-LFR-2,0.25,50000,2013-06-27,49.225,-122.805,130.0,42.0
2293,Chinook-H-LFR-2,0.141996,47332,2014-05-18,49.2422,-122.5355,136.0,48.0
2294,Chinook-H-LFR-2,0.13839,23065,2014-06-11,49.2422,-122.5355,136.0,48.0
2295,Chinook-H-LFR-2,0.3592607,53621,2014-06-17,49.225,-122.805,130.0,42.0
2296,Chinook-H-LFR-2,0.28164,70410,2015-06-02,49.2422,-122.5355,136.0,48.0
2297,Chinook-H-LFR-2,0.012542399999999999,2412,2015-06-21,49.2422,-122.5355,136.0,48.0
2298,Chinook-H-LFR-2,0.192104,48026,2015-06-16,49.225,-122.805,130.0,42.0
2712,Chinook-H-LFR-2,0.884,136000,1991-07-17,49.4392,-123.7233,89.0,33.0
2714,Chinook-H-LFR-2,0.54435,95000,1992-06-26,49.4392,-123.7233,89.0,33.0
2715,Chinook-H-LFR-2,0.24525,54500,1993-05-17,49.4392,-123.7233,89.0,33.0
2716,Chinook-H-LFR-2,1.05,210000,1994-05-25,49.4392,-123.7233,89.0,33.0
2718,Chinook-H-LFR-2,0.055,11000,1994-05-25,49.4392,-123.7233,89.0,33.0
2719,Chinook-H-LFR-2,0.36,60000,1995-06-15,49.4392,-123.7233,89.0,33.0
2720,Chinook-H-LFR-2,0.10800000000000001,18000,1996-05-15,49.4392,-123.7233,89.0,33.0
2721,Chinook-H-LFR-2,0.16,20000,1996-06-15,49.5269,-123.9514,78.0,30.0
2722,Chinook-H-LFR-2,0.495,99000,1997-05-17,49.4392,-123.7233,89.0,33.0
2723,Chinook-H-LFR-2,0.08,16000,1997-05-22,49.5269,-123.9514,78.0,30.0
2724,Chinook-H-LFR-2,0.0441,9000,1998-05-15,49.4392,-123.7233,89.0,33.0
2725,Chinook-H-LFR-2,0.24,50000,1998-05-15,49.4392,-123.7233,89.0,33.0
2726,Chinook-H-LFR-2,0.724759,147910,1999-05-07,49.4392,-123.7233,89.0,33.0
2727,Chinook-H-LFR-2,1.03025,158500,2000-06-30,49.4392,-123.7233,89.0,33.0
2728,Chinook-H-LFR-2,0.45,150000,2001-05-15,49.4392,-123.7233,89.0,33.0
2729,Chinook-H-LFR-2,0.987,141000,2002-05-06,49.4392,-123.7233,89.0,33.0
2730,Chinook-H-LFR-2,0.78,130000,2003-05-15,49.4392,-123.7233,89.0,33.0
2731,Chinook-H-LFR-2,1.05,150000,2004-05-11,49.4392,-123.7233,89.0,33.0
2732,Chinook-H-LFR-2,0.63,90000,2005-05-15,49.4392,-123.7233,89.0,33.0
2733,Chinook-H-LFR-2,0.615,123000,2006-06-01,49.4392,-123.7233,89.0,33.0
2734,Chinook-H-LFR-2,0.611,94000,2007-05-15,49.4392,-123.7233,89.0,33.0
2735,Chinook-H-LFR-2,0.63,105000,2008-05-15,49.4392,-123.7233,89.0,33.0
2736,Chinook-H-LFR-2,0.05892000000000001,9820,2008-05-15,49.4392,-123.7233,89.0,33.0
2737,Chinook-H-LFR-2,0.6,100000,2009-05-15,49.4392,-123.7233,89.0,33.0
2738,Chinook-H-LFR-2,0.672,96000,2010-05-15,49.4392,-123.7233,89.0,33.0
2739,Chinook-H-LFR-2,0.5907662978142089,99500,2011-05-15,49.4392,-123.7233,89.0,33.0
2740,Chinook-H-LFR-2,0.270575,54115,2012-05-04,49.4392,-123.7233,89.0,33.0
2741,Chinook-H-LFR-2,0.193848,40385,2012-05-11,49.4392,-123.7233,89.0,33.0
2742,Chinook-H-LFR-2,0.4161456000000001,57798,2013-04-30,49.4392,-123.7233,89.0,33.0
2743,Chinook-H-LFR-2,0.3214,64280,2015-06-02,49.4392,-123.7233,89.0,33.0
3783,Chinook-H-LFR-2,0.06630035,10441,1984-04-18,49.0298,-122.7113,137.0,37.0
3784,Chinook-H-LFR-2,0.018588,4647,1986-04-09,49.0298,-122.7113,137.0,37.0
3785,Chinook-H-LFR-2,0.01788,4470,1986-04-09,49.0581,-122.8694,134.0,38.0
3786,Chinook-H-LFR-2,0.0836475,14675,1987-05-09,49.0298,-122.7113,137.0,37.0
3787,Chinook-H-LFR-2,0.01316,470,1988-05-16,49.0298,-122.7113,137.0,37.0
3788,Chinook-H-LFR-2,0.01856,3712,1987-04-18,49.0581,-122.8694,134.0,38.0
3789,Chinook-H-LFR-2,0.24273899999999998,34677,1989-04-21,49.0298,-122.7113,137.0,37.0
3790,Chinook-H-LFR-2,0.13233879999999998,30077,1990-04-16,49.0298,-122.7113,137.0,37.0
3791,Chinook-H-LFR-2,0.006879730000000001,2431,1991-05-06,49.0298,-122.7113,137.0,37.0
3792,Chinook-H-LFR-2,0.2204616,37880,1991-05-06,49.0298,-122.7113,137.0,37.0
3793,Chinook-H-LFR-2,0.06664959999999999,8128,1992-05-19,49.0298,-122.7113,137.0,37.0
3794,Chinook-H-LFR-2,0.225,45000,1993-05-15,49.0298,-122.7113,137.0,37.0
3795,Chinook-H-LFR-2,0.09169189999999999,15541,1994-05-07,49.0298,-122.7113,137.0,37.0
3796,Chinook-H-LFR-2,0.1425594,26898,1995-05-14,49.0298,-122.7113,137.0,37.0
3797,Chinook-H-LFR-2,0.15685079999999998,34098,1996-04-17,49.0298,-122.7113,137.0,37.0
3798,Chinook-H-LFR-2,0.15798800000000002,39497,1997-05-07,49.0298,-122.7113,137.0,37.0
3799,Chinook-H-LFR-2,0.2526085,42815,1998-04-11,49.0298,-122.7113,137.0,37.0
3800,Chinook-H-LFR-2,0.23062510000000003,39089,1999-04-10,49.0298,-122.7113,137.0,37.0
3801,Chinook-H-LFR-2,0.11196500000000001,22393,2000-04-15,49.0298,-122.7113,137.0,37.0
3802,Chinook-H-LFR-2,0.2128,56000,2001-05-15,49.0298,-122.7113,137.0,37.0
3803,Chinook-H-LFR-2,0.175,50000,2002-05-15,49.0298,-122.7113,137.0,37.0
3804,Chinook-H-LFR-2,0.225,45000,2003-04-15,49.0298,-122.7113,137.0,37.0
3805,Chinook-H-LFR-2,0.17,34000,2004-05-31,49.0298,-122.7113,137.0,37.0
3806,Chinook-H-LFR-2,0.007112,1016,2005-04-23,49.0298,-122.7113,137.0,37.0
3807,Chinook-H-LFR-2,0.07,20000,2005-04-28,49.0298,-122.7113,137.0,37.0
3808,Chinook-H-LFR-2,0.16899999999999998,33800,2006-05-15,49.0298,-122.7113,137.0,37.0
3809,Chinook-H-LFR-2,0.25,50000,2007-05-15,49.0298,-122.7113,137.0,37.0
3810,Chinook-H-LFR-2,0.165,33000,2008-05-15,49.0298,-122.7113,137.0,37.0
3811,Chinook-H-LFR-2,0.215536,53884,2009-05-15,49.0298,-122.7113,137.0,37.0
3812,Chinook-H-LFR-2,0.24388,48776,2010-04-10,49.0298,-122.7113,137.0,37.0
3813,Chinook-H-LFR-2,0.26658239999999994,55538,2011-04-17,49.0298,-122.7113,137.0,37.0
3814,Chinook-H-LFR-2,0.167245,26975,2012-04-15,49.0298,-122.7113,137.0,37.0
3815,Chinook-H-LFR-2,0.2158,26975,2013-04-21,49.0298,-122.7113,137.0,37.0
3816,Chinook-H-LFR-2,0.014325999999999998,2755,2014-05-10,49.0298,-122.7113,137.0,37.0
3817,Chinook-H-LFR-2,0.1853526,32518,2015-04-26,49.0298,-122.7113,137.0,37.0
4042,Chinook-H-LFR-2,0.0075,10000,1985-04-15,49.0581,-122.8694,134.0,38.0
4043,Chinook-H-LFR-2,0.016,4000,1994-05-15,49.0581,-122.8694,134.0,38.0
4044,Chinook-H-LFR-2,0.165,33000,1995-04-30,49.0581,-122.8694,134.0,38.0
4045,Chinook-H-LFR-2,0.115,23000,1997-06-01,49.0581,-122.8694,134.0,38.0
4046,Chinook-H-LFR-2,0.035,7000,1998-05-15,49.0958,-122.6861,134.0,38.0
4047,Chinook-H-LFR-2,0.035,7000,1998-05-15,49.1003,-122.6436,134.0,38.0
4048,Chinook-H-LFR-2,0.155,31000,1998-05-15,49.0581,-122.8694,134.0,38.0
4049,Chinook-H-LFR-2,0.225,50000,1999-04-01,49.0581,-122.8694,134.0,38.0
4050,Chinook-H-LFR-2,0.10800000000000001,54000,2000-04-15,49.0581,-122.8694,134.0,38.0
4051,Chinook-H-LFR-2,0.0525,21000,2001-04-15,49.0581,-122.8694,134.0,38.0
4052,Chinook-H-LFR-2,0.24,60000,2002-06-15,49.0581,-122.8694,134.0,38.0
4053,Chinook-H-LFR-2,0.2115,47000,2003-05-15,49.0581,-122.8694,134.0,38.0
4054,Chinook-H-LFR-2,0.25,50000,2004-05-15,49.0581,-122.8694,134.0,38.0
4055,Chinook-H-LFR-2,0.26,52000,2005-05-15,49.0581,-122.8694,134.0,38.0
4056,Chinook-H-LFR-2,0.21,42000,2006-05-15,49.0581,-122.8694,134.0,38.0
4057,Chinook-H-LFR-2,0.2,40000,2007-05-15,49.0581,-122.8694,134.0,38.0
4058,Chinook-H-LFR-2,0.125,25000,2008-05-15,49.0581,-122.8694,134.0,38.0
4059,Chinook-H-LFR-2,0.25503000000000003,51006,2009-05-15,49.0581,-122.8694,134.0,38.0
4060,Chinook-H-LFR-2,0.04,10000,2010-05-30,49.0581,-122.8694,134.0,38.0
4061,Chinook-H-LFR-2,0.024,3000,2010-05-21,49.1076,-122.3413,136.0,48.0
4062,Chinook-H-LFR-2,0.1096,13700,2010-06-04,49.1003,-122.6436,134.0,38.0
4063,Chinook-H-LFR-2,0.159,26500,2010-04-24,49.0581,-122.8694,134.0,38.0
4064,Chinook-H-LFR-2,0.135018,22503,2011-04-24,49.0581,-122.8694,134.0,38.0
4065,Chinook-H-LFR-2,0.19358499999999998,38717,2012-04-30,49.0581,-122.8694,134.0,38.0
4066,Chinook-H-LFR-2,0.281645,43330,2013-05-03,49.0581,-122.8694,134.0,38.0
4067,Chinook-H-LFR-2,0.1128414,16842,2014-04-26,49.0581,-122.8694,134.0,38.0
4068,Chinook-H-LFR-2,0.21701965,49435,2015-04-25,49.0581,-122.8694,134.0,38.0
4069,Chinook-H-LFR-2,0.126,18000,1996-03-28,49.0581,-122.8694,134.0,38.0
4070,Chinook-H-LFR-2,0.075,15000,1997-06-01,49.0581,-122.8694,134.0,38.0
4071,Chinook-H-LFR-2,0.135,27000,1998-05-05,49.0972,-121.9639,136.0,48.0
4422,Chinook-H-LFR-2,0.09525,6350,1996-04-28,50.3061,-122.6056,136.0,48.0
4423,Chinook-H-LFR-2,0.0333982,9823,1995-07-13,50.3061,-122.6056,136.0,48.0
4424,Chinook-H-LFR-2,0.5304,40800,1997-03-15,50.3061,-122.6056,136.0,48.0
4425,Chinook-H-LFR-2,0.0264,8000,1996-06-24,50.3061,-122.6056,136.0,48.0
4426,Chinook-H-LFR-2,0.1984,62000,1997-06-23,50.3061,-122.6056,136.0,48.0
4427,Chinook-H-LFR-2,0.26,65000,1998-06-24,50.3061,-122.6056,136.0,48.0
4428,Chinook-H-LFR-2,0.15,50000,1999-05-15,50.3061,-122.6056,136.0,48.0
4429,Chinook-H-LFR-2,0.184,46000,2000-06-26,50.3061,-122.6056,136.0,48.0
4430,Chinook-H-LFR-2,0.2,50000,2001-05-15,50.3061,-122.6056,136.0,48.0
4431,Chinook-H-LFR-2,0.1935,64500,2002-06-15,50.3061,-122.6056,136.0,48.0
4432,Chinook-H-LFR-2,0.2184,78000,2003-05-15,50.3061,-122.6056,136.0,48.0
4433,Chinook-H-LFR-2,0.024,8000,2004-05-31,50.3061,-122.6056,136.0,48.0
4489,Chinook-H-LFR-2,0.0225,5000,1989-05-15,49.0833,-122.85,134.0,38.0
4490,Chinook-H-LFR-2,0.16255680000000006,27552,1990-06-01,49.0833,-122.85,134.0,38.0
4491,Chinook-H-LFR-2,0.1475136,28368,1991-05-26,49.0833,-122.85,134.0,38.0
4492,Chinook-H-LFR-2,0.1610625,21475,1992-04-22,49.0833,-122.85,134.0,38.0
4493,Chinook-H-LFR-2,0.312,39000,1993-05-15,49.0833,-122.85,134.0,38.0
4494,Chinook-H-LFR-2,0.116808,14601,1994-05-03,49.0833,-122.85,134.0,38.0
4495,Chinook-H-LFR-2,0.225,45000,1995-05-03,49.0833,-122.85,134.0,38.0
4496,Chinook-H-LFR-2,0.27,45000,1996-05-15,49.0833,-122.85,134.0,38.0
4497,Chinook-H-LFR-2,0.115,23000,1997-05-15,49.0833,-122.85,134.0,38.0
4498,Chinook-H-LFR-2,0.315,70000,1998-05-31,49.0833,-122.85,134.0,38.0
4499,Chinook-H-LFR-2,0.45,75000,1999-05-03,49.0833,-122.85,134.0,38.0
4500,Chinook-H-LFR-2,0.4,80000,2000-05-15,49.0833,-122.85,134.0,38.0
4501,Chinook-H-LFR-2,0.27,90000,2001-05-15,49.0833,-122.85,134.0,38.0
4502,Chinook-H-LFR-2,0.4,80000,2002-06-15,49.0833,-122.85,134.0,38.0
4503,Chinook-H-LFR-2,0.35,100000,2003-05-15,49.0833,-122.85,134.0,38.0
4504,Chinook-H-LFR-2,0.28,70000,2004-05-31,49.0833,-122.85,134.0,38.0
4505,Chinook-H-LFR-2,0.5,100000,2005-05-15,49.0833,-122.85,134.0,38.0
4506,Chinook-H-LFR-2,0.25,50000,2006-05-15,49.0833,-122.85,134.0,38.0
4507,Chinook-H-LFR-2,0.38,95000,2008-05-15,49.0833,-122.85,134.0,38.0
4508,Chinook-H-LFR-2,0.32,80000,2009-05-15,49.0833,-122.85,134.0,38.0
4509,Chinook-H-LFR-2,0.4,100000,2010-05-15,49.0833,-122.85,134.0,38.0
4510,Chinook-H-LFR-2,0.656454,109409,2011-04-22,49.0833,-122.85,134.0,38.0
4511,Chinook-H-LFR-2,1.0753134090163958,181110,2012-06-15,49.0833,-122.85,134.0,38.0
4512,Chinook-H-LFR-2,0.43137,86274,2013-04-17,49.0833,-122.85,134.0,38.0
4513,Chinook-H-LFR-2,0.45951000000000003,86700,2014-06-15,49.0833,-122.85,134.0,38.0
4514,Chinook-H-LFR-2,0.21886,54715,2015-05-15,49.0833,-122.85,134.0,38.0
4631,Chinook-H-LFR-2,0.29128589,55909,1969-08-11,49.3214,-123.1394,115.0,41.0
4633,Chinook-H-LFR-2,0.464616,64800,1970-07-09,49.3214,-123.1394,115.0,41.0
4637,Chinook-H-LFR-2,0.5894077,111209,1971-08-13,49.3214,-123.1394,115.0,41.0
5743,Chinook-H-LFR-2,0.0407975,16319,1978-07-19,50.3061,-122.6056,136.0,48.0
5744,Chinook-H-LFR-2,0.0324075,12963,1979-07-16,50.3061,-122.6056,136.0,48.0
5745,Chinook-H-LFR-2,0.5665880999999999,14417,1981-04-21,50.3061,-122.6056,136.0,48.0
5746,Chinook-H-LFR-2,0.1227996,34111,1980-04-21,50.3061,-122.6056,136.0,48.0
5747,Chinook-H-LFR-2,0.2244803,72413,1981-04-21,50.3061,-122.6056,136.0,48.0
5748,Chinook-H-LFR-2,0.4360038000000001,9754,1982-04-22,50.3061,-122.6056,136.0,48.0
5749,Chinook-H-LFR-2,0.036282200000000014,9806,1982-08-16,50.3061,-122.6056,136.0,48.0
5750,Chinook-H-LFR-2,0.08488960000000001,26528,1982-04-22,50.3061,-122.6056,136.0,48.0
5751,Chinook-H-LFR-2,0.0618254,44161,1983-04-09,50.3061,-122.6056,136.0,48.0
5752,Chinook-H-LFR-2,0.0942282,42831,1983-04-21,50.3061,-122.6056,136.0,48.0
5753,Chinook-H-LFR-2,0.1022245,29207,1983-05-23,50.3061,-122.6056,136.0,48.0
5754,Chinook-H-LFR-2,0.025336,25336,1983-05-16,50.3061,-122.6056,136.0,48.0
5755,Chinook-H-LFR-2,0.5077313999999999,153858,1984-04-22,50.3061,-122.6056,136.0,48.0
5756,Chinook-H-LFR-2,0.1012004,43064,1984-04-22,50.3061,-122.6056,136.0,48.0
5757,Chinook-H-LFR-2,0.13328510000000002,36023,1985-04-17,50.3061,-122.6056,136.0,48.0
5758,Chinook-H-LFR-2,0.14721199999999998,36803,1985-05-15,50.3061,-122.6056,136.0,48.0
5759,Chinook-H-LFR-2,0.1675938,25014,1985-04-17,50.3061,-122.6056,136.0,48.0
5760,Chinook-H-LFR-2,0.13413239999999998,18126,1985-05-15,50.3061,-122.6056,136.0,48.0
5761,Chinook-H-LFR-2,0.1726947,63961,1986-05-15,50.3061,-122.6056,136.0,48.0
5762,Chinook-H-LFR-2,0.25660259999999996,45018,1986-05-15,50.3061,-122.6056,136.0,48.0
5763,Chinook-H-LFR-2,0.2475,49500,1987-04-21,50.3061,-122.6056,136.0,48.0
5764,Chinook-H-LFR-2,0.247,123500,1987-04-21,50.3061,-122.6056,136.0,48.0
5765,Chinook-H-LFR-2,0.4889881999999999,40081,1988-05-12,50.3061,-122.6056,136.0,48.0
5766,Chinook-H-LFR-2,0.49708019999999997,44782,1988-05-09,50.3061,-122.6056,136.0,48.0
5767,Chinook-H-LFR-2,1.0381200000000002,86510,1989-05-13,50.3061,-122.6056,136.0,48.0
5768,Chinook-H-LFR-2,0.17380379999999998,23487,1989-10-13,50.3061,-122.6056,136.0,48.0
5769,Chinook-H-LFR-2,0.17737060000000002,23969,1989-10-13,50.3061,-122.6056,136.0,48.0
5770,Chinook-H-LFR-2,0.1751654,23671,1989-10-13,50.3061,-122.6056,136.0,48.0
5771,Chinook-H-LFR-2,0.42912,28608,1990-06-12,50.3061,-122.6056,136.0,48.0
5772,Chinook-H-LFR-2,0.47006850000000006,28489,1990-06-09,50.3061,-122.6056,136.0,48.0
5773,Chinook-H-LFR-2,0.119826,33285,1990-07-09,50.3061,-122.6056,136.0,48.0
5774,Chinook-H-LFR-2,0.12823859999999998,33747,1990-07-09,50.3061,-122.6056,136.0,48.0
5775,Chinook-H-LFR-2,0.17695999999999998,44240,1991-07-03,50.3061,-122.6056,136.0,48.0
5776,Chinook-H-LFR-2,0.46566359999999996,43117,1991-07-09,50.3061,-122.6056,136.0,48.0
5793,Chinook-H-LFR-2,1.7245649999999997,338150,1972-07-17,49.3214,-123.1394,115.0,41.0
5794,Chinook-H-LFR-2,0.2937843,61590,1972-07-28,49.2189,-121.9451,136.0,48.0
5795,Chinook-H-LFR-2,0.500328,104235,1972-07-28,49.2189,-121.9451,136.0,48.0
5796,Chinook-H-LFR-2,1.59648378,298967,1973-06-13,49.3214,-123.1394,115.0,41.0
5797,Chinook-H-LFR-2,1.49524452,298452,1974-06-13,49.3214,-123.1394,115.0,41.0
5798,Chinook-H-LFR-2,2.55586844,435412,1976-06-16,49.3214,-123.1394,115.0,41.0
5799,Chinook-H-LFR-2,0.251517,47908,1976-06-16,49.3214,-123.1394,115.0,41.0
5800,Chinook-H-LFR-2,4.8156302,769270,1977-06-10,49.3214,-123.1394,115.0,41.0
5801,Chinook-H-LFR-2,1.2824488799999998,415032,1977-06-18,49.3214,-123.1394,115.0,41.0
5802,Chinook-H-LFR-2,1.39112874,173674,1978-06-09,49.3214,-123.1394,115.0,41.0
5803,Chinook-H-LFR-2,1.4586413800000002,214822,1978-06-09,49.3214,-123.1394,115.0,41.0
5804,Chinook-H-LFR-2,1.77026452,222116,1978-06-09,49.3214,-123.1394,115.0,41.0
5805,Chinook-H-LFR-2,2.4320478100000003,477809,1978-06-17,49.3214,-123.1394,115.0,41.0
5806,Chinook-H-LFR-2,1.1064254,190763,1979-06-11,49.3214,-123.1394,115.0,41.0
5807,Chinook-H-LFR-2,0.75448326,141289,1979-05-13,49.3214,-123.1394,115.0,41.0
5808,Chinook-H-LFR-2,0.73954194,138491,1979-05-13,49.3214,-123.1394,115.0,41.0
5809,Chinook-H-LFR-2,2.2659792000000003,398940,1980-06-10,49.3214,-123.1394,115.0,41.0
5810,Chinook-H-LFR-2,2.04261,340435,1980-06-10,49.3214,-123.1394,115.0,41.0
5811,Chinook-H-LFR-2,1.2975492999999998,212713,1980-06-10,49.3214,-123.1394,115.0,41.0
5812,Chinook-H-LFR-2,1.82312392,403346,1980-06-14,49.3214,-123.1394,115.0,41.0
5813,Chinook-H-LFR-2,1.19846,193300,1980-06-15,49.4708,-122.8831,115.0,41.0
5814,Chinook-H-LFR-2,0.6117533,103687,1981-05-18,49.3214,-123.1394,115.0,41.0
5815,Chinook-H-LFR-2,1.3939575999999998,33752,1982-04-14,49.3214,-123.1394,115.0,41.0
5816,Chinook-H-LFR-2,1.3501932,177657,1981-05-18,49.3214,-123.1394,115.0,41.0
5817,Chinook-H-LFR-2,1.525814,200765,1981-05-18,49.3214,-123.1394,115.0,41.0
5818,Chinook-H-LFR-2,2.0884572,366396,1981-06-16,49.3214,-123.1394,115.0,41.0
5819,Chinook-H-LFR-2,0.6803796999999999,88361,1981-05-18,49.3214,-123.1394,115.0,41.0
5820,Chinook-H-LFR-2,0.6380066,82858,1981-05-18,49.3214,-123.1394,115.0,41.0
5821,Chinook-H-LFR-2,1.078389,138255,1981-05-18,49.3214,-123.1394,115.0,41.0
5822,Chinook-H-LFR-2,1.0456290000000001,134055,1981-05-18,49.3214,-123.1394,115.0,41.0
5823,Chinook-H-LFR-2,0.2892825,192855,1981-04-15,49.4708,-122.8831,115.0,41.0
5824,Chinook-H-LFR-2,1.287915,338925,1982-05-14,49.3214,-123.1394,115.0,41.0
5825,Chinook-H-LFR-2,1.31852629,337219,1982-05-21,49.3214,-123.1394,115.0,41.0
5826,Chinook-H-LFR-2,1.6793155999999998,316852,1982-06-13,49.3214,-123.1394,115.0,41.0
5827,Chinook-H-LFR-2,0.0233233,2563,1982-10-17,49.3214,-123.1394,115.0,41.0
5828,Chinook-H-LFR-2,1.4570169999999998,177685,1983-06-11,49.3214,-123.1394,115.0,41.0
5829,Chinook-H-LFR-2,1.1031600000000001,147088,1983-06-11,49.3214,-123.1394,115.0,41.0
5830,Chinook-H-LFR-2,1.1860111999999998,150128,1983-06-11,49.3214,-123.1394,115.0,41.0
5831,Chinook-H-LFR-2,1.231695,164226,1983-06-12,49.3214,-123.1394,115.0,41.0
5832,Chinook-H-LFR-2,1.5393317999999998,158694,1983-06-12,49.3214,-123.1394,115.0,41.0
5833,Chinook-H-LFR-2,0.902539,164098,1984-05-22,49.3214,-123.1394,115.0,41.0
5834,Chinook-H-LFR-2,1.1792398000000002,193318,1984-06-13,49.3214,-123.1394,115.0,41.0
5835,Chinook-H-LFR-2,1.159234,141370,1984-05-22,49.3214,-123.1394,115.0,41.0
5836,Chinook-H-LFR-2,1.2278108,198034,1984-05-22,49.3214,-123.1394,115.0,41.0
5837,Chinook-H-LFR-2,2.7428023,637861,1984-06-15,49.3214,-123.1394,115.0,41.0
5838,Chinook-H-LFR-2,1.0789619,176879,1984-06-13,49.3214,-123.1394,115.0,41.0
5839,Chinook-H-LFR-2,0.5516335,100297,1984-06-13,49.3214,-123.1394,115.0,41.0
5840,Chinook-H-LFR-2,0.5107349,108667,1985-05-12,49.3214,-123.1394,115.0,41.0
5841,Chinook-H-LFR-2,0.440589,83130,1985-05-12,49.3214,-123.1394,115.0,41.0
5842,Chinook-H-LFR-2,0.279696,69924,1985-05-08,49.3214,-123.1394,115.0,41.0
5843,Chinook-H-LFR-2,0.4578458,86386,1985-05-17,49.3214,-123.1394,115.0,41.0
5844,Chinook-H-LFR-2,0.5061952000000001,90392,1985-05-17,49.3214,-123.1394,115.0,41.0
5845,Chinook-H-LFR-2,0.27864040000000007,89884,1985-05-17,49.3214,-123.1394,115.0,41.0
5846,Chinook-H-LFR-2,0.19136,73600,1985-05-17,49.3214,-123.1394,115.0,41.0
5847,Chinook-H-LFR-2,0.3979537,84671,1985-05-08,49.3214,-123.1394,115.0,41.0
5848,Chinook-H-LFR-2,0.5227425,82975,1985-05-22,49.3214,-123.1394,115.0,41.0
5849,Chinook-H-LFR-2,0.5836974,88439,1985-05-22,49.3214,-123.1394,115.0,41.0
5850,Chinook-H-LFR-2,0.533449,152414,1985-05-22,49.3214,-123.1394,115.0,41.0
5851,Chinook-H-LFR-2,0.20871900000000002,59634,1985-05-22,49.3214,-123.1394,115.0,41.0
5852,Chinook-H-LFR-2,0.30278449999999996,70415,1985-06-12,49.3214,-123.1394,115.0,41.0
5853,Chinook-H-LFR-2,0.3797115,88305,1985-06-12,49.3214,-123.1394,115.0,41.0
5854,Chinook-H-LFR-2,0.4277683,80711,1985-06-17,49.3214,-123.1394,115.0,41.0
5855,Chinook-H-LFR-2,0.6271310999999999,110023,1985-06-17,49.3214,-123.1394,115.0,41.0
5856,Chinook-H-LFR-2,0.6811332,56292,1985-10-21,49.3214,-123.1394,115.0,41.0
5857,Chinook-H-LFR-2,0.5615808000000001,63816,1985-10-21,49.3214,-123.1394,115.0,41.0
5858,Chinook-H-LFR-2,0.4720125,62935,1985-10-21,49.3214,-123.1394,115.0,41.0
5859,Chinook-H-LFR-2,0.8074066,44363,1986-05-10,49.3214,-123.1394,115.0,41.0
5860,Chinook-H-LFR-2,1.2024418,84679,1986-05-10,49.3214,-123.1394,115.0,41.0
5861,Chinook-H-LFR-2,1.4629163,111673,1986-05-10,49.3214,-123.1394,115.0,41.0
5862,Chinook-H-LFR-2,2.0392851999999997,268327,1986-06-18,49.3214,-123.1394,115.0,41.0
5863,Chinook-H-LFR-2,0.6867587999999999,88046,1986-06-18,49.3214,-123.1394,115.0,41.0
5864,Chinook-H-LFR-2,2.1841275,291217,1986-06-18,49.3214,-123.1394,115.0,41.0
5865,Chinook-H-LFR-2,1.9379145,203991,1986-06-15,49.3214,-123.1394,115.0,41.0
5866,Chinook-H-LFR-2,1.1172224000000002,150976,1986-06-15,49.3214,-123.1394,115.0,41.0
5867,Chinook-H-LFR-2,1.702362,179196,1986-06-15,49.3214,-123.1394,115.0,41.0
5868,Chinook-H-LFR-2,0.3950385,41583,1986-06-15,49.3214,-123.1394,115.0,41.0
5869,Chinook-H-LFR-2,3.8244538,570814,1987-05-20,49.3214,-123.1394,115.0,41.0
5870,Chinook-H-LFR-2,1.968186,298210,1987-05-20,49.3214,-123.1394,115.0,41.0
5871,Chinook-H-LFR-2,2.8924803,545751,1987-06-09,49.3214,-123.1394,115.0,41.0
5872,Chinook-H-LFR-2,1.022985,204597,1987-06-09,49.3214,-123.1394,115.0,41.0
5873,Chinook-H-LFR-2,0.909168,146640,1987-06-18,49.3214,-123.1394,115.0,41.0
5874,Chinook-H-LFR-2,0.4695206,99898,1987-05-11,49.3289,-122.947,115.0,41.0
5875,Chinook-H-LFR-2,0.6897654000000001,99966,1987-06-01,49.3289,-122.947,115.0,41.0
5876,Chinook-H-LFR-2,0.8080478999999999,99759,1987-06-22,49.3289,-122.947,115.0,41.0
5877,Chinook-H-LFR-2,2.92398986,435766,1988-05-19,49.3214,-123.1394,115.0,41.0
5878,Chinook-H-LFR-2,2.85968122,426182,1988-05-19,49.3214,-123.1394,115.0,41.0
5879,Chinook-H-LFR-2,0.7682157,121939,1988-06-11,49.3214,-123.1394,115.0,41.0
5880,Chinook-H-LFR-2,0.6233375199999999,129592,1988-05-11,49.3289,-122.947,115.0,41.0
5881,Chinook-H-LFR-2,0.62733944,130424,1988-05-11,49.3289,-122.947,115.0,41.0
5882,Chinook-H-LFR-2,0.72808102,127958,1988-05-31,49.3289,-122.947,115.0,41.0
5883,Chinook-H-LFR-2,0.72540103,127487,1988-05-31,49.3289,-122.947,115.0,41.0
5884,Chinook-H-LFR-2,1.07706456,125532,1988-06-20,49.3289,-122.947,115.0,41.0
5885,Chinook-H-LFR-2,1.08639102,126619,1988-06-20,49.3289,-122.947,115.0,41.0
5886,Chinook-H-LFR-2,1.72156509,303627,1988-06-06,49.387,-122.8781,115.0,41.0
5887,Chinook-H-LFR-2,2.09202588,368964,1988-06-06,49.387,-122.8781,115.0,41.0
5888,Chinook-H-LFR-2,3.3276800000000004,415960,1989-05-19,49.3214,-123.1394,115.0,41.0
5901,Chinook-H-LFR-2,1.3459257000000002,228123,1990-05-29,49.3214,-123.1394,115.0,41.0
5902,Chinook-H-LFR-2,1.2711228,223004,1990-05-24,49.3214,-123.1394,115.0,41.0
5919,Chinook-H-LFR-2,0.6141555000000001,97485,1991-05-21,49.3214,-123.1394,115.0,41.0
5929,Chinook-H-LFR-2,0.23985320000000002,41354,1991-05-21,49.3214,-123.1394,115.0,41.0
5930,Chinook-H-LFR-2,0.24884320000000001,42904,1991-05-21,49.3214,-123.1394,115.0,41.0
5931,Chinook-H-LFR-2,0.4084592,70424,1991-05-22,49.3214,-123.1394,115.0,41.0
5932,Chinook-H-LFR-2,0.4037148,69606,1991-05-21,49.3214,-123.1394,115.0,41.0
5933,Chinook-H-LFR-2,0.074612,18653,1991-05-22,49.3214,-123.1394,115.0,41.0
5934,Chinook-H-LFR-2,0.0058126653825136725,979,1991-07-19,49.3214,-123.1394,115.0,41.0
5935,Chinook-H-LFR-2,1.59621774,215414,1992-05-21,49.3214,-123.1394,115.0,41.0
5936,Chinook-H-LFR-2,0.7097568000000001,139168,1992-05-07,49.3289,-122.947,115.0,41.0
5937,Chinook-H-LFR-2,0.28061248000000005,53552,1992-05-08,49.3394,-123.2289,115.0,41.0
5938,Chinook-H-LFR-2,0.433539,48171,1993-05-20,49.3214,-123.1394,115.0,41.0
5939,Chinook-H-LFR-2,0.43354799999999993,48172,1993-05-20,49.3214,-123.1394,115.0,41.0
5940,Chinook-H-LFR-2,0.58324,52075,1993-05-25,49.2986,-123.0853,115.0,41.0
5941,Chinook-H-LFR-2,1.97542354,186713,1993-05-20,49.3214,-123.1394,115.0,41.0
5942,Chinook-H-LFR-2,2.0171136,210116,1993-05-20,49.3214,-123.1394,115.0,41.0
5943,Chinook-H-LFR-2,0.58486021,48779,1993-05-25,49.3289,-122.947,115.0,41.0
5944,Chinook-H-LFR-2,0.17677440000000005,27621,1993-05-20,49.3214,-123.1394,115.0,41.0
5945,Chinook-H-LFR-2,0.17464960000000002,27289,1993-05-20,49.3214,-123.1394,115.0,41.0
5946,Chinook-H-LFR-2,0.25039179999999994,54433,1993-05-25,49.3289,-122.947,115.0,41.0
5947,Chinook-H-LFR-2,0.1001384,11644,1994-05-25,49.3214,-123.1394,115.0,41.0
5948,Chinook-H-LFR-2,3.3932753000000004,506459,1994-05-25,49.3214,-123.1394,115.0,41.0
5949,Chinook-H-LFR-2,1.0151612,118042,1995-05-19,49.3214,-123.1394,115.0,41.0
5950,Chinook-H-LFR-2,2.4399900000000003,348570,1995-05-19,49.3214,-123.1394,115.0,41.0
5951,Chinook-H-LFR-2,2.397816,282096,1996-05-18,49.3214,-123.1394,115.0,41.0
5952,Chinook-H-LFR-2,0.16932622,31241,1996-05-21,49.3214,-123.1394,115.0,41.0
5953,Chinook-H-LFR-2,0.19279620000000003,35703,1996-05-21,49.3214,-123.1394,115.0,41.0
5954,Chinook-H-LFR-2,0.1660239,29127,1997-05-21,49.3214,-123.1394,115.0,41.0
5955,Chinook-H-LFR-2,1.0572972,142878,1997-05-21,49.3214,-123.1394,115.0,41.0
5956,Chinook-H-LFR-2,0.32832,57600,1997-05-21,49.3214,-123.1394,115.0,41.0
5957,Chinook-H-LFR-2,0.32570370000000004,57141,1997-05-21,49.3214,-123.1394,115.0,41.0
5958,Chinook-H-LFR-2,1.151332,177128,1998-05-17,49.3214,-123.1394,115.0,41.0
5959,Chinook-H-LFR-2,1.1571648,180807,1998-05-17,49.3214,-123.1394,115.0,41.0
5960,Chinook-H-LFR-2,0.7869628000000001,151339,1998-05-17,49.3214,-123.1394,115.0,41.0
5961,Chinook-H-LFR-2,0.4210164,66828,1998-05-17,49.3214,-123.1394,115.0,41.0
5962,Chinook-H-LFR-2,1.2722556,165228,1999-05-20,49.3214,-123.1394,115.0,41.0
5963,Chinook-H-LFR-2,1.0301634,163518,1999-05-20,49.3214,-123.1394,115.0,41.0
5964,Chinook-H-LFR-2,0.9173934000000001,145618,1999-05-20,49.3214,-123.1394,115.0,41.0
5965,Chinook-H-LFR-2,0.32484959999999996,42464,2000-05-22,49.3214,-123.1394,115.0,41.0
5966,Chinook-H-LFR-2,0.49246461,78543,2000-05-22,49.3214,-123.1394,115.0,41.0
5967,Chinook-H-LFR-2,0.4116685600000001,75122,2000-05-29,49.3214,-123.1394,115.0,41.0
5968,Chinook-H-LFR-2,0.41192064,75168,2000-05-29,49.3214,-123.1394,115.0,41.0
5969,Chinook-H-LFR-2,0.15488809,29729,2001-05-24,49.3214,-123.1394,115.0,41.0
5970,Chinook-H-LFR-2,1.6367892,287156,2001-05-24,49.3214,-123.1394,115.0,41.0
5971,Chinook-H-LFR-2,3.66459782,612809,2002-06-04,49.3214,-123.1394,115.0,41.0
5972,Chinook-H-LFR-2,3.92212576,483616,2003-05-26,49.3214,-123.1394,115.0,41.0
5973,Chinook-H-LFR-2,3.37579398,418833,2004-05-24,49.3214,-123.1394,115.0,41.0
5974,Chinook-H-LFR-2,4.3317304000000005,485620,2005-05-26,49.3214,-123.1394,115.0,41.0
5975,Chinook-H-LFR-2,2.55185851,320183,2006-05-23,49.3214,-123.1394,115.0,41.0
5976,Chinook-H-LFR-2,1.2666997,189910,2006-05-23,49.3214,-123.1394,115.0,41.0
5977,Chinook-H-LFR-2,0.46018896,49804,2006-05-23,49.3394,-123.2289,115.0,41.0
5978,Chinook-H-LFR-2,2.3014299,343497,2007-05-21,49.3214,-123.1394,115.0,41.0
5979,Chinook-H-LFR-2,0.6083661,88169,2007-06-04,49.3214,-123.1394,115.0,41.0
5980,Chinook-H-LFR-2,0.48352849999999997,53135,2007-05-22,49.3394,-123.2289,115.0,41.0
5981,Chinook-H-LFR-2,4.10914,587020,2008-05-20,49.3214,-123.1394,115.0,41.0
5982,Chinook-H-LFR-2,0.747555,99674,2008-05-21,49.3394,-123.2289,115.0,41.0
5983,Chinook-H-LFR-2,2.1075642,334534,2009-05-20,49.3214,-123.1394,115.0,41.0
5984,Chinook-H-LFR-2,1.473739,171365,2009-05-20,49.3394,-123.2289,115.0,41.0
5985,Chinook-H-LFR-2,3.448832,431104,2010-05-18,49.3214,-123.1394,115.0,41.0
5986,Chinook-H-LFR-2,1.0707802,101017,2010-05-20,49.3394,-123.2289,115.0,41.0
5987,Chinook-H-LFR-2,3.06915162,478061,2011-05-19,49.3214,-123.1394,115.0,41.0
5988,Chinook-H-LFR-2,0.6411589799999999,99869,2011-05-19,49.3394,-123.2289,115.0,41.0
5989,Chinook-H-LFR-2,3.63888038,467122,2012-05-17,49.3214,-123.1394,115.0,41.0
5990,Chinook-H-LFR-2,0.6479287200000001,99989,2012-05-03,49.3394,-123.2289,115.0,41.0
5991,Chinook-H-LFR-2,0.97951,99950,2013-06-05,49.31800000000001,-123.1394,115.0,41.0
5992,Chinook-H-LFR-2,0.0090101,90101,2012-12-12,49.3214,-123.1394,115.0,41.0
5993,Chinook-H-LFR-2,2.83621761,450909,2013-05-29,49.3214,-123.1394,115.0,41.0
5994,Chinook-H-LFR-2,2.358207,353025,2014-05-22,49.3214,-123.1394,115.0,41.0
5995,Chinook-H-LFR-2,0.75160861,95503,2014-05-22,49.3394,-123.2289,115.0,41.0
5996,Chinook-H-LFR-2,1.98246804,237706,2015-05-22,49.3214,-123.1394,115.0,41.0
5997,Chinook-H-LFR-2,1.4375936000000002,206848,2015-05-22,49.3214,-123.1394,115.0,41.0
5998,Chinook-H-LFR-2,0.5331699000000001,53910,2015-05-19,49.3394,-123.2289,115.0,41.0
5999,Chinook-H-LFR-2,0.43572373,44057,2015-05-19,49.3394,-123.2289,115.0,41.0
6000,Chinook-H-LFR-2,0.2533815,56307,2016-05-13,49.3394,-123.2289,115.0,41.0
6001,Chinook-H-LFR-2,0.234657,52146,2016-05-13,49.3394,-123.2289,115.0,41.0
6005,Chinook-H-LFR-2,0.6438403999999999,60172,1991-05-21,49.3289,-122.947,115.0,41.0
6006,Chinook-H-LFR-2,0.6415903199999999,60074,1991-05-21,49.3289,-122.947,115.0,41.0
6606,Chinook-H-LFR-2,0.9646415999999999,200967,1983-06-09,49.2697,-121.9358,136.0,48.0
6607,Chinook-H-LFR-2,1.3863706999999998,206921,1983-06-09,49.2697,-121.9358,136.0,48.0
6608,Chinook-H-LFR-2,0.49040600000000006,140116,1983-05-17,49.2697,-121.9358,136.0,48.0
6609,Chinook-H-LFR-2,0.5696292000000001,135626,1983-05-17,49.2697,-121.9358,136.0,48.0
6610,Chinook-H-LFR-2,0.2905423,100187,1984-06-08,49.2697,-121.9358,136.0,48.0
6611,Chinook-H-LFR-2,0.0490534,22297,1984-06-09,49.2697,-121.9358,136.0,48.0
6612,Chinook-H-LFR-2,0.071325,23775,1984-06-09,49.2697,-121.9358,136.0,48.0
6613,Chinook-H-LFR-2,0.205384,102692,1984-05-15,49.2697,-121.9358,136.0,48.0
6614,Chinook-H-LFR-2,3.4923819000000003,943887,1984-06-09,49.2697,-121.9358,136.0,48.0
6615,Chinook-H-LFR-2,1.6456479,421961,1984-06-19,49.2697,-121.9358,136.0,48.0
6616,Chinook-H-LFR-2,0.0880836,26692,1984-06-19,49.2697,-121.9358,136.0,48.0
6617,Chinook-H-LFR-2,0.2917228,78844,1985-06-20,49.2697,-121.9358,136.0,48.0
6618,Chinook-H-LFR-2,0.28544020000000003,77146,1985-06-20,49.2697,-121.9358,136.0,48.0
6619,Chinook-H-LFR-2,0.343612,85903,1985-06-18,49.2697,-121.9358,136.0,48.0
6620,Chinook-H-LFR-2,0.35556,88890,1985-06-18,49.2697,-121.9358,136.0,48.0
6621,Chinook-H-LFR-2,0.340636,85159,1985-06-18,49.2697,-121.9358,136.0,48.0
6622,Chinook-H-LFR-2,0.231477,8835,1986-04-22,49.2697,-121.9358,136.0,48.0
6623,Chinook-H-LFR-2,0.2558304,10152,1986-04-22,49.2697,-121.9358,136.0,48.0
6624,Chinook-H-LFR-2,0.007509599999999998,298,1986-04-22,49.2697,-121.9358,136.0,48.0
6625,Chinook-H-LFR-2,0.07617719999999999,26268,1986-06-08,49.2697,-121.9358,136.0,48.0
6626,Chinook-H-LFR-2,0.0700785,24165,1986-06-08,49.2697,-121.9358,136.0,48.0
6627,Chinook-H-LFR-2,0.4333634,114043,1986-06-12,49.2697,-121.9358,136.0,48.0
6628,Chinook-H-LFR-2,0.3937484,103618,1986-06-12,49.2697,-121.9358,136.0,48.0
6629,Chinook-H-LFR-2,0.1216642,25886,1986-06-17,49.2697,-121.9358,136.0,48.0
6630,Chinook-H-LFR-2,0.11940819999999999,25406,1986-06-17,49.2697,-121.9358,136.0,48.0
6631,Chinook-H-LFR-2,0.8424879999999999,19870,1987-03-22,49.2697,-121.9358,136.0,48.0
6632,Chinook-H-LFR-2,0.8697936,20514,1987-03-22,49.2697,-121.9358,136.0,48.0
6633,Chinook-H-LFR-2,0.1376082,25483,1986-06-20,49.2697,-121.9358,136.0,48.0
6634,Chinook-H-LFR-2,0.13614479999999998,25212,1986-06-20,49.2697,-121.9358,136.0,48.0
6635,Chinook-H-LFR-2,0.0309252,25771,1987-04-15,49.2697,-121.9358,136.0,48.0
6636,Chinook-H-LFR-2,0.031892399999999994,26577,1987-04-15,49.2697,-121.9358,136.0,48.0
6637,Chinook-H-LFR-2,0.08805489999999999,51797,1987-04-22,49.2697,-121.9358,136.0,48.0
6638,Chinook-H-LFR-2,0.0863192,50776,1987-04-22,49.2697,-121.9358,136.0,48.0
6639,Chinook-H-LFR-2,0.39328779999999997,106294,1987-05-22,49.2697,-121.9358,136.0,48.0
6640,Chinook-H-LFR-2,0.38948790000000005,105267,1987-05-22,49.2697,-121.9358,136.0,48.0
6641,Chinook-H-LFR-2,0.180698,90349,1987-05-15,49.2697,-121.9358,136.0,48.0
6642,Chinook-H-LFR-2,0.173048,86524,1987-05-15,49.2697,-121.9358,136.0,48.0
6643,Chinook-H-LFR-2,0.12682000000000002,74600,1988-04-15,49.2697,-121.9358,136.0,48.0
6644,Chinook-H-LFR-2,0.1861425,74457,1988-05-08,49.2697,-121.9358,136.0,48.0
6645,Chinook-H-LFR-2,0.22259099999999998,74197,1988-05-15,49.2697,-121.9358,136.0,48.0
6646,Chinook-H-LFR-2,4.302452,977830,1988-05-23,49.2697,-121.9358,136.0,48.0
6647,Chinook-H-LFR-2,0.8452879999999999,26920,1988-10-12,49.2697,-121.9358,136.0,48.0
6648,Chinook-H-LFR-2,0.28910420000000003,131411,1989-05-15,49.2697,-121.9358,136.0,48.0
6649,Chinook-H-LFR-2,0.29442820000000003,133831,1989-05-15,49.2697,-121.9358,136.0,48.0
6650,Chinook-H-LFR-2,0.16019840000000002,25031,1989-08-21,49.2697,-121.9358,136.0,48.0
6651,Chinook-H-LFR-2,0.08668300000000001,25495,1989-05-24,49.3289,-122.947,115.0,41.0
6652,Chinook-H-LFR-2,0.08668300000000001,25495,1989-05-24,49.3289,-122.947,115.0,41.0
6653,Chinook-H-LFR-2,0.29512266,213857,1990-04-22,49.2697,-121.9358,136.0,48.0
6654,Chinook-H-LFR-2,1.2633253400000002,799573,1990-04-22,49.2697,-121.9358,136.0,48.0
6655,Chinook-H-LFR-2,0.71987377,594937,1990-04-22,49.2697,-121.9358,136.0,48.0
6656,Chinook-H-LFR-2,1.5400639999999999,40528,1991-02-11,49.2697,-121.9358,136.0,48.0
6657,Chinook-H-LFR-2,0.4742388,18819,1992-04-11,49.2697,-121.9358,136.0,48.0
6658,Chinook-H-LFR-2,2.0349255,1197015,1991-04-26,49.2697,-121.9358,136.0,48.0
6659,Chinook-H-LFR-2,1.6256925,1083795,1991-05-08,49.2697,-121.9358,136.0,48.0
6660,Chinook-H-LFR-2,2.4097031,1047697,1992-04-18,49.2697,-121.9358,136.0,48.0
6661,Chinook-H-LFR-2,3.14416,1257664,1992-04-27,49.2697,-121.9358,136.0,48.0
6662,Chinook-H-LFR-2,0.5532,23050,1993-01-17,49.2697,-121.9358,136.0,48.0
6663,Chinook-H-LFR-2,4.316211900000001,2055339,1993-04-21,49.2697,-121.9358,136.0,48.0
6664,Chinook-H-LFR-2,1.1065318000000002,502969,1993-04-19,49.2697,-121.9358,136.0,48.0
6665,Chinook-H-LFR-2,1.06306023,600599,1993-04-22,49.2697,-121.9358,136.0,48.0
6666,Chinook-H-LFR-2,0.4204695,25483,1993-09-15,49.2697,-121.9358,136.0,48.0
6667,Chinook-H-LFR-2,1.819838,909919,1994-04-17,49.2697,-121.9358,136.0,48.0
6668,Chinook-H-LFR-2,0.9584668,563804,1994-04-16,49.2697,-121.9358,136.0,48.0
6669,Chinook-H-LFR-2,0.8936495999999999,558531,1994-04-16,49.2697,-121.9358,136.0,48.0
6670,Chinook-H-LFR-2,2.2930929,1206891,1995-04-18,49.2697,-121.9358,136.0,48.0
6671,Chinook-H-LFR-2,1.706392,1066495,1995-04-27,49.2697,-121.9358,136.0,48.0
6672,Chinook-H-LFR-2,0.29370880000000005,133504,1995-05-15,49.2697,-121.9358,136.0,48.0
6673,Chinook-H-LFR-2,0.22295879999999998,123866,1996-04-18,49.2697,-121.9358,136.0,48.0
6674,Chinook-H-LFR-2,0.4801588000000001,109127,1996-06-08,49.2697,-121.9358,136.0,48.0
6675,Chinook-H-LFR-2,0.3851848000000001,104104,1996-06-08,49.2697,-121.9358,136.0,48.0
6676,Chinook-H-LFR-2,2.2393548,1244086,1997-05-21,49.2697,-121.9358,136.0,48.0
6677,Chinook-H-LFR-2,1.551984,739040,1997-05-17,49.2697,-121.9358,136.0,48.0
6678,Chinook-H-LFR-2,1.173732,335352,1997-06-06,49.2697,-121.9358,136.0,48.0
6679,Chinook-H-LFR-2,0.9800032,612502,1997-05-14,49.2697,-121.9358,136.0,48.0
6680,Chinook-H-LFR-2,1.3029737,265913,1998-06-04,49.2697,-121.9358,136.0,48.0
6681,Chinook-H-LFR-2,1.6500279999999998,825014,1998-04-20,49.2697,-121.9358,136.0,48.0
6682,Chinook-H-LFR-2,2.8424833,1672049,1998-04-22,49.2697,-121.9358,136.0,48.0
6683,Chinook-H-LFR-2,0.4763051999999999,29043,1999-05-02,49.2697,-121.9358,136.0,48.0
6684,Chinook-H-LFR-2,0.47068770000000004,224137,1999-04-30,49.2697,-121.9358,136.0,48.0
6685,Chinook-H-LFR-2,0.9144471,435451,1999-04-30,49.2697,-121.9358,136.0,48.0
6686,Chinook-H-LFR-2,0.6631212000000001,315772,1999-05-04,49.2697,-121.9358,136.0,48.0
6687,Chinook-H-LFR-2,2.288006,1144003,1999-04-30,49.2697,-121.9358,136.0,48.0
6688,Chinook-H-LFR-2,3.3609419999999997,746876,1999-06-04,49.2697,-121.9358,136.0,48.0
6689,Chinook-H-LFR-2,1.7705819999999999,91740,2000-04-28,49.2697,-121.9358,136.0,48.0
6690,Chinook-H-LFR-2,1.56739616,890566,2000-04-28,49.2697,-121.9358,136.0,48.0
6691,Chinook-H-LFR-2,1.32084645,852159,2000-05-02,49.2697,-121.9358,136.0,48.0
6692,Chinook-H-LFR-2,1.56996581,380137,2000-06-05,49.2697,-121.9358,136.0,48.0
6693,Chinook-H-LFR-2,0.0992026,24020,2000-06-05,49.2697,-121.9358,136.0,48.0
6694,Chinook-H-LFR-2,1.13968,67040,2001-04-17,49.2697,-121.9358,136.0,48.0
6695,Chinook-H-LFR-2,2.31160242,1453838,2001-04-28,49.2697,-121.9358,136.0,48.0
6696,Chinook-H-LFR-2,1.88184942,397854,2001-06-02,49.2697,-121.9358,136.0,48.0
6697,Chinook-H-LFR-2,0.41970318,26463,2002-04-17,49.2697,-121.9358,136.0,48.0
6698,Chinook-H-LFR-2,3.5983058400000005,1955601,2002-04-22,49.2697,-121.9358,136.0,48.0
6699,Chinook-H-LFR-2,1.79798448,365444,2002-06-05,49.2697,-121.9358,136.0,48.0
6700,Chinook-H-LFR-2,2.75724504,1612424,2003-04-26,49.2697,-121.9358,136.0,48.0
6701,Chinook-H-LFR-2,1.74413548,374278,2003-06-03,49.2697,-121.9358,136.0,48.0
6702,Chinook-H-LFR-2,2.51765136,1015182,2004-05-10,49.2697,-121.9358,136.0,48.0
6703,Chinook-H-LFR-2,1.6334438999999998,322815,2004-06-04,49.2697,-121.9358,136.0,48.0
6704,Chinook-H-LFR-2,4.8289017,2267090,2005-04-17,49.2697,-121.9358,136.0,48.0
6705,Chinook-H-LFR-2,1.2872559600000002,224652,2005-06-03,49.2697,-121.9358,136.0,48.0
6706,Chinook-H-LFR-2,0.6368543000000001,116854,2006-06-14,49.2697,-121.9358,136.0,48.0
6707,Chinook-H-LFR-2,0.2916113,55021,2006-06-04,49.2189,-121.9451,136.0,48.0
6708,Chinook-H-LFR-2,0.27842325,53033,2006-06-06,49.2189,-121.9451,136.0,48.0
6709,Chinook-H-LFR-2,0.23832929999999997,72221,2007-05-10,49.2697,-121.9358,136.0,48.0
6710,Chinook-H-LFR-2,0.28545,51900,2007-06-05,49.2189,-121.9451,136.0,48.0
6711,Chinook-H-LFR-2,0.16349760000000002,25952,2007-05-31,49.2189,-121.9451,136.0,48.0
6712,Chinook-H-LFR-2,0.142769,25958,2007-06-01,49.2189,-121.9451,136.0,48.0
6713,Chinook-H-LFR-2,0.1507188,25986,2007-06-04,49.2189,-121.9451,136.0,48.0
6714,Chinook-H-LFR-2,0.15709679999999998,24936,2007-05-23,49.2189,-121.9451,136.0,48.0
6715,Chinook-H-LFR-2,0.156276,26046,2007-05-24,49.2189,-121.9451,136.0,48.0
6716,Chinook-H-LFR-2,0.171237,25945,2007-05-30,49.2189,-121.9451,136.0,48.0
6717,Chinook-H-LFR-2,0.1461369,69589,2008-05-01,49.2697,-121.9358,136.0,48.0
6718,Chinook-H-LFR-2,0.13439510000000002,25945,2008-06-10,49.2189,-121.9451,136.0,48.0
6719,Chinook-H-LFR-2,0.13497065,27829,2008-06-18,49.2189,-121.9451,136.0,48.0
6720,Chinook-H-LFR-2,0.13352941000000002,26131,2008-06-16,49.2189,-121.9451,136.0,48.0
6721,Chinook-H-LFR-2,0.14512198999999998,25961,2008-06-02,49.2189,-121.9451,136.0,48.0
6722,Chinook-H-LFR-2,0.14060022,25941,2008-06-03,49.2189,-121.9451,136.0,48.0
6723,Chinook-H-LFR-2,0.1411223,25894,2008-06-03,49.2189,-121.9451,136.0,48.0
6724,Chinook-H-LFR-2,0.13721136,25987,2008-06-04,49.2189,-121.9451,136.0,48.0
6725,Chinook-H-LFR-2,0.13698960000000002,25945,2008-06-06,49.2189,-121.9451,136.0,48.0
6726,Chinook-H-LFR-2,0.49352399999999996,82254,2009-06-08,49.2189,-121.9451,136.0,48.0
6727,Chinook-H-LFR-2,0.485454,80909,2009-06-08,49.2189,-121.9451,136.0,48.0
6728,Chinook-H-LFR-2,0.47590200000000005,79317,2009-06-08,49.2189,-121.9451,136.0,48.0
6729,Chinook-H-LFR-2,0.292038,48673,2009-06-08,49.2189,-121.9451,136.0,48.0
6730,Chinook-H-LFR-2,0.40163552,70216,2010-06-17,49.2189,-121.9451,136.0,48.0
6731,Chinook-H-LFR-2,0.40107496,70118,2010-06-17,49.2189,-121.9451,136.0,48.0
6732,Chinook-H-LFR-2,0.44282524,77417,2010-06-17,49.2189,-121.9451,136.0,48.0
6733,Chinook-H-LFR-2,0.29323008,51264,2010-06-17,49.2189,-121.9451,136.0,48.0
6734,Chinook-H-LFR-2,0.40576875,64923,2011-06-17,49.2189,-121.9451,136.0,48.0
6735,Chinook-H-LFR-2,0.2636375,42182,2011-06-17,49.2189,-121.9451,136.0,48.0
6736,Chinook-H-LFR-2,0.1983625,31738,2011-06-17,49.2189,-121.9451,136.0,48.0
6737,Chinook-H-LFR-2,0.35305625,56489,2011-06-17,49.2189,-121.9451,136.0,48.0
6738,Chinook-H-LFR-2,0.032317900000000004,5515,2012-06-19,49.2189,-121.9451,136.0,48.0
6739,Chinook-H-LFR-2,0.36459748,62218,2012-06-19,49.2189,-121.9451,136.0,48.0
6740,Chinook-H-LFR-2,0.3667422400000001,62584,2012-06-19,49.2189,-121.9451,136.0,48.0
6741,Chinook-H-LFR-2,0.36636134,62519,2012-06-19,49.2189,-121.9451,136.0,48.0
6742,Chinook-H-LFR-2,0.36882254,62939,2012-06-19,49.2189,-121.9451,136.0,48.0
6743,Chinook-H-LFR-2,0.36547687,62689,2012-06-19,49.2189,-121.9451,136.0,48.0
6744,Chinook-H-LFR-2,0.035090769999999986,6019,2012-06-19,49.2189,-121.9451,136.0,48.0
6745,Chinook-H-LFR-2,0.041877,6345,2013-06-18,49.2189,-121.9451,136.0,48.0
6746,Chinook-H-LFR-2,0.4138992,62712,2013-06-18,49.2189,-121.9451,136.0,48.0
6747,Chinook-H-LFR-2,0.4211922,63817,2013-06-18,49.2189,-121.9451,136.0,48.0
6748,Chinook-H-LFR-2,0.39876540000000005,60419,2013-06-18,49.2189,-121.9451,136.0,48.0
6749,Chinook-H-LFR-2,0.4447146,67381,2013-06-18,49.2189,-121.9451,136.0,48.0
6750,Chinook-H-LFR-2,0.4179714,63329,2013-06-18,49.2189,-121.9451,136.0,48.0
6751,Chinook-H-LFR-2,0.35124001,60247,2014-06-05,49.2189,-121.9451,136.0,48.0
6752,Chinook-H-LFR-2,0.35848087,61489,2014-06-05,49.2189,-121.9451,136.0,48.0
6753,Chinook-H-LFR-2,0.35751309000000003,61323,2014-06-05,49.2189,-121.9451,136.0,48.0
6754,Chinook-H-LFR-2,0.36912645,63315,2014-06-05,49.2189,-121.9451,136.0,48.0
6755,Chinook-H-LFR-2,0.18115559,31073,2014-06-05,49.2189,-121.9451,136.0,48.0
6756,Chinook-H-LFR-2,0.16573248,29808,2015-06-09,49.2189,-121.9451,136.0,48.0
6757,Chinook-H-LFR-2,0.19934824,35854,2015-06-09,49.2189,-121.9451,136.0,48.0
6758,Chinook-H-LFR-2,0.30116296,54166,2015-06-09,49.2189,-121.9451,136.0,48.0
6759,Chinook-H-LFR-2,0.33390024,60054,2015-06-09,49.2189,-121.9451,136.0,48.0
6760,Chinook-H-LFR-2,0.33637444,60499,2015-06-09,49.2189,-121.9451,136.0,48.0
6761,Chinook-H-LFR-2,0.28510012,51277,2015-06-14,49.2189,-121.9451,136.0,48.0
6762,Chinook-H-LFR-2,0.053925,2157,1985-05-14,49.2697,-121.9358,136.0,48.0
6769,Chinook-H-LFR-2,1.16049,193415,1991-05-12,49.2697,-121.9358,136.0,48.0
6771,Chinook-H-LFR-2,0.9882552,133548,1992-05-08,49.2697,-121.9358,136.0,48.0
6772,Chinook-H-LFR-2,0.9200874,150834,1993-05-16,49.2697,-121.9358,136.0,48.0
6773,Chinook-H-LFR-2,1.4816715,214735,1994-04-21,49.2697,-121.9358,136.0,48.0
6774,Chinook-H-LFR-2,2.0265459999999997,215590,1995-05-15,49.2697,-121.9358,136.0,48.0
6775,Chinook-H-LFR-2,1.8045258,273413,1996-05-14,49.2697,-121.9358,136.0,48.0
6776,Chinook-H-LFR-2,3.6591165,562941,1997-05-12,49.2697,-121.9358,136.0,48.0
6777,Chinook-H-LFR-2,0.39440559999999997,18092,1998-04-29,49.2697,-121.9358,136.0,48.0
6778,Chinook-H-LFR-2,0.569278,29962,1999-05-11,49.2697,-121.9358,136.0,48.0
6779,Chinook-H-LFR-2,1.9519579,291337,1998-05-12,49.2697,-121.9358,136.0,48.0
6780,Chinook-H-LFR-2,4.0299467,660647,1999-05-01,49.2697,-121.9358,136.0,48.0
6781,Chinook-H-LFR-2,0.9961914000000001,189390,2000-04-28,49.2697,-121.9358,136.0,48.0
6782,Chinook-H-LFR-2,1.098757,186230,2001-05-08,49.2697,-121.9358,136.0,48.0
6783,Chinook-H-LFR-2,0.428753,72670,2001-05-08,49.2697,-121.9358,136.0,48.0
6784,Chinook-H-LFR-2,2.28740986,389678,2002-05-10,49.2697,-121.9358,136.0,48.0
6785,Chinook-H-LFR-2,3.52950075,575775,2003-05-12,49.2697,-121.9358,136.0,48.0
6786,Chinook-H-LFR-2,1.8688146,256002,2004-05-08,49.2697,-121.9358,136.0,48.0
6787,Chinook-H-LFR-2,2.9277599999999997,554500,2005-04-25,49.2697,-121.9358,136.0,48.0
6788,Chinook-H-LFR-2,2.75632736,374501,2006-05-08,49.2697,-121.9358,136.0,48.0
6789,Chinook-H-LFR-2,1.62726,219900,2007-05-11,49.2697,-121.9358,136.0,48.0
6790,Chinook-H-LFR-2,2.6667685000000003,484867,2008-05-09,49.2697,-121.9358,136.0,48.0
6791,Chinook-H-LFR-2,3.5945412,704812,2009-05-08,49.2697,-121.9358,136.0,48.0
6792,Chinook-H-LFR-2,3.50543358,549441,2010-05-09,49.2697,-121.9358,136.0,48.0
6793,Chinook-H-LFR-2,0.10307686153846156,274590,2010-01-06,49.2697,-121.9358,136.0,48.0
6794,Chinook-H-LFR-2,3.6622773,502370,2011-05-09,49.2697,-121.9358,136.0,48.0
6795,Chinook-H-LFR-2,0.80832024,123032,2012-05-11,49.2697,-121.9358,136.0,48.0
6796,Chinook-H-LFR-2,1.3114167,74470,2013-05-01,49.2697,-121.9358,136.0,48.0
6797,Chinook-H-LFR-2,0.96082895,140267,2013-05-07,49.2697,-121.9358,136.0,48.0
6798,Chinook-H-LFR-2,1.89,100000,2014-04-28,49.2697,-121.9358,136.0,48.0
6799,Chinook-H-LFR-2,0.83985735,132261,2014-05-05,49.2697,-121.9358,136.0,48.0
6800,Chinook-H-LFR-2,1.91936366,100966,2015-04-28,49.2697,-121.9358,136.0,48.0
6801,Chinook-H-LFR-2,0.86441823,108459,2015-04-30,49.2697,-121.9358,136.0,48.0
7253,Chinook-H-LFR-2,1.9244952,356388,1982-06-08,49.0972,-121.9639,136.0,48.0
7254,Chinook-H-LFR-2,7.7330301000000015,1120729,1983-06-03,49.0972,-121.9639,136.0,48.0
7255,Chinook-H-LFR-2,2.1342253,349873,1984-05-31,49.0972,-121.9639,136.0,48.0
7256,Chinook-H-LFR-2,1.9628519,321779,1984-05-31,49.0972,-121.9639,136.0,48.0
7257,Chinook-H-LFR-2,2.1731982000000003,356262,1984-05-31,49.0972,-121.9639,136.0,48.0
7258,Chinook-H-LFR-2,1.1155263999999998,164048,1985-06-16,49.0972,-121.9639,136.0,48.0
7259,Chinook-H-LFR-2,0.9078776,162121,1985-06-06,49.0972,-121.9639,136.0,48.0
7260,Chinook-H-LFR-2,1.1026268,162151,1985-06-16,49.0972,-121.9639,136.0,48.0
7261,Chinook-H-LFR-2,1.112956,163670,1985-06-16,49.0972,-121.9639,136.0,48.0
7262,Chinook-H-LFR-2,0.9205448,164383,1985-06-06,49.0972,-121.9639,136.0,48.0
7263,Chinook-H-LFR-2,0.9073232,162022,1985-06-06,49.0972,-121.9639,136.0,48.0
7264,Chinook-H-LFR-2,0.7127794000000001,122893,1986-06-12,49.0972,-121.9639,136.0,48.0
7265,Chinook-H-LFR-2,0.1071579,36951,1986-06-12,49.0972,-121.9639,136.0,48.0
7266,Chinook-H-LFR-2,0.7447284000000001,143217,1987-05-21,49.0972,-121.9639,136.0,48.0
7267,Chinook-H-LFR-2,2.5820214,614767,1988-05-31,49.0972,-121.9639,136.0,48.0
7268,Chinook-H-LFR-2,1.9054403999999998,322956,1989-05-28,49.0972,-121.9639,136.0,48.0
7269,Chinook-H-LFR-2,1.8257963,309457,1989-05-28,49.0972,-121.9639,136.0,48.0
7270,Chinook-H-LFR-2,1.2337393,232781,1990-05-18,49.0972,-121.9639,136.0,48.0
7271,Chinook-H-LFR-2,1.2336915999999998,232772,1990-05-18,49.0972,-121.9639,136.0,48.0
7272,Chinook-H-LFR-2,2.7650064,531732,1991-05-21,49.0972,-121.9639,136.0,48.0
7273,Chinook-H-LFR-2,3.5262784000000003,550981,1992-05-14,49.0972,-121.9639,136.0,48.0
7274,Chinook-H-LFR-2,3.305226,550871,1992-05-14,49.0972,-121.9639,136.0,48.0
7275,Chinook-H-LFR-2,3.4257684999999998,622867,1993-05-17,49.0972,-121.9639,136.0,48.0
7276,Chinook-H-LFR-2,7.2875127000000015,1278511,1993-05-29,49.0972,-121.9639,136.0,48.0
7277,Chinook-H-LFR-2,0.0371667,123889,1993-02-09,49.0972,-121.9639,136.0,48.0
7278,Chinook-H-LFR-2,2.2625,452500,1994-05-20,49.0972,-121.9639,136.0,48.0
7279,Chinook-H-LFR-2,9.023338800000001,1432276,1994-06-02,49.0972,-121.9639,136.0,48.0
7280,Chinook-H-LFR-2,3.025482,504247,1995-05-21,49.0972,-121.9639,136.0,48.0
7281,Chinook-H-LFR-2,1.7888998,308431,1995-06-03,49.0972,-121.9639,136.0,48.0
7282,Chinook-H-LFR-2,2.966316,494386,1995-05-21,49.0972,-121.9639,136.0,48.0
7283,Chinook-H-LFR-2,1.7768068,306346,1995-06-03,49.0972,-121.9639,136.0,48.0
7284,Chinook-H-LFR-2,0.37865479999999996,99646,1995-05-19,49.1717,-122.4236,136.0,48.0
7285,Chinook-H-LFR-2,0.3783926,99577,1995-05-19,49.1717,-122.4236,136.0,48.0
7286,Chinook-H-LFR-2,2.5328880000000003,422148,1996-05-29,49.0972,-121.9639,136.0,48.0
7287,Chinook-H-LFR-2,2.0328932,390941,1996-06-03,49.0972,-121.9639,136.0,48.0
7288,Chinook-H-LFR-2,4.093622600000001,705797,1997-06-03,49.0972,-121.9639,136.0,48.0
7289,Chinook-H-LFR-2,5.8791915,1199835,1997-05-29,49.0972,-121.9639,136.0,48.0
7290,Chinook-H-LFR-2,0.4806048000000001,150189,1997-05-21,49.1717,-122.4236,136.0,48.0
7291,Chinook-H-LFR-2,3.6309057,637001,1998-05-24,49.0972,-121.9639,136.0,48.0
7292,Chinook-H-LFR-2,5.908520599999999,1284461,1998-05-24,49.0972,-121.9639,136.0,48.0
7293,Chinook-H-LFR-2,2.5814935999999995,460981,1999-05-26,49.0972,-121.9639,136.0,48.0
7294,Chinook-H-LFR-2,2.6300654999999997,461415,1999-05-26,49.0972,-121.9639,136.0,48.0
7295,Chinook-H-LFR-2,2.5232532,442676,1999-05-26,49.0972,-121.9639,136.0,48.0
7296,Chinook-H-LFR-2,2.2571529,442579,1999-05-26,49.0972,-121.9639,136.0,48.0
7297,Chinook-H-LFR-2,0.9590966000000001,154693,2000-05-26,49.0972,-121.9639,136.0,48.0
7298,Chinook-H-LFR-2,0.9586315999999999,154618,2000-05-26,49.0972,-121.9639,136.0,48.0
7299,Chinook-H-LFR-2,0.9588982,154661,2000-05-26,49.0972,-121.9639,136.0,48.0
7300,Chinook-H-LFR-2,0.9586005999999999,154613,2000-05-26,49.0972,-121.9639,136.0,48.0
7301,Chinook-H-LFR-2,0.9428216,152068,2000-05-26,49.0972,-121.9639,136.0,48.0
7302,Chinook-H-LFR-2,0.9426046,152033,2000-05-26,49.0972,-121.9639,136.0,48.0
7303,Chinook-H-LFR-2,0.9435594,152187,2000-05-26,49.0972,-121.9639,136.0,48.0
7304,Chinook-H-LFR-2,0.9424,152000,2000-05-26,49.0972,-121.9639,136.0,48.0
7305,Chinook-H-LFR-2,0.38996,77992,2001-05-22,49.0972,-121.9639,136.0,48.0
7306,Chinook-H-LFR-2,0.389875,77975,2001-05-22,49.0972,-121.9639,136.0,48.0
7307,Chinook-H-LFR-2,0.39058000000000004,78116,2001-05-22,49.0972,-121.9639,136.0,48.0
7308,Chinook-H-LFR-2,0.390025,78005,2001-05-22,49.0972,-121.9639,136.0,48.0
7309,Chinook-H-LFR-2,0.39276,78552,2001-05-22,49.0972,-121.9639,136.0,48.0
7310,Chinook-H-LFR-2,0.390025,78005,2001-05-22,49.0972,-121.9639,136.0,48.0
7311,Chinook-H-LFR-2,0.39021999999999996,78044,2001-05-22,49.0972,-121.9639,136.0,48.0
7312,Chinook-H-LFR-2,0.389915,77983,2001-05-22,49.0972,-121.9639,136.0,48.0
7313,Chinook-H-LFR-2,1.7935775,326105,2002-05-25,49.0972,-121.9639,136.0,48.0
7314,Chinook-H-LFR-2,1.7926755,325941,2002-05-25,49.0972,-121.9639,136.0,48.0
7315,Chinook-H-LFR-2,1.5133612,291031,2002-05-29,49.0972,-121.9639,136.0,48.0
7316,Chinook-H-LFR-2,1.5081871999999998,290036,2002-05-29,49.0972,-121.9639,136.0,48.0
7317,Chinook-H-LFR-2,2.24725254,399867,2003-05-20,49.0972,-121.9639,136.0,48.0
7318,Chinook-H-LFR-2,2.23921594,398437,2003-05-20,49.0972,-121.9639,136.0,48.0
7319,Chinook-H-LFR-2,1.837725,367545,2003-05-21,49.0972,-121.9639,136.0,48.0
7320,Chinook-H-LFR-2,1.831075,366215,2003-05-21,49.0972,-121.9639,136.0,48.0
7321,Chinook-H-LFR-2,1.0498106000000003,177934,2004-05-13,49.0972,-121.9639,136.0,48.0
7322,Chinook-H-LFR-2,1.0507782,178098,2004-05-13,49.0972,-121.9639,136.0,48.0
7323,Chinook-H-LFR-2,1.8548915000000001,337253,2004-05-13,49.0972,-121.9639,136.0,48.0
7324,Chinook-H-LFR-2,2.0967715000000005,355385,2004-05-13,49.0972,-121.9639,136.0,48.0
7325,Chinook-H-LFR-2,0.9523524999999999,173155,2004-05-13,49.0972,-121.9639,136.0,48.0
7326,Chinook-H-LFR-2,1.010225,202045,2005-05-21,49.0972,-121.9639,136.0,48.0
7327,Chinook-H-LFR-2,1.002565,200513,2005-05-20,49.0972,-121.9639,136.0,48.0
7328,Chinook-H-LFR-2,1.00037,200074,2005-05-20,49.0972,-121.9639,136.0,48.0
7329,Chinook-H-LFR-2,0.9972549999999999,199451,2005-05-20,49.0972,-121.9639,136.0,48.0
7330,Chinook-H-LFR-2,0.5768107599999999,127613,2005-05-26,49.0972,-121.9639,136.0,48.0
7331,Chinook-H-LFR-2,0.58444504,129302,2005-05-26,49.0972,-121.9639,136.0,48.0
7332,Chinook-H-LFR-2,0.57660736,127568,2005-05-26,49.0972,-121.9639,136.0,48.0
7333,Chinook-H-LFR-2,0.5748083999999999,127170,2005-05-26,49.0972,-121.9639,136.0,48.0
7334,Chinook-H-LFR-2,0.8728495999999999,155866,2006-05-08,49.0972,-121.9639,136.0,48.0
7335,Chinook-H-LFR-2,0.8736951999999999,156017,2006-05-08,49.0972,-121.9639,136.0,48.0
7336,Chinook-H-LFR-2,0.5268535999999999,94081,2006-05-07,49.0972,-121.9639,136.0,48.0
7337,Chinook-H-LFR-2,0.6751303999999999,120559,2006-05-02,49.0972,-121.9639,136.0,48.0
7338,Chinook-H-LFR-2,0.90689575,157721,2006-05-08,49.0972,-121.9639,136.0,48.0
7339,Chinook-H-LFR-2,0.88954225,154703,2006-05-08,49.0972,-121.9639,136.0,48.0
7340,Chinook-H-LFR-2,0.906683,157684,2006-05-02,49.0972,-121.9639,136.0,48.0
7341,Chinook-H-LFR-2,0.88925475,154653,2006-05-08,49.0972,-121.9639,136.0,48.0
7342,Chinook-H-LFR-2,0.0202807,202807,2005-12-11,49.0972,-121.9639,136.0,48.0
7343,Chinook-H-LFR-2,0.93510763,157691,2007-05-19,49.0972,-121.9639,136.0,48.0
7344,Chinook-H-LFR-2,0.93844029,158253,2007-05-19,49.0972,-121.9639,136.0,48.0
7345,Chinook-H-LFR-2,0.8204505999999999,141457,2007-05-25,49.0972,-121.9639,136.0,48.0
7346,Chinook-H-LFR-2,0.94525979,159403,2007-05-19,49.0972,-121.9639,136.0,48.0
7347,Chinook-H-LFR-2,0.8409245999999999,144987,2007-05-25,49.0972,-121.9639,136.0,48.0
7348,Chinook-H-LFR-2,0.94112065,158705,2007-05-19,49.0972,-121.9639,136.0,48.0
7349,Chinook-H-LFR-2,0.8201026,141397,2007-05-25,49.0972,-121.9639,136.0,48.0
7350,Chinook-H-LFR-2,0.8201431999999999,141404,2007-05-25,49.0972,-121.9639,136.0,48.0
7351,Chinook-H-LFR-2,0.0082074,82074,2006-12-05,49.0972,-121.9639,136.0,48.0
7352,Chinook-H-LFR-2,2.0386592,328816,2008-05-25,49.0972,-121.9639,136.0,48.0
7353,Chinook-H-LFR-2,2.0363466,328443,2008-05-25,49.0972,-121.9639,136.0,48.0
7354,Chinook-H-LFR-2,2.0033433,317991,2008-05-20,49.0972,-121.9639,136.0,48.0
7355,Chinook-H-LFR-2,1.9983978,317206,2008-05-20,49.0972,-121.9639,136.0,48.0
7356,Chinook-H-LFR-2,1.5155671999999998,270637,2009-05-22,49.0972,-121.9639,136.0,48.0
7357,Chinook-H-LFR-2,1.5176615999999998,271011,2009-05-22,49.0972,-121.9639,136.0,48.0
7358,Chinook-H-LFR-2,1.4896596000000002,286473,2009-05-29,49.0972,-121.9639,136.0,48.0
7359,Chinook-H-LFR-2,1.4871531999999998,285991,2009-05-29,49.0972,-121.9639,136.0,48.0
7360,Chinook-H-LFR-2,1.9396476,334422,2010-05-16,49.0972,-121.9639,136.0,48.0
7361,Chinook-H-LFR-2,1.7688590999999998,333747,2010-05-16,49.0972,-121.9639,136.0,48.0
7362,Chinook-H-LFR-2,1.7690075,333775,2010-05-16,49.0972,-121.9639,136.0,48.0
7363,Chinook-H-LFR-2,0.8600184999999999,158675,2011-05-23,49.0972,-121.9639,136.0,48.0
7364,Chinook-H-LFR-2,1.1416276681147568,192279,2011-05-17,49.0972,-121.9639,136.0,48.0
7365,Chinook-H-LFR-2,0.9059386333606576,152583,2010-11-14,49.0972,-121.9639,136.0,48.0
7366,Chinook-H-LFR-2,1.0942535546448109,184300,2011-05-17,49.0972,-121.9639,136.0,48.0
7367,Chinook-H-LFR-2,2.0324023102732283,342308,2011-05-23,49.0972,-121.9639,136.0,48.0
7368,Chinook-H-LFR-2,0.017230600000000002,172306,2010-11-09,49.0926,-122.0324,136.0,48.0
7369,Chinook-H-LFR-2,0.79163968,160576,2012-05-16,49.0972,-121.9639,136.0,48.0
7370,Chinook-H-LFR-2,0.8009771,162470,2012-05-16,49.0972,-121.9639,136.0,48.0
7371,Chinook-H-LFR-2,0.8031815600000001,153572,2012-05-22,49.0972,-121.9639,136.0,48.0
7372,Chinook-H-LFR-2,0.80099542,153154,2012-05-22,49.0972,-121.9639,136.0,48.0
7373,Chinook-H-LFR-2,1.6591913500000002,317245,2012-05-22,49.0972,-121.9639,136.0,48.0
7374,Chinook-H-LFR-2,1.40142,280284,2013-05-21,49.0972,-121.9639,136.0,48.0
7375,Chinook-H-LFR-2,1.369545,273909,2013-05-21,49.0972,-121.9639,136.0,48.0
7376,Chinook-H-LFR-2,1.5083879999999998,287312,2013-05-21,49.0972,-121.9639,136.0,48.0
7377,Chinook-H-LFR-2,1.54153125,293625,2013-05-21,49.0972,-121.9639,136.0,48.0
7378,Chinook-H-LFR-2,0.0030879,30879,2012-12-10,49.0926,-122.0324,136.0,48.0
7379,Chinook-H-LFR-2,1.14839836,250742,2014-05-22,49.0972,-121.9639,136.0,48.0
7380,Chinook-H-LFR-2,1.1332293999999998,247430,2014-05-22,49.0972,-121.9639,136.0,48.0
7381,Chinook-H-LFR-2,1.0876901,262094,2014-05-31,49.0972,-121.9639,136.0,48.0
7382,Chinook-H-LFR-2,1.08762785,262079,2014-05-31,49.0972,-121.9639,136.0,48.0
7383,Chinook-H-LFR-2,0.005965700000000001,59657,2013-12-11,49.0926,-122.0324,136.0,48.0
7384,Chinook-H-LFR-2,1.3929347799999998,264314,2015-05-19,49.0972,-121.9639,136.0,48.0
7385,Chinook-H-LFR-2,1.2567516,241683,2015-05-22,49.0972,-121.9639,136.0,48.0
7386,Chinook-H-LFR-2,1.2568556000000002,241703,2015-05-22,49.0972,-121.9639,136.0,48.0
7387,Chinook-H-LFR-2,1.3912167599999998,263988,2015-05-19,49.0972,-121.9639,136.0,48.0
7388,Chinook-H-LFR-2,1.2687532,243991,2016-05-21,49.0972,-121.9639,136.0,48.0
7389,Chinook-H-LFR-2,1.2685556,243953,2016-05-21,49.0972,-121.9639,136.0,48.0
7390,Chinook-H-LFR-2,1.497125,258125,2016-05-16,49.0972,-121.9639,136.0,48.0
7391,Chinook-H-LFR-2,1.49727,258150,2016-05-16,49.0972,-121.9639,136.0,48.0
7392,Chinook-H-LFR-2,0.018905,4975,1982-06-08,49.0972,-121.9639,136.0,48.0
7393,Chinook-H-LFR-2,0.0614432,10972,1983-06-21,49.0972,-121.9639,136.0,48.0
7394,Chinook-H-LFR-2,1.2938275,152215,1986-06-08,49.0972,-121.9639,136.0,48.0
7395,Chinook-H-LFR-2,0.6140668,82982,1987-05-14,49.0972,-121.9639,136.0,48.0
7396,Chinook-H-LFR-2,0.6140668,82982,1987-05-14,49.0972,-121.9639,136.0,48.0
7397,Chinook-H-LFR-2,1.1302112,148712,1987-05-14,49.0972,-121.9639,136.0,48.0
7398,Chinook-H-LFR-2,1.1435188,150463,1987-05-14,49.0972,-121.9639,136.0,48.0
7399,Chinook-H-LFR-2,0.9271035,109071,1988-05-19,49.0972,-121.9639,136.0,48.0
7400,Chinook-H-LFR-2,0.9288375,109275,1988-05-19,49.0972,-121.9639,136.0,48.0
7401,Chinook-H-LFR-2,1.3726877999999998,207983,1988-05-16,49.0972,-121.9639,136.0,48.0
7402,Chinook-H-LFR-2,1.3632828000000001,206558,1988-05-16,49.0972,-121.9639,136.0,48.0
7403,Chinook-H-LFR-2,1.0098088,131144,1989-05-22,49.0972,-121.9639,136.0,48.0
7404,Chinook-H-LFR-2,0.8626233000000001,112029,1989-05-22,49.0972,-121.9639,136.0,48.0
7405,Chinook-H-LFR-2,1.7231243000000003,218117,1989-05-22,49.0972,-121.9639,136.0,48.0
7406,Chinook-H-LFR-2,1.4553854000000002,184226,1989-05-22,49.0972,-121.9639,136.0,48.0
7409,Chinook-H-LFR-2,0.037427499999999995,6805,2003-06-02,49.0972,-121.9639,136.0,48.0
7410,Chinook-H-LFR-2,0.5032427999999999,57844,1982-05-15,49.0972,-121.9639,136.0,48.0
7411,Chinook-H-LFR-2,0.0050420000000000005,2521,1982-04-08,49.0972,-121.9639,136.0,48.0
7412,Chinook-H-LFR-2,0.1972,49300,1982-04-11,49.54,-122.6,136.0,48.0
7413,Chinook-H-LFR-2,1.1368916999999998,180459,1986-06-08,49.0972,-121.9639,136.0,48.0
7414,Chinook-H-LFR-2,0.49182,40985,1986-05-18,49.0972,-121.9639,136.0,48.0
7415,Chinook-H-LFR-2,0.9827100000000001,161100,1986-06-08,49.0972,-121.9639,136.0,48.0
7416,Chinook-H-LFR-2,0.798945,53263,1987-05-02,49.0972,-121.9639,136.0,48.0
7417,Chinook-H-LFR-2,0.8016300000000001,53442,1987-05-02,49.0972,-121.9639,136.0,48.0
7418,Chinook-H-LFR-2,1.0070068,136082,1988-05-25,49.0972,-121.9639,136.0,48.0
7419,Chinook-H-LFR-2,1.006548,136020,1988-05-27,49.0972,-121.9639,136.0,48.0
7420,Chinook-H-LFR-2,1.0490095999999998,127928,1990-05-15,49.0972,-121.9639,136.0,48.0
7421,Chinook-H-LFR-2,1.056529,128845,1990-05-15,49.0972,-121.9639,136.0,48.0
7422,Chinook-H-LFR-2,1.472955,186450,1991-05-15,49.0972,-121.9639,136.0,48.0
7423,Chinook-H-LFR-2,1.4750643,186717,1991-05-15,49.0972,-121.9639,136.0,48.0
7424,Chinook-H-LFR-2,1.322508,240456,1991-04-19,49.0972,-121.9639,136.0,48.0
7425,Chinook-H-LFR-2,1.322508,240456,1991-04-19,49.0972,-121.9639,136.0,48.0
7426,Chinook-H-LFR-2,1.8008015,211859,1992-05-11,49.0972,-121.9639,136.0,48.0
7427,Chinook-H-LFR-2,1.802034,212004,1992-05-11,49.0972,-121.9639,136.0,48.0
7428,Chinook-H-LFR-2,3.0082275000000003,401097,1993-05-08,49.0972,-121.9639,136.0,48.0
7429,Chinook-H-LFR-2,0.01865955,53313,1992-12-12,49.0972,-121.9639,136.0,48.0
7430,Chinook-H-LFR-2,3.086325,411510,1994-05-07,49.0972,-121.9639,136.0,48.0
7431,Chinook-H-LFR-2,2.942225,452650,1995-05-07,49.0972,-121.9639,136.0,48.0
7432,Chinook-H-LFR-2,2.87742,442680,1996-05-10,49.0972,-121.9639,136.0,48.0
7433,Chinook-H-LFR-2,2.2265815,404833,1997-05-08,49.0972,-121.9639,136.0,48.0
7434,Chinook-H-LFR-2,2.455914,409319,1998-04-14,49.0972,-121.9639,136.0,48.0
7435,Chinook-H-LFR-2,3.4192275000000003,526035,1999-04-25,49.0972,-121.9639,136.0,48.0
7436,Chinook-H-LFR-2,3.2895072,406112,2000-04-24,49.0972,-121.9639,136.0,48.0
7437,Chinook-H-LFR-2,2.8577934,432999,2001-04-25,49.0972,-121.9639,136.0,48.0
7438,Chinook-H-LFR-2,2.429402,357265,2002-04-26,49.0972,-121.9639,136.0,48.0
7439,Chinook-H-LFR-2,3.130244,460330,2003-04-26,49.0972,-121.9639,136.0,48.0
7440,Chinook-H-LFR-2,3.89287384,501659,2004-04-17,49.0972,-121.9639,136.0,48.0
7441,Chinook-H-LFR-2,3.6067213,478345,2005-04-22,49.0972,-121.9639,136.0,48.0
7442,Chinook-H-LFR-2,2.8013035,418105,2006-04-26,49.0972,-121.9639,136.0,48.0
7443,Chinook-H-LFR-2,3.4366282,419101,2007-04-26,49.0972,-121.9639,136.0,48.0
7444,Chinook-H-LFR-2,3.20068281,431941,2008-04-29,49.0972,-121.9639,136.0,48.0
7445,Chinook-H-LFR-2,3.757675,514750,2009-05-01,49.0972,-121.9639,136.0,48.0
7446,Chinook-H-LFR-2,2.92406161754099,492486,2010-04-21,49.0972,-121.9639,136.0,48.0
7447,Chinook-H-LFR-2,2.3698096,321985,2011-04-28,49.0972,-121.9639,136.0,48.0
7448,Chinook-H-LFR-2,2.90552238,467878,2012-04-23,49.0972,-121.9639,136.0,48.0
7449,Chinook-H-LFR-2,3.8220417,491265,2013-05-02,49.0972,-121.9639,136.0,48.0
7450,Chinook-H-LFR-2,3.084237,456924,2014-05-02,49.0972,-121.9639,136.0,48.0
7451,Chinook-H-LFR-2,4.04277454,522998,2015-04-23,49.0972,-121.9639,136.0,48.0
7452,Chinook-H-LFR-2,3.51699166,503867,2016-04-28,49.0972,-121.9639,136.0,48.0
7453,Chinook-H-LFR-2,0.007816799999999999,26056,2015-11-30,49.1257,-122.0982,136.0,48.0
8249,Chinook-H-LFR-2,0.1064932,24203,1997-05-11,49.1717,-122.4236,136.0,48.0
8250,Chinook-H-LFR-2,0.9894768,206141,1998-05-21,49.1717,-122.4236,136.0,48.0
8251,Chinook-H-LFR-2,1.5212082,227046,1999-05-21,49.1717,-122.4236,136.0,48.0
8252,Chinook-H-LFR-2,0.7638806000000001,155894,2000-05-31,49.1717,-122.4236,136.0,48.0
8253,Chinook-H-LFR-2,0.3196024,61462,2001-06-06,49.1717,-122.4236,136.0,48.0
8254,Chinook-H-LFR-2,0.31937360000000004,61418,2001-06-06,49.1717,-122.4236,136.0,48.0
8255,Chinook-H-LFR-2,1.8952101000000003,266931,2002-05-23,49.1717,-122.4236,136.0,48.0
8256,Chinook-H-LFR-2,1.37364312,170216,2003-06-03,49.1717,-122.4236,136.0,48.0
8257,Chinook-H-LFR-2,2.0335394,286414,2004-05-26,49.1717,-122.4236,136.0,48.0
8258,Chinook-H-LFR-2,2.0335394,286414,2003-05-04,49.1717,-122.4236,136.0,48.0
8259,Chinook-H-LFR-2,1.5420878999999998,195201,2005-05-30,49.1717,-122.4236,136.0,48.0
8260,Chinook-H-LFR-2,1.4060465999999998,173586,2006-06-01,49.1717,-122.4236,136.0,48.0
8261,Chinook-H-LFR-2,0.674676,112446,2007-05-29,49.1717,-122.4236,136.0,48.0
8262,Chinook-H-LFR-2,0.470051,102185,2007-05-29,49.1717,-122.4236,136.0,48.0
8263,Chinook-H-LFR-2,1.45735362,214002,2008-06-06,49.1717,-122.4236,136.0,48.0
8264,Chinook-H-LFR-2,0.5244652000000001,66388,1987-04-15,49.54,-122.6,136.0,48.0
8265,Chinook-H-LFR-2,0.7405031999999999,59718,1987-05-14,49.54,-122.6,136.0,48.0
8266,Chinook-H-LFR-2,0.48961520000000003,56932,1988-04-11,49.54,-122.6,136.0,48.0
8267,Chinook-H-LFR-2,0.7772232,67002,1988-05-09,49.54,-122.6,136.0,48.0
8268,Chinook-H-LFR-2,0.5267712,54872,1989-05-08,49.54,-122.6,136.0,48.0
8269,Chinook-H-LFR-2,0.4775169,54887,1989-04-10,49.54,-122.6,136.0,48.0
8270,Chinook-H-LFR-2,0.4826504,52462,1989-04-16,49.54,-122.6,136.0,48.0
8271,Chinook-H-LFR-2,0.04798,2399,1989-08-14,49.54,-122.6,136.0,48.0
8272,Chinook-H-LFR-2,0.4907472,64572,1990-04-17,49.54,-122.6,136.0,48.0
8273,Chinook-H-LFR-2,0.3497628,42654,1990-05-01,49.54,-122.6,136.0,48.0
8274,Chinook-H-LFR-2,0.13093359999999998,23381,1990-05-15,49.54,-122.6,136.0,48.0
8275,Chinook-H-LFR-2,0.5101116,68934,1991-05-09,49.54,-122.6,136.0,48.0
8276,Chinook-H-LFR-2,0.4938464,50912,1991-07-14,49.54,-122.6,136.0,48.0
9088,Chinook-H-LFR-2,0.107226,4662,1981-11-03,49.4547,-123.24,108.0,44.0
12196,Chinook-H-LFR-2,0.24985500000000002,49971,1999-05-20,49.3233,-122.9103,115.0,41.0
12197,Chinook-H-LFR-2,0.1512,30240,2000-05-23,49.3233,-122.9103,115.0,41.0
12198,Chinook-H-LFR-2,0.09926499999999999,19853,2001-05-10,49.3233,-122.9103,115.0,41.0
12199,Chinook-H-LFR-2,0.083268,20817,2002-05-07,49.3233,-122.9103,115.0,41.0
12446,Chinook-H-LFR-2,0.055720000000000006,13930,1983-06-13,49.0972,-121.9639,136.0,48.0
13252,Chinook-H-LFR-2,2.25,9000,1999-05-15,49.0689,-122.8231,134.0,38.0
14873,Chinook-H-LFR-2,0.0306,10200,1997-06-21,49.225,-122.805,130.0,42.0
14874,Chinook-H-LFR-2,0.15,50000,1998-06-25,49.225,-122.805,130.0,42.0
14875,Chinook-H-LFR-2,0.0403092,33591,1999-06-22,49.225,-122.805,130.0,42.0
14876,Chinook-H-LFR-2,0.039,13000,2000-06-24,49.225,-122.805,130.0,42.0
14877,Chinook-H-LFR-2,0.174,58000,2001-05-15,49.225,-122.805,130.0,42.0
14878,Chinook-H-LFR-2,0.13938599999999998,46462,2002-06-15,49.225,-122.805,130.0,42.0
14879,Chinook-H-LFR-2,0.0264,8800,2003-06-10,49.225,-122.805,130.0,42.0
14880,Chinook-H-LFR-2,0.0208488,8687,2004-06-04,49.2265,-122.8056,130.0,42.0
14881,Chinook-H-LFR-2,0.46009799999999995,102244,2005-05-10,49.225,-122.805,130.0,42.0
14882,Chinook-H-LFR-2,0.45,100000,2006-05-02,49.225,-122.805,130.0,42.0
14883,Chinook-H-LFR-2,0.19,95000,2006-06-08,49.225,-122.805,130.0,42.0
14884,Chinook-H-LFR-2,0.3,75000,2007-05-01,49.225,-122.805,130.0,42.0
14885,Chinook-H-LFR-2,0.1496,93500,2007-06-04,49.225,-122.805,130.0,42.0
14886,Chinook-H-LFR-2,0.9,200000,2008-05-01,49.225,-122.805,130.0,42.0
14887,Chinook-H-LFR-2,0.18,100000,2008-06-03,49.225,-122.805,130.0,42.0
14888,Chinook-H-LFR-2,0.17,85000,2009-06-24,49.225,-122.805,130.0,42.0
14889,Chinook-H-LFR-2,0.7376780800000001,200456,2009-05-04,49.225,-122.805,130.0,42.0
14890,Chinook-H-LFR-2,0.9,200000,2010-05-05,49.225,-122.805,130.0,42.0
14891,Chinook-H-LFR-2,0.14985,45000,2010-07-01,49.225,-122.805,130.0,42.0
14892,Chinook-H-LFR-2,0.075,25000,2011-06-30,49.225,-122.805,130.0,42.0
14893,Chinook-H-LFR-2,0.18603882,49743,2011-04-28,49.225,-122.805,130.0,42.0
14894,Chinook-H-LFR-2,0.07067999999999999,22800,2012-06-27,49.225,-122.805,130.0,42.0
14895,Chinook-H-LFR-2,0.09424,24800,2014-06-18,49.225,-122.805,130.0,42.0
14896,Chinook-H-LFR-2,0.11777249999999999,19150,2015-06-18,49.225,-122.805,130.0,42.0
15258,Chinook-H-LFR-2,0.235746,52388,1993-05-27,49.2922,-122.8733,115.0,41.0
15259,Chinook-H-LFR-2,0.41551808,98464,1994-05-17,49.2922,-122.8733,115.0,41.0
15260,Chinook-H-LFR-2,0.231,55000,1995-05-15,49.2922,-122.8733,115.0,41.0
15262,Chinook-H-LFR-2,0.1246552,32804,1996-05-21,49.3,-122.875,115.0,41.0
15263,Chinook-H-LFR-2,0.1648,51500,1997-05-14,49.3,-122.875,115.0,41.0
15264,Chinook-H-LFR-2,0.235225,48500,1998-05-13,49.3,-122.875,115.0,41.0
15265,Chinook-H-LFR-2,0.12,24000,1999-05-20,49.3,-122.875,115.0,41.0
15266,Chinook-H-LFR-2,0.09539500000000001,19079,2000-05-23,49.3,-122.875,115.0,41.0
15267,Chinook-H-LFR-2,0.099685,19937,2001-05-10,49.3,-122.875,115.0,41.0
15268,Chinook-H-LFR-2,0.091215,20270,2002-05-13,49.3,-122.875,115.0,41.0
15269,Chinook-H-LFR-2,0.078,20000,2003-05-05,49.3,-122.875,115.0,41.0
15270,Chinook-H-LFR-2,0.1118544,19974,2004-05-12,49.3,-122.875,115.0,41.0
15271,Chinook-H-LFR-2,0.1,20000,2005-05-19,49.3,-122.875,115.0,41.0
15272,Chinook-H-LFR-2,0.076,20000,2006-04-15,49.3,-122.875,115.0,41.0
15273,Chinook-H-LFR-2,0.0897,19500,2007-05-04,49.3,-122.875,115.0,41.0
15274,Chinook-H-LFR-2,0.10497375,19995,2008-05-08,49.3,-122.875,115.0,41.0
15275,Chinook-H-LFR-2,0.10514214,19989,2009-05-11,49.3,-122.875,115.0,41.0
15276,Chinook-H-LFR-2,0.1151712,19995,2010-05-10,49.3,-122.875,115.0,41.0
15277,Chinook-H-LFR-2,0.10966803,20049,2011-05-09,49.3,-122.875,115.0,41.0
15278,Chinook-H-LFR-2,0.1217292,21356,2013-05-10,49.3,-122.875,115.0,41.0
15279,Chinook-H-LFR-2,0.08974349999999999,19943,2014-05-08,49.3,-122.875,115.0,41.0
15280,Chinook-H-LFR-2,0.10255896,19992,2015-05-06,49.3,-122.875,115.0,41.0
15338,Chinook-H-LFR-2,0.147,42000,1997-06-02,49.3811,-122.865,115.0,41.0
15340,Chinook-H-LFR-2,0.2744,34300,1999-06-09,49.3811,-122.865,115.0,41.0
15399,Chinook-H-LFR-2,0.018000000000000002,6000,1998-06-05,49.225,-122.805,130.0,42.0
15400,Chinook-H-LFR-2,0.01085,3500,1999-05-28,49.225,-122.805,130.0,42.0
15401,Chinook-H-LFR-2,0.03675,10500,2000-05-15,49.225,-122.805,130.0,42.0
15402,Chinook-H-LFR-2,0.1425,47500,2002-06-15,49.225,-122.805,130.0,42.0
15403,Chinook-H-LFR-2,0.07875,45000,2003-05-18,49.225,-122.805,130.0,42.0
15404,Chinook-H-LFR-2,0.076,38000,2004-05-15,49.225,-122.805,130.0,42.0
15405,Chinook-H-LFR-2,0.08,40000,2005-05-01,49.225,-122.805,130.0,42.0
15821,Chinook-H-LFR-2,0.2125,85000,1985-07-01,49.1717,-122.4236,136.0,48.0
15822,Chinook-H-LFR-2,0.11,22000,1983-06-15,49.1717,-122.4236,136.0,48.0
15823,Chinook-H-LFR-2,0.0878085,13509,1984-06-29,49.1717,-122.4236,136.0,48.0
15824,Chinook-H-LFR-2,0.17509337,25121,1984-07-13,49.1717,-122.4236,136.0,48.0
15977,Chinook-H-LFR-2,0.018000000000000002,4500,1990-05-04,49.0958,-122.6861,134.0,38.0
15978,Chinook-H-LFR-2,0.05,10000,1991-05-15,49.0958,-122.6861,134.0,38.0
15979,Chinook-H-LFR-2,0.055999999999999994,7000,1992-05-06,49.0581,-122.8694,134.0,38.0
15980,Chinook-H-LFR-2,0.0425,8500,1993-05-14,49.0581,-122.8694,134.0,38.0
15981,Chinook-H-LFR-2,0.018000000000000002,4000,1994-05-25,49.0581,-122.8694,134.0,38.0
15982,Chinook-H-LFR-2,0.17,17000,1995-05-01,49.0581,-122.8694,134.0,38.0
15983,Chinook-H-LFR-2,0.032,8000,2000-04-15,49.0581,-122.8694,134.0,38.0
15984,Chinook-H-LFR-2,0.075,15000,1996-05-08,49.0581,-122.8694,134.0,38.0
15985,Chinook-H-LFR-2,3.325,7000,1998-05-15,49.0972,-121.9639,136.0,48.0
15986,Chinook-H-LFR-2,0.09,20000,1998-04-30,49.0581,-122.8694,134.0,38.0
15987,Chinook-H-LFR-2,0.027000000000000003,6000,1999-04-01,49.0581,-122.8694,134.0,38.0
16238,Chinook-H-LFR-2,0.5436055999999999,39971,2007-05-29,49.7619,-124.5667,44.0,28.0
16240,Chinook-H-LFR-2,0.456,38000,2009-05-30,49.7619,-124.5667,44.0,28.0
16241,Chinook-H-LFR-2,0.2828879492600422,40000,2010-05-15,49.7619,-124.5667,44.0,28.0
16242,Chinook-H-LFR-2,0.5657758985200844,80000,2011-04-15,49.7619,-124.5667,44.0,28.0
16628,Chinook-H-LFR-2,0.1155,27500,1995-05-15,49.2986,-123.0853,115.0,41.0
16630,Chinook-H-LFR-2,0.20800000000000002,52000,1997-05-14,49.2986,-123.0853,115.0,41.0
16631,Chinook-H-LFR-2,0.234175,47500,1998-05-14,49.2986,-123.0853,115.0,41.0
16632,Chinook-H-LFR-2,0.168,24000,1999-05-20,49.2986,-123.0853,115.0,41.0
16633,Chinook-H-LFR-2,0.095305,19061,2000-05-23,49.2986,-123.0853,115.0,41.0
16634,Chinook-H-LFR-2,0.099425,19885,2001-05-10,49.2986,-123.0853,115.0,41.0
16635,Chinook-H-LFR-2,0.06794220000000001,19983,2002-05-13,49.2986,-123.0853,115.0,41.0
16636,Chinook-H-LFR-2,0.08,20000,2003-05-05,49.2986,-123.0853,115.0,41.0
16637,Chinook-H-LFR-2,0.13985999999999998,19980,2004-06-15,49.2986,-123.0853,115.0,41.0
16638,Chinook-H-LFR-2,0.1,20000,2005-05-19,49.2986,-123.0853,115.0,41.0
16639,Chinook-H-LFR-2,0.076,20000,2006-05-05,49.2986,-123.0853,115.0,41.0
16640,Chinook-H-LFR-2,0.09009,19500,2007-05-04,49.2986,-123.0853,115.0,41.0
16641,Chinook-H-LFR-2,0.10857828,19996,2008-05-08,49.2986,-123.0853,115.0,41.0
16642,Chinook-H-LFR-2,0.10147,20294,2009-05-11,49.2986,-123.0853,115.0,41.0
16643,Chinook-H-LFR-2,0.103075,20615,2010-05-15,49.2986,-123.0853,115.0,41.0
16644,Chinook-H-LFR-2,0.10947846,20051,2011-05-09,49.2986,-123.0853,115.0,41.0
16645,Chinook-H-LFR-2,0.10522512,19929,2012-05-11,49.2986,-123.0853,115.0,41.0
16646,Chinook-H-LFR-2,0.1133568,20992,2013-05-10,49.2986,-123.0853,115.0,41.0
16647,Chinook-H-LFR-2,0.14807769704016907,20938,2014-05-08,49.2986,-123.0853,115.0,41.0
16648,Chinook-H-LFR-2,0.0967963,19958,2015-05-06,49.3,-122.875,115.0,41.0
19457,Chinook-H-LFR-2,1.096375,8771,1993-05-13,49.36,-123.28,109.0,40.0
19458,Chinook-H-LFR-2,0.649572,8436,1993-05-13,49.36,-123.28,109.0,40.0
19459,Chinook-H-LFR-2,0.055769000000000006,7967,1992-06-11,49.36,-123.28,109.0,40.0
19467,Chinook-H-LFR-2,0.4723477,91718,1995-07-04,49.36,-123.28,109.0,40.0
19468,Chinook-H-LFR-2,0.5717226,20346,1996-04-18,49.36,-123.28,109.0,40.0
19469,Chinook-H-LFR-2,0.92642057,132157,1996-05-25,49.36,-123.28,109.0,40.0
19471,Chinook-H-LFR-2,0.9029791,134773,1997-05-29,49.36,-123.28,109.0,40.0
19473,Chinook-H-LFR-2,1.2802917,143853,1999-05-06,49.36,-123.28,109.0,40.0
19474,Chinook-H-LFR-2,0.78736693,142381,2000-05-15,49.36,-123.28,109.0,40.0
19475,Chinook-H-LFR-2,1.4930700000000001,149307,2001-05-18,49.36,-123.28,109.0,40.0
19476,Chinook-H-LFR-2,1.1535520000000001,144194,2002-05-31,49.36,-123.28,109.0,40.0
19477,Chinook-H-LFR-2,1.12372998,155426,2003-05-30,49.36,-123.28,109.0,40.0
19478,Chinook-H-LFR-2,1.184784,148098,2004-05-25,49.36,-123.28,109.0,40.0
19479,Chinook-H-LFR-2,1.007258,143894,2005-05-23,49.36,-123.28,109.0,40.0
19480,Chinook-H-LFR-2,0.9174809000000002,162386,2006-05-16,49.36,-123.28,109.0,40.0
19481,Chinook-H-LFR-2,0.9166979999999999,152783,2007-05-28,49.36,-123.28,109.0,40.0
19482,Chinook-H-LFR-2,0.52281506,77569,2008-06-03,49.36,-123.28,109.0,40.0
19483,Chinook-H-LFR-2,0.4684776000000001,73660,2009-05-29,49.36,-123.28,109.0,40.0
19484,Chinook-H-LFR-2,0.525,75000,2010-05-20,49.36,-123.28,109.0,40.0
19485,Chinook-H-LFR-2,0.4960157302325579,70136,2011-04-15,49.36,-123.28,109.0,40.0
19486,Chinook-H-LFR-2,0.575148,70140,2012-06-12,49.36,-123.28,109.0,40.0
19488,Chinook-H-LFR-2,0.3209528,57313,2013-05-08,49.36,-123.28,109.0,40.0
19716,Chinook-H-LFR-2,0.665,35000,1993-05-15,50.30644,-122.607011,136.0,48.0
19717,Chinook-H-LFR-2,0.3622500000000001,22500,1994-04-14,50.30644,-122.607011,136.0,48.0
19718,Chinook-H-LFR-2,0.654752,40922,1995-04-14,50.30644,-122.607011,136.0,48.0
19758,Chinook-H-LFR-2,0.01294128,3762,2006-05-15,49.0987,-121.5575,136.0,48.0
20127,Chinook-H-LFR-2,0.0305,61000,1999-05-16,49.0987,-121.5575,136.0,48.0
20128,Chinook-H-LFR-2,0.0305,61000,2000-03-31,49.0987,-121.5575,136.0,48.0
20129,Chinook-H-LFR-2,0.0305,61000,2001-03-31,49.0987,-121.5575,136.0,48.0
20130,Chinook-H-LFR-2,0.0305,61000,2002-03-31,49.0987,-121.5575,136.0,48.0
20131,Chinook-H-LFR-2,0.0305,61000,2003-03-31,49.0987,-121.5575,136.0,48.0
20132,Chinook-H-LFR-2,0.0305,61000,2004-03-31,49.0987,-121.5575,136.0,48.0
20133,Chinook-H-LFR-2,0.0155,31000,2005-03-31,49.0987,-121.5575,136.0,48.0
20134,Chinook-H-LFR-2,0.0155,31000,2006-03-31,49.0987,-121.5575,136.0,48.0
20135,Chinook-H-LFR-2,0.0155,31000,2007-03-31,49.0987,-121.5575,136.0,48.0
20241,Chinook-H-LFR-2,0.034375,6875,1991-05-16,49.117062,-123.19111,124.0,35.0
20242,Chinook-H-LFR-2,0.034375,6875,1992-05-16,49.117062,-123.19111,124.0,35.0
20243,Chinook-H-LFR-2,0.034375,6875,1993-05-16,49.117062,-123.19111,124.0,35.0
20244,Chinook-H-LFR-2,0.034375,6875,1994-05-16,49.117062,-123.19111,124.0,35.0
20245,Chinook-H-LFR-2,0.034375,6875,1995-05-16,49.117062,-123.19111,124.0,35.0
20246,Chinook-H-LFR-2,0.034375,6875,1996-05-16,49.117062,-123.19111,124.0,35.0
20247,Chinook-H-LFR-2,0.034375,6875,1997-05-16,49.117062,-123.19111,124.0,35.0
20248,Chinook-H-LFR-2,0.034375,6875,1998-05-16,49.117062,-123.19111,124.0,35.0
20249,Chinook-H-LFR-2,0.034375,6875,1999-05-16,49.117062,-123.19111,124.0,35.0
20250,Chinook-H-LFR-2,0.034375,6875,2000-05-16,49.117062,-123.19111,124.0,35.0
20251,Chinook-H-LFR-2,0.034375,6875,2001-05-16,49.117062,-123.19111,124.0,35.0
20252,Chinook-H-LFR-2,0.0345,6900,2002-05-16,49.117062,-123.19111,124.0,35.0
20253,Chinook-H-LFR-2,0.0345,6900,2003-05-16,49.117062,-123.19111,124.0,35.0
20254,Chinook-H-LFR-2,0.0207,6900,2004-05-31,49.117062,-123.19111,124.0,35.0
20255,Chinook-H-LFR-2,0.020625,6875,2005-05-31,49.117062,-123.19111,124.0,35.0
20256,Chinook-H-LFR-2,0.020625,6875,2006-05-31,49.117062,-123.19111,124.0,35.0
20257,Chinook-H-LFR-2,0.020625,6875,2007-05-31,49.117062,-123.19111,124.0,35.0
20258,Chinook-H-LFR-2,0.020625,6875,2008-05-31,49.117062,-123.19111,124.0,35.0
20546,Chinook-H-LFR-2,0.24,80000,2005-05-31,,,136.0,48.0
20547,Chinook-H-LFR-2,0.24,80000,2006-05-31,,,136.0,48.0
20548,Chinook-H-LFR-2,0.3414285714285715,80000,2007-05-31,,,136.0,48.0
20576,Chinook-H-LFR-2,0.00625,12500,2005-03-31,,,136.0,48.0
20577,Chinook-H-LFR-2,0.125,12500,2006-03-31,,,136.0,48.0
20578,Chinook-H-LFR-2,0.125,12500,2007-03-31,,,136.0,48.0
20587,Chinook-H-LFR-2,0.012,2400,1996-05-16,,,136.0,48.0
20588,Chinook-H-LFR-2,0.012,2400,1997-05-16,,,136.0,48.0
20589,Chinook-H-LFR-2,0.012,2400,1998-05-16,,,136.0,48.0
20590,Chinook-H-LFR-2,0.012,2400,1999-05-16,,,136.0,48.0
20591,Chinook-H-LFR-2,0.012,2400,2000-05-16,,,136.0,48.0
20592,Chinook-H-LFR-2,0.012,2400,2001-05-16,,,136.0,48.0
20593,Chinook-H-LFR-2,0.012,2400,2002-05-16,,,136.0,48.0
20594,Chinook-H-LFR-2,0.012,2400,2003-05-16,,,136.0,48.0
20595,Chinook-H-LFR-2,0.0072,2400,2004-05-31,,,136.0,48.0
20596,Chinook-H-LFR-2,0.0072,2400,2005-05-31,,,136.0,48.0
20597,Chinook-H-LFR-2,0.0072,2400,2006-05-31,,,136.0,48.0
20598,Chinook-H-LFR-2,0.0072,2400,2007-05-31,,,136.0,48.0
20599,Chinook-H-LFR-2,0.0072,2400,2008-05-31,,,136.0,48.0
20613,Chinook-H-LFR-2,0.01,2000,1996-05-16,,,136.0,48.0
20614,Chinook-H-LFR-2,0.01,2000,1997-05-16,,,136.0,48.0
20615,Chinook-H-LFR-2,0.01,2000,1998-05-16,,,136.0,48.0
20616,Chinook-H-LFR-2,0.047,9400,1999-05-16,,,136.0,48.0
20617,Chinook-H-LFR-2,0.047,9400,2000-05-16,,,136.0,48.0
20618,Chinook-H-LFR-2,0.047,9400,2001-05-16,,,136.0,48.0
20619,Chinook-H-LFR-2,0.047,9400,2002-05-16,,,136.0,48.0
20620,Chinook-H-LFR-2,0.047,9400,2003-05-16,,,136.0,48.0
20621,Chinook-H-LFR-2,0.0282,9400,2004-05-31,,,136.0,48.0
20622,Chinook-H-LFR-2,0.0282,9400,2005-05-31,,,136.0,48.0
20623,Chinook-H-LFR-2,0.0282,9400,2006-05-31,,,136.0,48.0
20624,Chinook-H-LFR-2,0.0282,9400,2007-05-31,,,136.0,48.0
20625,Chinook-H-LFR-2,0.0282,9400,2008-05-31,,,136.0,48.0
20626,Chinook-H-LFR-2,0.0375,75000,1993-03-31,,,136.0,48.0
20627,Chinook-H-LFR-2,0.0375,75000,1994-03-31,,,136.0,48.0
20628,Chinook-H-LFR-2,0.0375,75000,1995-03-31,,,136.0,48.0
20629,Chinook-H-LFR-2,0.0375,75000,1996-03-31,,,136.0,48.0
20630,Chinook-H-LFR-2,0.0375,75000,1997-03-31,,,136.0,48.0
20631,Chinook-H-LFR-2,0.0375,75000,1998-03-31,,,136.0,48.0
20632,Chinook-H-LFR-2,0.0375,75000,1999-03-31,,,136.0,48.0
20633,Chinook-H-LFR-2,0.3375,675000,2000-03-31,,,136.0,48.0
20634,Chinook-H-LFR-2,0.3375,675000,2001-03-31,,,136.0,48.0
20635,Chinook-H-LFR-2,0.3375,675000,2002-03-31,,,136.0,48.0
20636,Chinook-H-LFR-2,0.3375,675000,2003-03-31,,,136.0,48.0
20637,Chinook-H-LFR-2,0.3375,675000,2004-03-31,,,136.0,48.0
20638,Chinook-H-LFR-2,0.3375,675000,2005-03-31,,,136.0,48.0
20639,Chinook-H-LFR-2,0.3375,675000,2006-03-31,,,136.0,48.0
20640,Chinook-H-LFR-2,0.3375,675000,2007-03-31,,,136.0,48.0
20689,Chinook-H-LFR-2,0.006,2000,2005-05-31,,,136.0,48.0
20690,Chinook-H-LFR-2,0.006,2000,2006-05-31,,,136.0,48.0
20691,Chinook-H-LFR-2,0.006,2000,2007-05-31,,,136.0,48.0
20692,Chinook-H-LFR-2,0.006,2000,2008-05-31,,,136.0,48.0
20709,Chinook-H-LFR-2,0.00325,650,2002-05-16,,,136.0,48.0
20710,Chinook-H-LFR-2,0.00325,650,2003-05-16,,,136.0,48.0
20711,Chinook-H-LFR-2,0.00195,650,2004-05-31,,,136.0,48.0
20712,Chinook-H-LFR-2,0.00195,650,2005-05-31,,,136.0,48.0
20713,Chinook-H-LFR-2,0.00195,650,2006-05-31,,,136.0,48.0
20714,Chinook-H-LFR-2,0.0065,650,2007-05-31,,,136.0,48.0
20715,Chinook-H-LFR-2,0.00195,650,2008-05-31,,,136.0,48.0
20741,Chinook-H-LFR-2,0.01,2000,1994-05-16,,,136.0,48.0
20742,Chinook-H-LFR-2,0.01,2000,1995-05-16,,,136.0,48.0
20743,Chinook-H-LFR-2,0.01,2000,1996-05-16,,,136.0,48.0
20744,Chinook-H-LFR-2,0.01,2000,1997-05-16,,,136.0,48.0
20745,Chinook-H-LFR-2,0.01,2000,1998-05-16,,,136.0,48.0
20746,Chinook-H-LFR-2,0.01,2000,1999-05-16,,,136.0,48.0
20747,Chinook-H-LFR-2,0.01,2000,2000-05-16,,,136.0,48.0
20748,Chinook-H-LFR-2,0.01,2000,2001-05-16,,,136.0,48.0
20749,Chinook-H-LFR-2,0.01,2000,2002-05-16,,,136.0,48.0
20750,Chinook-H-LFR-2,0.01,2000,2003-05-16,,,136.0,48.0
20751,Chinook-H-LFR-2,0.006,2000,2004-05-31,,,136.0,48.0
20752,Chinook-H-LFR-2,0.006,2000,2005-05-31,,,136.0,48.0
20753,Chinook-H-LFR-2,0.006,2000,2006-05-31,,,136.0,48.0
20754,Chinook-H-LFR-2,0.006,2000,2007-05-31,,,136.0,48.0
20755,Chinook-H-LFR-2,0.006,2000,2008-05-31,,,136.0,48.0
20956,Chinook-H-LFR-2,0.012,2400,1989-05-16,,,136.0,48.0
20957,Chinook-H-LFR-2,0.012,2400,1990-05-16,,,136.0,48.0
20958,Chinook-H-LFR-2,0.012,2400,1991-05-16,,,136.0,48.0
20959,Chinook-H-LFR-2,0.012,2400,1992-05-16,,,136.0,48.0
20960,Chinook-H-LFR-2,0.012,2400,1993-05-16,,,136.0,48.0
20961,Chinook-H-LFR-2,0.012,2400,1994-05-16,,,136.0,48.0
20962,Chinook-H-LFR-2,0.012,2400,1995-05-16,,,136.0,48.0
20963,Chinook-H-LFR-2,0.012,2400,1996-05-16,,,136.0,48.0
20964,Chinook-H-LFR-2,0.012,2400,1997-05-16,,,136.0,48.0
20965,Chinook-H-LFR-2,0.012,2400,1998-05-16,,,136.0,48.0
20966,Chinook-H-LFR-2,0.012,2400,1999-05-16,,,136.0,48.0
20967,Chinook-H-LFR-2,0.012,2400,2000-05-16,,,136.0,48.0
20968,Chinook-H-LFR-2,0.012,2400,2001-05-16,,,136.0,48.0
20969,Chinook-H-LFR-2,0.012,2400,2002-05-16,,,136.0,48.0
20970,Chinook-H-LFR-2,0.012,2400,2003-05-16,,,136.0,48.0
20971,Chinook-H-LFR-2,0.0072,2400,2004-05-31,,,136.0,48.0
20972,Chinook-H-LFR-2,0.0072,2400,2005-05-31,,,136.0,48.0
20973,Chinook-H-LFR-2,0.0072,2400,2006-05-31,,,136.0,48.0
20974,Chinook-H-LFR-2,0.0072,2400,2007-05-31,,,136.0,48.0
20975,Chinook-H-LFR-2,0.0072,2400,2008-05-31,,,136.0,48.0
21440,Chinook-H-LFR-2,0.00625,12500,2005-03-31,,,136.0,48.0
21441,Chinook-H-LFR-2,0.00625,12500,2006-03-31,,,136.0,48.0
