YEAR,Timestep,CHIN_H_MT_KM2,COHO_H_MT_KM2,CHUM_H_MT_KM2,PINK_H_MT_KM2,SOCKEYE_H_MT_KM2,CHIN_H_N,COHO_H_N,CHUM_H_N,PINK_H_N,SOCKEYE_H_N
Title,1,1,1,1,1,1,1,1,1,1,1
Weight,-1,-1,-1,-1,-1,-1,-1,-1,-1,-1,-1
Type,interval,Interval,Interval,Interval,Interval,Interval,Interval,Interval,Interval,Interval,Interval
1950,1,0,0,0,0,0,0,0,0,0,0
1950,2,0,0,0,0,0,0,0,0,0,0
1950,3,0,0,0,0,0,0,0,0,0,0
1950,4,0,0,0,0,0,0,0,0,0,0
1950,5,0,0,0,0,0,0,0,0,0,0
1950,6,0,0,0,0,0,0,0,0,0,0
1950,7,0,0,0,0,0,0,0,0,0,0
1950,8,0,0,0,0,0,0,0,0,0,0
1950,9,0,0,0,0,0,0,0,0,0,0
1950,10,0,0,0,0,0,0,0,0,0,0
1950,11,0,0,0,0,0,0,0,0,0,0
1950,12,0,0,0,0,0,0,0,0,0,0
1951,13,0,0,0,0,0,0,0,0,0,0
1951,14,0,0,0,0,0,0,0,0,0,0
1951,15,0,0,0,0,0,0,0,0,0,0
1951,16,0,0,0,0,0,0,0,0,0,0
1951,17,0,0,0,0,0,0,0,0,0,0
1951,18,0,0,0,0,0,0,0,0,0,0
1951,19,0,0,0,0,0,0,0,0,0,0
1951,20,0,0,0,0,0,0,0,0,0,0
1951,21,0,0,0,0,0,0,0,0,0,0
1951,22,0,0,0,0,0,0,0,0,0,0
1951,23,0,0,0,0,0,0,0,0,0,0
1951,24,0,0,0,0,0,0,0,0,0,0
1952,25,0,0,0,0,0,0,0,0,0,0
1952,26,0,0,0,0,0,0,0,0,0,0
1952,27,0,0,0,0,0,0,0,0,0,0
1952,28,0,0,0,0,0,0,0,0,0,0
1952,29,0,0,0,0,0,0,0,0,0,0
1952,30,0,0,0,0,0,0,0,0,0,0
1952,31,0,0,0,0,0,0,0,0,0,0
1952,32,0,0,0,0,0,0,0,0,0,0
1952,33,0,0,0,0,0,0,0,0,0,0
1952,34,0,0,0,0,0,0,0,0,0,0
1952,35,0,0,0,0,0,0,0,0,0,0
1952,36,0,0,0,0,0,0,0,0,0,0
1953,37,0,0,0,0,0,0,0,0,0,0
1953,38,0,0,0,0,0,0,0,0,0,0
1953,39,0,0,0,0,0,0,0,0,0,0
1953,40,0,0,0,0,0,0,0,0,0,0
1953,41,0,0,0,0,0,0,0,0,0,0
1953,42,0,0,0,0,0,0,0,0,0,0
1953,43,0,0,0,0,0,0,0,0,0,0
1953,44,0,0,0,0,0,0,0,0,0,0
1953,45,0,0,0,0,0,0,0,0,0,0
1953,46,0,0,0,0,0,0,0,0,0,0
1953,47,0,0,0,0,0,0,0,0,0,0
1953,48,0,0,0,0,0,0,0,0,0,0
1954,49,0,0,0,0,0,0,0,0,0,0
1954,50,0,0,0,0,0,0,0,0,0,0
1954,51,0,0,0,0,0,0,0,0,0,0
1954,52,0,0,0,0,0,0,0,0,0,0
1954,53,0,0,0,0,0,0,0,0,0,0
1954,54,0,0,0,0,0,0,0,0,0,0
1954,55,0,0,0,0,0,0,0,0,0,0
1954,56,0,0,0,0,0,0,0,0,0,0
1954,57,0,0,0,0,0,0,0,0,0,0
1954,58,0,0,0,0,0,0,0,0,0,0
1954,59,0,0,0,0,0,0,0,0,0,0
1954,60,0,0,0,0,0,0,0,0,0,0
1955,61,0,0,0,0,0,0,0,0,0,0
1955,62,0,0,0,0,0,0,0,0,0,0
1955,63,0,0,0,0,0,0,0,0,0,0
1955,64,0,0,0,0,0,0,0,0,0,0
1955,65,0,0,0,0,0,0,0,0,0,0
1955,66,0,0,0,0,0,0,0,0,0,0
1955,67,0,0,0,0,0,0,0,0,0,0
1955,68,0,0,0,0,0,0,0,0,0,0
1955,69,0,0,0,0,0,0,0,0,0,0
1955,70,0,0,0,0,0,0,0,0,0,0
1955,71,0,0,0,0,0,0,0,0,0,0
1955,72,0,0,0,0,0,0,0,0,0,0
1956,73,0,0,0,0,0,0,0,0,0,0
1956,74,0,0,0,0,0,0,0,0,0,0
1956,75,0,0,0,0,0,0,0,0,0,0
1956,76,0,0,0,0,0,0,0,0,0,0
1956,77,0,0,0,0,0,0,0,0,0,0
1956,78,0,0,0,0,0,0,0,0,0,0
1956,79,0,0,0,0,0,0,0,0,0,0
1956,80,0,0,0,0,0,0,0,0,0,0
1956,81,0,0,0,0,0,0,0,0,0,0
1956,82,0,0,0,0,0,0,0,0,0,0
1956,83,0,0,0,0,0,0,0,0,0,0
1956,84,0,0,0,0,0,0,0,0,0,0
1957,85,0,0,0,0,0,0,0,0,0,0
1957,86,0,0,0,0,0,0,0,0,0,0
1957,87,0,0,0,0,0,0,0,0,0,0
1957,88,0,0,0,0,0,0,0,0,0,0
1957,89,0,0,0,0,0,0,0,0,0,0
1957,90,0,0,0,0,0,0,0,0,0,0
1957,91,0,0,0,0,0,0,0,0,0,0
1957,92,0,0,0,0,0,0,0,0,0,0
1957,93,0,0,0,0,0,0,0,0,0,0
1957,94,0,0,0,0,0,0,0,0,0,0
1957,95,0,0,0,0,0,0,0,0,0,0
1957,96,0,0,0,0,0,0,0,0,0,0
1958,97,0,0,0,0,0,0,0,0,0,0
1958,98,0,0,0,0,0,0,0,0,0,0
1958,99,0,0,0,0,0,0,0,0,0,0
1958,100,0,0,0,0,0,0,0,0,0,0
1958,101,0,0,0,0,0,0,0,0,0,0
1958,102,0,0,0,0,0,0,0,0,0,0
1958,103,0,0,0,0,0,0,0,0,0,0
1958,104,0,0,0,0,0,0,0,0,0,0
1958,105,0,0,0,0,0,0,0,0,0,0
1958,106,0,0,0,0,0,0,0,0,0,0
1958,107,0,0,0,0,0,0,0,0,0,0
1958,108,0,0,0,0,0,0,0,0,0,0
1959,109,0,0,0,0,0,0,0,0,0,0
1959,110,0,0,0,0,0,0,0,0,0,0
1959,111,0,0,0,0,0,0,0,0,0,0
1959,112,0,0,0,0,0,0,0,0,0,0
1959,113,0,0,0,0,0,0,0,0,0,0
1959,114,0,0,0,0,0,0,0,0,0,0
1959,115,0,0,0,0,0,0,0,0,0,0
1959,116,0,0,0,0,0,0,0,0,0,0
1959,117,0,0,0,0,0,0,0,0,0,0
1959,118,0,0,0,0,0,0,0,0,0,0
1959,119,0,0,0,0,0,0,0,0,0,0
1959,120,0,0,0,0,0,0,0,0,0,0
1960,121,0,0,0,0,0,0,0,0,0,0
1960,122,0,0,0,0,0,0,0,0,0,0
1960,123,0,0,0,0,0,0,0,0,0,0
1960,124,0,0,0,0,0,0,0,0,0,0
1960,125,0,0,0,0,0,0,0,0,0,0
1960,126,0,0,0,0,0,0,0,0,0,0
1960,127,0,0,0,0,0,0,0,0,0,0
1960,128,0,0,0,0,0,0,0,0,0,0
1960,129,0,0,0,0,0,0,0,0,0,0
1960,130,0,0,0,0,0,0,0,0,0,0
1960,131,0,0,0,0,0,0,0,0,0,0
1960,132,0,0,0,0,0,0,0,0,0,0
1961,133,0,0,0.00017,0,0,0,0,4550000,0,2109000
1961,134,0,0,0,0,0,0,0,0,0,0
1961,135,0,0,0,0,0,0,0,0,0,0
1961,136,0,0,0,0,0,0,0,0,0,0
1961,137,0,0,0,0,0,0,0,0,0,0
1961,138,0,0,0,0,0,0,0,0,0,0
1961,139,0,0,0,0,0,0,0,0,0,0
1961,140,0,0,0,0,0,0,0,0,0,0
1961,141,0,0,0,0,0,0,0,0,0,0
1961,142,0,0,0,0,0,0,0,0,0,0
1961,143,0,0,0,0,0,0,0,0,0,0
1961,144,0,0,0,0,0,0,0,0,0,0
1962,145,0,0,0.00017,0.0001,0,0,0,4510000,3592000,4006000
1962,146,0,0,0,0,0,0,0,0,0,0
1962,147,0,0,0,0,0,0,0,0,0,0
1962,148,0,0,0.00001,0.00003,0,0,0,28600,1055200,0
1962,149,0,0,0,0,0,0,0,0,0,0
1962,150,0,0,0,0,0,0,0,0,0,0
1962,151,0,0,0,0,0,0,0,0,0,0
1962,152,0,0,0,0,0,0,0,0,0,0
1962,153,0,0,0,0,0,0,0,0,0,0
1962,154,0,0,0,0,0,0,0,0,0,0
1962,155,0,0,0,0,0,0,0,0,0,0
1962,156,0,0,0,0,0,0,0,0,0,0
1963,157,0,0,0.00025,0,0,0,0,6840000,0,2297000
1963,158,0,0,0,0,0,0,0,0,0,0
1963,159,0,0,0,0,0,0,0,0,0,0
1963,160,0,0,0,0,0,0,0,0,0,0
1963,161,0,0,0,0,0,0,0,0,0,0
1963,162,0,0,0,0,0,0,0,0,0,0
1963,163,0,0,0,0,0,0,0,0,0,0
1963,164,0,0,0,0,0,0,0,0,0,0
1963,165,0,0,0,0,0,0,0,0,0,0
1963,166,0,0,0,0,0,0,0,0,0,0
1963,167,0,0,0,0,0,0,0,0,0,0
1963,168,0,0,0,0,0,0,0,0,0,0
1964,169,0,0,0.00076,0.0001,0.00003,0,0,20930000,3480325,3026000
1964,170,0,0,0,0,0,0,0,0,0,0
1964,171,0,0,0,0,0,0,0,0,0,0
1964,172,0,0,0.00001,0.00003,0,0,0,99700,1055400,0
1964,173,0,0,0,0,0,0,0,0,0,0
1964,174,0,0,0,0,0,0,0,0,0,0
1964,175,0,0,0,0,0,0,0,0,0,0
1964,176,0,0,0,0,0,0,0,0,0,0
1964,177,0,0,0,0,0,0,0,0,0,0
1964,178,0,0,0,0,0,0,0,0,0,0
1964,179,0,0,0,0,0,0,0,0,0,0
1964,180,0,0,0,0,0,0,0,0,0,0
1965,181,0,0,0.00056,0,0.00004,0,0,15360000,0,4188000
1965,182,0,0,0,0,0,0,0,0,0,0
1965,183,0,0,0,0,0,0,0,0,0,0
1965,184,0,0,0,0,0,0,0,0,0,0
1965,185,0,0,0,0,0,0,0,0,0,0
1965,186,0,0,0,0,0,0,0,0,0,0
1965,187,0,0,0,0,0,0,0,0,0,0
1965,188,0,0,0,0,0,0,0,0,0,0
1965,189,0,0,0,0,0,0,0,0,0,0
1965,190,0,0,0,0,0,0,0,0,0,0
1965,191,0,0,0,0,0,0,0,0,0,0
1965,192,0,0,0,0,0,0,0,0,0,0
1966,193,0,0,0.00004,0.00009,0.00014,0,0,982000,2724000,12454000
1966,194,0,0,0,0,0,0,0,0,0,0
1966,195,0,0,0,0,0,0,0,0,0,0
1966,196,0,0,0.00001,0.00004,0,0,0,43900,1267800,0
1966,197,0,0,0.00033,0,0,0,0,10274000,0,0
1966,198,0,0,0,0,0,0,0,0,0,0
1966,199,0,0,0,0,0,0,0,0,0,0
1966,200,0,0,0,0,0,0,0,0,0,0
1966,201,0,0,0,0,0,0,0,0,0,0
1966,202,0,0,0,0,0,0,0,0,0,0
1966,203,0,0,0,0,0,0,0,0,0,0
1966,204,0,0,0,0,0,0,0,0,0,0
1967,205,0,0,0.00001,0,0.0002,0,0,227000,0,21758000
1967,206,0,0,0,0,0,0,0,0,0,0
1967,207,0,0,0,0,0,0,0,0,0,0
1967,208,0,0,0,0,0,0,0,0,0,0
1967,209,0,0,0.00069,0,0,0,0,21840000,0,0
1967,210,0,0,0,0,0,0,0,0,0,0
1967,211,0,0,0,0,0,0,0,0,0,0
1967,212,0,0,0,0,0,0,0,0,0,0
1967,213,0,0,0,0,0,0,0,0,0,0
1967,214,0,0,0,0,0,0,0,0,0,0
1967,215,0,0,0,0,0,0,0,0,0,0
1967,216,0,0,0,0,0,0,0,0,0,0
1968,217,0,0,0.00002,0.00034,0.00011,0,0,471000,12192424,11860000
1968,218,0,0,0,0,0,0,0,0,0,0
1968,219,0,0,0,0,0,0,0,0,0,0
1968,220,0,0,0.00108,0.00001,0,0,0,33769900,281000,0
1968,221,0,0,0,0,0,0,0,0,0,0
1968,222,0.00013,0.00002,0.00002,0,0,173806,6995,176000,0,0
1968,223,0.00007,0,0,0,0,103824,0,0,0,0
1968,224,0,0,0,0,0,0,0,0,0,0
1968,225,0,0,0,0,0,0,0,0,0,0
1968,226,0,0,0,0,0,0,0,0,0,0
1968,227,0,0,0,0,0,0,0,0,0,0
1968,228,0,0,0,0,0,0,0,0,0,0
1969,229,0,0,0.0001,0,0.00008,0,0,2703000,0,13584000
1969,230,0,0,0,0,0,0,0,0,0,0
1969,231,0,0,0,0,0,0,0,0,0,0
1969,232,0,0,0,0,0.00009,0,0,0,0,7645000
1969,233,0,0,0.00168,0,0,0,0,49674200,0,0
1969,234,0,0,0,0,0,0,0,0,0,0
1969,235,0.00011,0,0.00034,0,0,192999,0,2013800,0,0
1969,236,0.00025,0,0,0,0,408503,0,0,0,0
1969,237,0,0,0,0,0,0,0,0,0,0
1969,238,0,0,0,0,0,0,0,0,0,0
1969,239,0,0,0,0,0,0,0,0,0,0
1969,240,0,0,0,0,0,0,0,0,0,0
1970,241,0,0,0.00012,0.00037,0.00046,0,0,3230000,13439500,46013000
1970,242,0,0,0,0,0,0,0,0,0,0
1970,243,0.00001,0,0,0,0,1646,0,0,0,0
1970,244,0.00001,0.00058,0.00193,0.00001,0.00001,816,315972,61419400,145700,374000
1970,245,0,0.00013,0,0,0,0,69118,0,0,0
1970,246,0,0,0.00042,0,0,0,0,1601100,0,0
1970,247,0.00005,0,0,0,0,67326,0,0,0,0
1970,248,0,0,0,0,0,0,0,0,0,0
1970,249,0,0,0,0,0,0,0,0,0,0
1970,250,0,0,0,0,0,0,0,0,0,0
1970,251,0,0,0,0,0,0,0,0,0,0
1970,252,0,0,0,0,0,0,0,0,0,0
1971,253,0,0,0.00005,0,0.00013,0,0,1240000,0,14182000
1971,254,0,0,0,0,0,0,0,0,0,0
1971,255,0,0,0,0,0,0,0,0,0,0
1971,256,0.00003,0.0002,0.00002,0,0.00001,52072,93694,323026,0,25000
1971,257,0.00015,0.001,0.0015,0,0,264925,550979,48070000,0,0
1971,258,0,0,0,0,0,0,0,0,0,0
1971,259,0.00009,0,0,0,0,147260,0,0,0,0
1971,260,0.00007,0.00001,0,0,0,111209,4574,0,0,0
1971,261,0,0,0,0,0,0,0,0,0,0
1971,262,0,0,0,0,0,0,0,0,0,0
1971,263,0,0,0,0,0,0,0,0,0,0
1971,264,0,0,0,0,0,0,0,0,0,0
1972,265,0,0,0.00007,0.00051,0.00009,0,0,1758000,18727686,16530000
1972,266,0,0,0,0,0,0,0,0,0,0
1972,267,0,0,0,0,0,0,0,0,0,0
1972,268,0,0.00091,0.00004,0,0.00001,0,494510,884132,0,239000
1972,269,0.0001,0.00089,0.00114,0.00002,0,169019,487634,36700000,420800,0
1972,270,0.00008,0,0,0,0,129152,0,0,0,0
1972,271,0.00041,0,0,0,0,690068,0,0,0,0
1972,272,0,0,0,0,0,0,0,0,0,0
1972,273,0,0,0,0,0,0,0,0,0,0
1972,274,0,0,0,0,0,0,0,0,0,0
1972,275,0,0,0,0,0,0,0,0,0,0
1972,276,0,0,0,0,0,0,0,0,0,0
1973,277,0,0,0.00046,0,0.00023,0,0,12507000,0,26509000
1973,278,0,0,0,0,0,0,0,0,0,0
1973,279,0,0,0,0,0,0,0,0,0,0
1973,280,0,0.00003,0.00139,0,0.00008,0,13088,44313361,0,6831000
1973,281,0.00001,0.00037,0.00001,0,0,5070,197236,258924,0,0
1973,282,0.0005,0.00065,0,0,0,835111,358857,0,0,0
1973,283,0.00005,0,0,0,0,84948,0,0,0,0
1973,284,0,0,0,0,0,0,0,0,0,0
1973,285,0,0,0,0,0,0,0,0,0,0
1973,286,0,0,0,0,0,0,0,0,0,0
1973,287,0,0,0,0,0,0,0,0,0,0
1973,288,0,0,0,0,0,0,0,0,0,0
1974,289,0,0,0.00016,0.0006,0.00059,0,0,4294000,22240119,54692000
1974,290,0,0,0,0,0,0,0,0,0,0
1974,291,0,0,0,0,0,0,0,0,0,0
1974,292,0,0,0.00004,0.00002,0.00002,0,0,850316,593700,932000
1974,293,0,0.00025,0.00174,0,0,0,128220,55522228,0,0
1974,294,0.00041,0.00057,0,0,0,690618,309516,0,0,0
1974,295,0.00009,0,0,0,0,116544,0,0,0,0
1974,296,0,0.00002,0,0,0,0,8500,0,0,0
1974,297,0,0,0,0,0,0,0,0,0,0
1974,298,0,0,0,0,0,0,0,0,0,0
1974,299,0,0,0,0,0,0,0,0,0,0
1974,300,0,0,0,0,0,0,0,0,0,0
1975,301,0,0,0.00023,0,0.00051,0,0,6182000,0,58935000
1975,302,0,0,0,0,0,0,0,0,0,0
1975,303,0,0,0,0,0,0,0,0,0,0
1975,304,0,0.00025,0.00003,0,0.00001,0,136835,940369,0,84000
1975,305,0.00001,0.00068,0.00203,0,0,13600,377765,65220784,0,0
1975,306,0.00016,0.00069,0,0,0,270419,384807,0,0,0
1975,307,0,0,0,0,0,0,0,0,0,0
1975,308,0,0,0,0,0,0,0,0,0,0
1975,309,0,0,0,0,0,0,0,0,0,0
1975,310,0,0,0,0,0,0,0,0,0,0
1975,311,0,0,0,0,0,0,0,0,0,0
1975,312,0,0,0,0,0,0,0,0,0,0
1976,313,0,0,0.00023,0.00066,0.00053,0,0,6239000,24345767,47726000
1976,314,0,0,0,0,0,0,0,0,0,0
1976,315,0,0,0,0,0,0,0,0,0,0
1976,316,0,0,0.00179,0,0.00003,0,0,57198500,0,2261000
1976,317,0,0.0012,0.00002,0.00004,0,0,672372,154483,1151200,0
1976,318,0.00095,0,0,0,0,1666042,0,0,0,0
1976,319,0,0,0,0,0,0,0,0,0,0
1976,320,0,0,0,0,0,0,0,0,0,0
1976,321,0,0,0,0,0,0,0,0,0,0
1976,322,0,0,0,0,0,0,0,0,0,0
1976,323,0,0,0,0,0,0,0,0,0,0
1976,324,0,0,0,0,0,0,0,0,0,0
1977,325,0,0,0.00022,0,0.00073,0,0,5862000,0,78468000
1977,326,0,0,0,0,0,0,0,0,0,0
1977,327,0,0.00064,0.00001,0,0,0,358316,30000,0,0
1977,328,0.00008,0.00006,0.00008,0,0.00022,42085,30000,1692240,0,18529000
1977,329,0,0.00208,0.00167,0,0,0,1165095,53680000,0,0
1977,330,0.00116,0.00079,0,0,0,2071873,429980,0,0,0
1977,331,0,0.0001,0,0,0,0,54200,0,0,0
1977,332,0,0,0,0,0,0,0,0,0,0
1977,333,0,0,0,0,0,0,0,0,0,0
1977,334,0,0,0,0,0,0,0,0,0,0
1977,335,0,0,0,0,0,0,0,0,0,0
1977,336,0,0,0,0,0,0,0,0,0,0
1978,337,0,0,0.00006,0.0008,0.00047,0,0,1649000,30085320,45022000
1978,338,0,0,0,0,0,0,0,0,0,0
1978,339,0,0,0.00001,0,0,0,0,30380,0,0
1978,340,0,0.00059,0.0016,0.00003,0.00003,0,324891,50753116,943900,2140000
1978,341,0.00001,0.0019,0.00003,0,0,17821,1033143,388029,0,0
1978,342,0.0026,0.00124,0,0,0,4553202,681622,0,0,0
1978,343,0.00001,0.0007,0,0,0,16319,385890,0,0,0
1978,344,0,0,0,0,0,0,0,0,0,0
1978,345,0,0,0,0,0,0,0,0,0,0
1978,346,0,0.00011,0,0,0,0,61833,0,0,0
1978,347,0,0,0,0,0,0,0,0,0,0
1978,348,0,0,0,0,0,0,0,0,0,0
1979,349,0,0.00001,0.00009,0,0.00059,0,4000,2390000,0,64906000
1979,350,0,0,0,0,0,0,0,0,0,0
1979,351,0.00001,0,0.00011,0,0,726,0,1441383,0,0
1979,352,0,0.00058,0.00001,0,0.00001,0,324619,235980,0,225000
1979,353,0.00023,0.00124,0.00158,0,0,389904,679256,47120661,0,0
1979,354,0.00194,0.00113,0,0,0,3440660,600310,0,0,0
1979,355,0.00001,0.00006,0,0,0,12963,30000,0,0,0
1979,356,0,0,0,0,0,0,0,0,0,0
1979,357,0,0.00002,0,0,0,0,6000,0,0,0
1979,358,0,0,0,0,0,0,0,0,0,0
1979,359,0,0.00022,0,0,0,0,119448,0,0,0
1979,360,0,0.00001,0,0,0,0,2900,0,0,0
1980,361,0,0,0.00034,0.00062,0.00062,0,0,9120526,23227085,58074000
1980,362,0,0,0,0,0,0,0,0,0,0
1980,363,0.00018,0,0.00026,0.00002,0,310160,0,3968820,497715,0
1980,364,0.00002,0.0006,0.00004,0.00001,0.00004,34111,325040,1010000,51547,3000000
1980,365,0.00006,0.00633,0.00231,0.00003,0,87658,3511844,63474545,924800,0
1980,366,0.00364,0.00115,0,0.00001,0,6496976,593399,0,25717,0
1980,367,0.00001,0.0001,0,0,0,1645,50504,0,0,0
1980,368,0,0.00007,0,0,0,0,35000,0,0,0
1980,369,0,0.00011,0,0,0,0,45561,0,0,0
1980,370,0,0,0,0,0,0,0,0,0,0
1980,371,0,0,0,0,0,0,0,0,0,0
1980,372,0,0,0,0,0,0,0,0,0,0
1981,373,0,0,0.00007,0,0.00072,0,0,1872000,0,59924000
1981,374,0,0,0,0.00001,0,0,0,0,125822,0
1981,375,0,0.0005,0.00032,0.00004,0,0,274333,5940192,1250629,0
1981,376,0.00016,0.00284,0.00298,0.00002,0.00014,279685,1552691,74368196,139496,12171000
1981,377,0.00188,0.00273,0.00058,0,0,3310192,1453988,6027376,0,0
1981,378,0.00281,0.00149,0.00003,0,0,5029234,772637,22571,0,0
1981,379,0.00008,0.00027,0,0,0,96776,122511,0,0,0
1981,380,0.00002,0.00007,0,0,0,28966,36132,0,0,0
1981,381,0,0.00001,0,0,0,0,2500,0,0,0
1981,382,0,0.00002,0,0,0,0,9750,0,0,0
1981,383,0.00001,0.00037,0,0,0,4662,203154,0,0,0
1981,384,0,0,0,0,0,0,0,0,0,0
1982,385,0,0.00001,0.00011,0.00064,0.00053,0,4000,2810000,23779957,50248000
1982,386,0,0,0,0,0,0,0,0,0,0
1982,387,0,0.00002,0.00072,0.0001,0,0,1250,12099932,2617981,0
1982,388,0.0002,0.00078,0.00073,0.00004,0.00005,284663,385748,9276391,136292,4112000
1982,389,0.00056,0.006,0.00199,0.00006,0,921011,3258406,53056365,1628738,0
1982,390,0.0033,0.00646,0.00007,0,0,5890847,3563858,586186,0,0
1982,391,0.00012,0.00093,0,0,0,165839,478504,0,0,0
1982,392,0.00001,0.00001,0,0,0,9806,2000,0,0,0
1982,393,0,0.00057,0,0,0,0,310161,0,0,0
1982,394,0.00001,0.00011,0,0,0,2563,56837,0,0,0
1982,395,0,0,0,0,0,0,0,0,0,0
1982,396,0,0.00002,0,0,0,0,10000,0,0,0
1983,397,0,0.00004,0.00014,0,0.00074,0,17500,3670000,0,63286000
1983,398,0,0,0,0.00001,0,0,0,0,52067,0
1983,399,0.00004,0.00128,0.00091,0,0,52206,693369,13610911,0,0
1983,400,0.00098,0.00183,0.00382,0,0.00004,1546490,938748,90193437,0,1186800
1983,401,0.00131,0.00584,0.00224,0,0,2185219,3163529,21909519,0,0
1983,402,0.00385,0.00697,0.00008,0,0,6799323,3871883,496382,0,0
1983,403,0.00014,0.00036,0.00001,0,0,221535,193858,13,0,0
1983,404,0,0.00017,0,0,0,0,81539,0,0,0
1983,405,0,0.00013,0,0,0,0,52620,0,0,0
1983,406,0,0,0,0,0,0,0,0,0,0
1983,407,0,0.00034,0,0,0,0,183953,0,0,0
1983,408,0,0,0,0,0,0,0,0,0,0
1984,409,0,0,0.00017,0.00054,0.00063,0,0,4430000,19380917,57474000
1984,410,0,0.00004,0,0.00001,0,0,20000,0,7307,0
1984,411,0,0.00056,0.00097,0.00003,0,0,280929,14662841,711564,0
1984,412,0.0011,0.00055,0.00145,0.00007,0.00007,1873784,246485,23706245,1235522,5712000
1984,413,0.00134,0.00861,0.00398,0,0,2235724,4685084,82089703,0,0
1984,414,0.00465,0.00707,0.00008,0,0,8170181,3900956,619139,0,0
1984,415,0.00015,0.00045,0,0,0,251000,246706,0,0,0
1984,416,0,0.00064,0,0,0,0,345019,0,0,0
1984,417,0.00002,0.00029,0,0,0,10325,138796,0,0,0
1984,418,0.00001,0.00026,0,0,0,6959,122388,0,0,0
1984,419,0,0,0,0,0,0,0,0,0,0
1984,420,0,0.00027,0,0,0,0,151692,0,0,0
1985,421,0,0,0.00007,0,0.00067,0,0,1684893,0,56880000
1985,422,0,0.0004,0,0,0,0,224581,0,0,0
1985,423,0.00004,0.00011,0.00103,0,0,56378,50127,16257998,0,0
1985,424,0.00158,0.0026,0.00081,0,0.00018,2484363,1378058,10788386,0,15057000
1985,425,0.002,0.01707,0.00345,0,0,3257714,9377072,65554027,0,0
1985,426,0.00454,0.00397,0.00044,0,0,7889250,2153902,4157465,0,0
1985,427,0.00025,0.00655,0,0,0,416139,3655806,0,0,0
1985,428,0,0.00076,0,0,0,0,400981,0,0,0
1985,429,0,0.00222,0,0,0,0,1207222,0,0,0
1985,430,0.00018,0.00027,0,0,0,266590,125484,0,0,0
1985,431,0,0.00009,0,0,0,0,33096,0,0,0
1985,432,0,0,0,0,0,0,0,0,0,0
1986,433,0,0.00011,0,0,0.00002,0,56724,0,0,2815000
1986,434,0,0,0,0,0,0,0,0,0,0
1986,435,0.00012,0.00023,0.00074,0.00012,0,172816,113125,14469555,2991449,0
1986,436,0.00104,0.00097,0.00209,0.00011,0.00013,1548717,455648,26542999,3221255,9718625
1986,437,0.00192,0.01591,0.00242,0.00049,0,2905626,8686240,42009653,15503526,0
1986,438,0.00844,0.00307,0.00094,0,0.00023,14761378,1610127,9282910,0,18884000
1986,439,0.00026,0.00373,0,0,0,430137,2034170,0,0,0
1986,440,0.00001,0.00106,0,0,0,7550,545711,0,0,0
1986,441,0.00008,0.00052,0,0,0,117210,264204,0,0,0
1986,442,0.00009,0.00067,0,0,0,132812,339152,0,0,0
1986,443,0,0.00044,0,0,0,0,230361,0,0,0
1986,444,0,0.00009,0,0,0,0,45188,0,0,0
1987,445,0,0,0,0,0,0,0,0,0,2627000
1987,446,0,0,0,0,0,0,0,0,0,0
1987,447,0.0001,0.0002,0.00244,0.00003,0.00001,102769,84660,60329073,1310389,14100
1987,448,0.00287,0.00086,0.00148,0.0002,0.00038,4735826,418448,14756734,3437534,26246763
1987,449,0.00835,0.01587,0.00364,0,0.00005,14676089,8527762,64685509,0,3877000
1987,450,0.00375,0.00492,0.00002,0,0.00003,6558985,2634471,94500,0,231504
1987,451,0.00023,0.00081,0,0,0.00002,378979,403495,0,0,51044
1987,452,0.00003,0.00018,0.00003,0,0,39674,86972,40000,0,0
1987,453,0.00012,0.00036,0,0,0,180539,179544,0,0,0
1987,454,0.00013,0.00037,0,0,0.00002,159584,183849,0,0,27850
1987,455,0,0.00024,0,0,0,0,119605,0,0,0
1987,456,0,0.00031,0,0,0,0,155842,0,0,0
1988,457,0,0.00005,0,0.00003,0,0,18208,0,628031,1567000
1988,458,0.00001,0.00004,0,0,0,18080,11076,0,0,0
1988,459,0.00016,0.00025,0.00094,0.00016,0.00001,177762,128202,19410774,4599691,14100
1988,460,0.00357,0.001,0.00567,0.00102,0.00053,6027522,498751,119423690,34795550,37006150
1988,461,0.0086,0.0128,0.00081,0.00001,0.00021,14901594,6854997,7744773,100000,17607000
1988,462,0.0065,0.0053,0.00002,0,0.00003,11410655,2779139,75000,0,325423
1988,463,0.00033,0.00097,0.00001,0,0.00001,523642,480074,24000,0,73900
1988,464,0.00003,0.00014,0,0,0.00001,45950,60719,0,0,1073
1988,465,0.00007,0.00014,0,0,0,109834,56876,0,0,0
1988,466,0.00004,0.00047,0,0,0,55842,218065,0,0,0
1988,467,0,0,0,0,0,0,0,0,0,0
1988,468,0,0.00002,0,0,0,0,9472,0,0,0
1989,469,0.00002,0.00002,0,0,0,28149,8000,0,0,1764000
1989,470,0.00003,0,0,0,0,37965,0,0,0,0
1989,471,0.00025,0.00019,0.00107,0.00007,0.00026,398137,86228,22888672,3286590,20451100
1989,472,0.00209,0.00071,0.00295,0.00005,0.0003,3472490,338283,54703381,1400000,20147999
1989,473,0.00926,0.01512,0.00409,0.00001,0.00015,15979802,7985292,83614142,75000,9810000
1989,474,0.00633,0.00304,0.00004,0,0.00002,11118981,1553939,230864,0,240791
1989,475,0.00041,0.00093,0,0,0,646144,496623,0,0,0
1989,476,0.00026,0.00003,0,0,0,427800,9951,0,0,0
1989,477,0,0.00007,0,0,0,0,35000,0,0,0
1989,478,0.00006,0.00063,0,0,0,71127,311066,0,0,0
1989,479,0,0.00066,0,0,0,0,364300,0,0,0
1989,480,0,0.00011,0,0,0,0,50096,0,0,0
1990,481,0,0.00015,0,0.00003,0.00032,0,69150,0,141687,25889912
1990,482,0.00003,0.00007,0,0.00005,0,39483,32112,0,390723,0
1990,483,0.00037,0.00026,0.00105,0.00038,0.00001,574371,114297,22943170,12650365,14100
1990,484,0.00272,0.00121,0.00502,0.00089,0.00068,4598157,561428,99858042,29348197,36056060
1990,485,0.00982,0.01727,0.00127,0.00009,0.00002,16694934,9230563,11147531,403609,1764000
1990,486,0.00417,0.00335,0.00001,0,0.00007,7293588,1781202,17200,0,381681
1990,487,0.00044,0.00053,0,0,0,704193,267005,0,0,0
1990,488,0,0.00059,0,0,0,0,313990,0,0,0
1990,489,0.00005,0.00004,0,0,0,84992,17500,0,0,0
1990,490,0.00005,0.00049,0,0,0.0001,75898,242659,0,0,80641
1990,491,0,0.00025,0,0,0,0,127860,0,0,0
1990,492,0,0.00036,0,0,0,0,201013,0,0,0
1991,493,0,0,0,0,0.00022,0,0,0,0,17600000
1991,494,0.00006,0.00002,0.00003,0,0,77868,7900,57000,0,0
1991,495,0.00028,0.0002,0.00104,0.00016,0.00006,470407,71544,23623732,4820670,1614100
1991,496,0.00255,0.00151,0.00467,0.00002,0.00043,4237472,774578,111861807,800000,21617591
1991,497,0.00861,0.01528,0.00188,0,0.00011,14621191,8118887,21170741,0,4353166
1991,498,0.00667,0.00534,0.00005,0.00008,0,11756497,2804416,500000,800000,0
1991,499,0.00107,0.00086,0,0,0,1756155,438712,0,0,0
1991,500,0,0,0,0,0,0,0,0,0,0
1991,501,0,0.00022,0,0,0,0,112716,0,0,0
1991,502,0.00012,0.00081,0,0,0.00005,205096,418984,0,0,48334
1991,503,0.00005,0.0003,0,0,0,80000,144205,0,0,0
1991,504,0,0.00004,0,0,0,0,15626,0,0,0
1992,505,0.00008,0.00003,0,0.00001,0,143264,10961,0,473091,0
1992,506,0.00003,0.00007,0,0.0002,0,42328,26756,0,5405949,0
1992,507,0.00038,0.00112,0.00219,0.00027,0.00068,624670,561193,57299240,7539485,42990056
1992,508,0.00282,0.00141,0.00317,0.00074,0.00039,4825352,599696,34906522,31746554,29787768
1992,509,0.00938,0.0171,0.0019,0.00004,0.00019,16297967,9148314,41260768,95000,16589314
1992,510,0.00274,0.00314,0.00003,0,0.00023,4623876,1650131,157500,0,1525784
1992,511,0.00027,0.0023,0,0,0.00006,434084,1246674,0,0,225682
1992,512,0,0.00003,0,0,0,0,8400,0,0,0
1992,513,0.00019,0.00004,0,0,0,312080,19843,0,0,0
1992,514,0,0.00023,0,0,0.00006,0,110314,0,0,70494
1992,515,0.00008,0.00024,0,0.00001,0,126360,114859,0,985424,0
1992,516,0.00003,0,0,0,0,53313,0,0,0,0
1993,517,0.00004,0.00002,0.00004,0,0,51741,3000,860000,0,0
1993,518,0.00008,0,0,0,0,126889,0,0,0,0
1993,519,0.00007,0.00018,0.00129,0.00013,0.00005,105000,92000,28955190,3818080,1551000
1993,520,0.00337,0.00126,0.00386,0.00002,0.00102,5822101,633408,70405210,475000,68485092
1993,521,0.00596,0.01427,0.00348,0.00006,0.00014,10117354,7368983,78100937,700000,4627812
1993,522,0.00546,0.00366,0.00005,0,0.00016,9583878,1943862,305816,0,1464186
1993,523,0.0001,0.003,0,0,0.00006,149201,1635853,0,0,326248
1993,524,0.00001,0.00039,0,0,0.00001,1987,160942,0,0,26145
1993,525,0.00002,0.00006,0,0,0,25483,21786,0,0,0
1993,526,0.00001,0.00017,0,0,0.00005,4882,87274,0,0,1022636
1993,527,0.00005,0.00001,0,0.00002,0,66880,750,0,1530002,0
1993,528,0,0.00014,0,0,0,0,64137,0,0,0
1994,529,0,0.00009,0.00007,0,0,0,45960,613000,0,0
1994,530,0,0.00004,0.00005,0.00001,0,0,20014,1097314,429530,0
1994,531,0.00018,0.00001,0.0004,0.0003,0.00061,283908,2751,9388878,8112757,40334200
1994,532,0.00211,0.00161,0.00506,0.00054,0.00023,3665993,777973,85130244,25493635,13165558
1994,533,0.00883,0.01504,0.00289,0,0.00017,15393340,7820931,67807651,0,7567098
1994,534,0.00174,0.00413,0.00002,0,0.00029,2980840,2184153,44000,0,1457970
1994,535,0.00012,0.00262,0,0,0,176950,1434914,0,0,0
1994,536,0,0.00056,0,0,0,0,310219,0,0,0
1994,537,0.00004,0.00058,0,0,0,49311,299806,0,0,0
1994,538,0.00008,0.00004,0,0,0.00005,129535,11771,0,0,50588
1994,539,0.00006,0.00003,0,0.00002,0,102900,13700,0,1750000,0
1994,540,0,0.00009,0,0,0,0,47449,0,0,0
1995,541,0,0,0.00001,0,0.00004,0,0,132650,0,2045000
1995,542,0,0,0,0,0,0,0,0,0,0
1995,543,0.00036,0.00001,0.00108,0.00006,0.00006,614178,5114,25310476,1685732,1584300
1995,544,0.00177,0.00115,0.00403,0,0.00073,3120186,584632,69374506,0,45879003
1995,545,0.00611,0.01691,0.00286,0.00011,0.00019,10407732,8694020,58306825,1981042,3089917
1995,546,0.00573,0.00353,0,0,0.00011,10159237,1870399,0,0,861963
1995,547,0.00019,0.00232,0,0,0,290703,1247266,0,0,0
1995,548,0,0.00053,0,0,0,0,287328,0,0,0
1995,549,0,0.00024,0,0,0,0,102228,0,0,0
1995,550,0,0.00008,0,0,0,0,35136,0,0,0
1995,551,0.00005,0.00001,0,0.00001,0,74410,4000,0,1470000,0
1995,552,0,0,0,0,0,0,0,0,0,0
1996,553,0,0.00008,0.00001,0.00001,0.00012,0,37600,2700,192114,9202000
1996,554,0,0.00078,0.00001,0.00012,0,0,436120,110406,1453575,0
1996,555,0.00013,0,0.00028,0.00017,0.00008,203405,0,6554193,3598017,2174100
1996,556,0.00086,0.00222,0.00703,0.0006,0.00034,1392503,1127066,104280018,22493176,21962365
1996,557,0.00484,0.0164,0.0013,0.00012,0.00002,8141480,8540126,10418085,1762467,446359
1996,558,0.00589,0.00322,0.00004,0,0.00012,10396455,1645909,93150,0,1202666
1996,559,0.00004,0.00144,0,0,0.00012,64276,752867,0,0,741289
1996,560,0,0.00002,0,0,0,0,11000,0,0,0
1996,561,0,0.00053,0,0,0,0,292096,0,0,0
1996,562,0.00001,0.00019,0,0,0,4700,94713,0,0,0
1996,563,0.00009,0,0,0,0,151870,0,0,0,0
1996,564,0,0,0,0,0,0,0,0,0,0
1997,565,0,0,0,0,0,0,0,0,0,0
1997,566,0,0.00003,0,0.00001,0,0,14632,0,135511,0
1997,567,0.00014,0.00005,0.00025,0.00013,0.00004,215800,24000,6450000,3183059,518800
1997,568,0.00204,0.00275,0.00386,0.00017,0.00108,3490756,1529736,77147908,1819990,60652519
1997,569,0.00658,0.01607,0.0021,0.00001,0.00045,11202678,8239357,19075906,15000,20377979
1997,570,0.00578,0.00231,0.00003,0,0.00013,10208775,1073039,88392,0,1508024
1997,571,0.00019,0.00109,0.00001,0,0.00012,296497,566953,41,0,964980
1997,572,0,0.00003,0,0,0,0,12000,0,0,0
1997,573,0,0.00009,0,0,0,0,41056,0,0,0
1997,574,0,0.0002,0,0,0,0,89689,0,0,0
1997,575,0.00001,0.00061,0,0.00001,0,11050,327811,0,369380,0
1997,576,0,0,0,0,0,0,0,0,0,0
1998,577,0,0.00004,0.00001,0.00002,0,0,16802,206965,559732,0
1998,578,0,0.00002,0,0.00005,0,0,6585,0,1335634,0
1998,579,0.00018,0,0.0005,0.00029,0.00032,296149,0,11732638,6534665,16523385
1998,580,0.00223,0.00168,0.0063,0.00082,0.00018,3824978,806427,111051645,22546153,7457933
1998,581,0.00766,0.01775,0.00122,0.00001,0.00011,13018443,9237453,9204070,3000,1951632
1998,582,0.00227,0.00227,0.00002,0,0.0001,3994840,1108279,27200,0,737588
1998,583,0.00002,0.00063,0,0,0,24824,297932,0,0,0
1998,584,0,0.00001,0,0,0,0,1489,0,0,0
1998,585,0,0.00021,0,0,0,0,100269,0,0,0
1998,586,0,0.00006,0,0,0,0,22210,0,0,0
1998,587,0.00003,0.00007,0,0,0,40460,23301,0,0,0
1998,588,0,0.00002,0,0.00001,0,0,5500,0,48811,0
1999,589,0.00001,0.00018,0,0,0.00091,800,96201,0,0,73629000
1999,590,0,0,0.00002,0.00009,0,0,0,242853,2740105,0
1999,591,0.00138,0.00002,0.0009,0.00011,0.00003,2426655,4958,26307837,4407905,504800
1999,592,0.00229,0.00269,0.00603,0,0.00019,3910290,1223877,133510325,0,6334480
1999,593,0.00891,0.0152,0.00034,0,0.00006,15367765,7926595,1380229,0,1220311
1999,594,0.00228,0.00373,0.00009,0,0,3969158,1935362,495038,0,0
1999,595,0.00012,0.00127,0,0,0.00011,187257,643630,0,0,754055
1999,596,0,0.00034,0,0,0,0,167579,0,0,0
1999,597,0.00001,0,0,0,0,4200,0,0,0,0
1999,598,0,0.00054,0,0,0,0,270586,0,0,0
1999,599,0,0.00002,0,0,0,0,2550,0,0,0
1999,600,0,0,0,0,0,0,0,0,0,0
2000,601,0,0,0,0,0,0,0,0,0,0
2000,602,0.00073,0,0.00002,0.00003,0,1306845,0,56703,1142097,0
2000,603,0.00165,0.00016,0.00014,0.00061,0.00026,2884896,67083,1765025,17602999,9018800
2000,604,0.00238,0.0022,0.00572,0.00011,0.001,4061193,1017646,136391286,1610932,37244000
2000,605,0.00753,0.01904,0.00086,0.00003,0.00063,12930950,9966233,6238163,145265,21155550
2000,606,0.00364,0.00437,0.00007,0,0.00001,6385260,2246801,315770,0,402
2000,607,0.00006,0.00052,0,0,0,70126,258481,0,0,0
2000,608,0,0.00115,0,0,0,0,633007,0,0,0
2000,609,0,0,0,0,0,0,0,0,0,0
2000,610,0.00001,0.0002,0,0,0,200,86642,0,0,0
2000,611,0.00005,0.0001,0,0,0,81370,55149,0,0,0
2000,612,0,0,0,0,0,0,0,0,0,0
2001,613,0,0.00005,0.00005,0,0,0,22884,622000,0,0
2001,614,0,0.00003,0,0.00001,0,0,7250,0,71344,0
2001,615,0.00156,0.00016,0.00002,0.00016,0.00025,2737707,83827,254800,6540693,9004800
2001,616,0.00198,0.00405,0.0053,0.00001,0.00061,3443328,2161755,116466241,500000,24136813
2001,617,0.00775,0.01631,0.00102,0,0.00063,13369652,8480559,7700304,0,17538967
2001,618,0.00246,0.00684,0.00002,0,0.00001,4309478,3620486,43578,0,14981
2001,619,0.00003,0.00102,0,0,0,41466,551225,0,0,0
2001,620,0.00004,0.00004,0,0,0,53263,20175,0,0,0
2001,621,0,0.00017,0,0,0,0,86516,0,0,0
2001,622,0,0.00006,0,0,0,0,32900,0,0,0
2001,623,0.00003,0,0,0.00002,0,45400,0,0,570698,0
2001,624,0,0,0,0,0,0,0,0,0,0
2002,625,0,0.00001,0.00001,0.00002,0,0,2000,91327,23867,0
2002,626,0,0.00002,0,0.00003,0,0,6090,0,1050000,0
2002,627,0.00105,0.00019,0.00011,0.00072,0.00028,1819493,88243,1551849,20443092,11000000
2002,628,0.00311,0.00149,0.00726,0.00011,0.00069,5477704,772030,169908089,3526162,35245672
2002,629,0.00739,0.0218,0.00059,0.00004,0.00052,12704822,11416371,2635725,245001,15141058
2002,630,0.00502,0.00283,0.00004,0,0.00001,8867030,1447110,98150,0,31922
2002,631,0.00018,0.00023,0,0,0,288625,111084,0,0,0
2002,632,0.00004,0.00005,0,0,0,52591,25604,0,0,0
2002,633,0,0.00013,0,0,0.00001,0,69841,0,0,461
2002,634,0,0.00013,0,0,0.00001,0,66337,0,0,3254
2002,635,0.00005,0.00021,0,0,0,73160,104363,0,0,0
2002,636,0.00012,0,0,0,0,200447,0,0,0,0
2003,637,0,0,0.00002,0,0,0,0,434405,0,0
2003,638,0,0.00004,0,0,0,0,19825,0,0,0
2003,639,0.00091,0.00025,0.00016,0.00024,0.00103,1586000,117774,2419866,8310323,56604874
2003,640,0.00198,0.00637,0.00697,0.00001,0.00029,3464261,3506682,158447197,94611,10750957
2003,641,0.00972,0.01354,0.0006,0,0.00112,16909034,6845683,2446747,0,31113166
2003,642,0.0019,0.00423,0.00002,0,0,3253069,2217968,63000,0,0
2003,643,0.00011,0.00039,0,0,0,164650,210034,0,0,0
2003,644,0,0.00032,0,0,0.00001,0,169482,0,0,2784
2003,645,0,0,0,0,0.00008,0,0,0,0,227029
2003,646,0,0.00001,0,0.00001,0,0,2570,0,225255,0
2003,647,0.00004,0,0,0,0,59920,0,0,0,0
2003,648,0,0,0,0,0,0,0,0,0,0
2004,649,0,0.00002,0,0,0.00033,0,4000,0,0,27000000
2004,650,0.00025,0,0,0.00002,0,451625,0,0,610579,0
2004,651,0.00081,0.00003,0.00008,0.00055,0.0001,1398667,12683,731248,16960139,3512055
2004,652,0.00193,0.004,0.00449,0.0001,0.00118,3297925,2207841,96143545,3191676,61640512
2004,653,0.01081,0.01404,0.00112,0.00001,0.00009,18938952,7119500,8153515,32064,1390132
2004,654,0.00072,0.00118,0,0,0.00009,1126337,524685,0,0,983847
2004,655,0,0.00041,0,0,0.00002,0,219335,0,0,148448
2004,656,0,0.00001,0,0,0,0,5000,0,0,0
2004,657,0.00002,0.00006,0,0,0,23032,31265,0,0,0
2004,658,0,0.00004,0,0,0.00008,0,20000,0,0,163721
2004,659,0.00004,0.00024,0,0,0.00001,56090,124307,0,0,1342
2004,660,0,0.00001,0,0,0.00001,0,1300,0,0,50
2005,661,0,0,0.00004,0,0,0,0,1193835,0,0
2005,662,0.00038,0.00003,0.00039,0.00001,0,659484,4500,10877698,120000,0
2005,663,0.00112,0.00022,0.0002,0.00014,0.00014,1912750,113226,2501142,4388496,3474469
2005,664,0.00254,0.00296,0.0056,0,0.0013,4380139,1502333,112884333,0,45185579
2005,665,0.00827,0.01547,0.00048,0.00002,0.00031,14296370,7940977,2010179,388000,10792112
2005,666,0.00092,0.00298,0,0,0.00008,1463172,1555763,0,0,583234
2005,667,0.00016,0.00003,0,0,0.00005,275400,12991,0,0,297085
2005,668,0,0.00002,0,0,0,0,4545,0,0,0
2005,669,0,0.00016,0,0,0,0,89504,0,0,0
2005,670,0,0.00014,0,0,0.00008,0,75638,0,0,131743
2005,671,0.00004,0.00001,0,0,0,50350,2000,0,0,0
2005,672,0.00012,0,0,0,0,202807,0,0,0,0
2006,673,0,0.00003,0,0,0,0,7000,0,0,0
2006,674,0.00002,0,0,0.00002,0.00002,22173,0,0,396356,2495
2006,675,0.001,0.00004,0.00006,0.00061,0,1704211,11935,699532,19739065,0
2006,676,0.00139,0.00113,0.00436,0.00031,0.00154,2391690,514370,93307395,7138021,48762266
2006,677,0.00572,0.01326,0.00086,0,0.00033,9786969,6606500,5274519,0,10554887
2006,678,0.00433,0.00186,0,0,0.0001,7465568,985396,0,0,666351
2006,679,0,0.00005,0,0,0.00003,0,13786,0,0,133615
2006,680,0,0,0,0,0,0,0,0,0,0
2006,681,0,0.0002,0,0,0,0,105984,0,0,0
2006,682,0,0.00002,0,0,0.00007,0,5900,0,0,155795
2006,683,0,0,0,0,0,0,0,0,0,0
2006,684,0.00005,0,0,0,0,82074,0,0,0,0
2007,685,0,0,0,0,0.00002,0,0,0,0,4985
2007,686,0.00012,0.00001,0,0,0,198854,5200,0,0,0
2007,687,0.00089,0.00001,0.00061,0.00006,0,1514914,5202,10218021,1552000,0
2007,688,0.00118,0.00167,0.00393,0.00014,0.00098,1990029,771190,83861498,2727340,54325658
2007,689,0.00657,0.01128,0.00177,0,0.00023,11202147,5769717,36673145,0,6857486
2007,690,0.00379,0.00066,0.00002,0,0.00009,6604763,335629,198000,0,731761
2007,691,0.00004,0.0003,0,0,0.00008,55890,158845,0,0,643074
2007,692,0,0.00011,0,0,0,0,61070,0,0,0
2007,693,0,0.00019,0,0,0,0,104770,0,0,0
2007,694,0,0,0,0,0.00006,0,0,0,0,138155
2007,695,0,0,0,0.00001,0.00002,0,0,0,3136,500
2007,696,0,0.00004,0,0,0,0,12896,0,0,0
2008,697,0,0,0,0.00001,0,0,0,0,63250,0
2008,698,0,0,0.00002,0.00003,0,0,0,106855,221970,0
2008,699,0.00097,0.00005,0.00034,0.00125,0,1673480,22585,6446770,9499414,0
2008,700,0.00094,0.00129,0.00341,0.00022,0.00062,1535092,588705,69465601,7088629,33960535
2008,701,0.0065,0.00953,0.00061,0.00012,0.00015,10987659,4769175,3855199,968159,2630539
2008,702,0.00255,0.00346,0.00005,0,0.00009,4415541,1907987,153418,0,864233
2008,703,0.00008,0.00072,0,0,0.00002,105307,384551,0,0,122001
2008,704,0.00001,0.00016,0,0,0.00006,5500,77489,0,0,656630
2008,705,0,0.00002,0,0,0,0,10198,0,0,0
2008,706,0,0,0,0,0.00007,0,0,0,0,150573
2008,707,0.00004,0,0,0,0,68650,0,0,0,0
2008,708,0,0.00001,0,0,0,0,4369,0,0,0
2009,709,0,0.00001,0,0,0,0,3368,0,0,0
2009,710,0,0,0.00003,0,0,0,0,168124,0,0
2009,711,0,0.00001,0.00057,0.00012,0.00001,0,500,15262950,2845302,75600
2009,712,0.00023,0.0014,0.00152,0.00013,0.00017,353536,734835,26941664,4104250,8327521
2009,713,0.00916,0.01297,0.00068,0.00012,0.00015,15969104,7003976,3938759,965337,777771
2009,714,0.00084,0.00108,0.00023,0,0.00011,1398838,555628,48797,0,1620609
2009,715,0,0.0002,0,0,0,0,103578,0,0,0
2009,716,0.00009,0.00008,0,0,0.00011,160000,30411,0,0,677868
2009,717,0.00001,0.00005,0,0,0,200,26821,0,0,0
2009,718,0,0,0,0,0.00008,0,0,0,0,142228
2009,719,0,0,0,0,0,0,0,0,0,0
2009,720,0,0,0,0.00001,0,0,0,0,16461,0
2010,721,0.00016,0.00105,0,0,0,274590,578944,0,0,0
2010,722,0.0001,0.00011,0.00002,0.00005,0,179186,60439,59846,832223,0
2010,723,0,0.00036,0.00022,0.00028,0.00042,0,190794,4791944,9326578,34284658
2010,724,0.00098,0.00283,0.00203,0.00038,0.00014,1660196,1446647,33817618,7089040,8329660
2010,725,0.00665,0.01069,0.0004,0,0.00027,11426726,5725403,3782550,0,5027417
2010,726,0.00228,0.00402,0,0,0.00007,4047052,2212161,0,0,593988
2010,727,0.00003,0.00029,0,0,0.00002,45000,142312,0,0,103149
2010,728,0,0.00027,0,0,0.00003,0,133655,0,0,132957
2010,729,0.00007,0,0,0,0,100211,0,0,0,0
2010,730,0.00005,0,0,0,0.00006,47101,0,0,0,148532
2010,731,0.00019,0.00005,0,0,0,324889,25907,0,0,0
2010,732,0,0,0,0,0,0,0,0,0,0
2011,733,0,0.00001,0.00001,0,0,0,2000,16224,0,0
2011,734,0.00004,0,0.00002,0.00001,0,62945,0,46173,230000,0
2011,735,0.00007,0.00057,0.00007,0.00005,0.00003,73612,310303,410992,1483000,42794
2011,736,0.00139,0.0014,0.00201,0.00015,0.00068,2307017,538657,27619419,4904768,42030000
2011,737,0.00629,0.01492,0.00048,0.00016,0.00068,10858849,8024777,4322967,1429828,36727270
2011,738,0.00145,0.00287,0.00001,0,0.00007,2368914,1432885,77370,0,586356
2011,739,0.00009,0.0007,0,0,0.00002,139700,349600,0,0,154799
2011,740,0.00007,0.00002,0,0,0.00016,105227,6000,0,0,902713
2011,741,0,0.00002,0,0,0,0,9542,0,0,0
2011,742,0,0.00005,0,0,0.00006,0,24848,0,0,143199
2011,743,0.00002,0,0,0,0,25620,0,0,0,0
2011,744,0,0,0.00002,0,0,0,0,938166,0,0
2012,745,0,0.00004,0,0.00001,0,0,17750,0,17500,0
2012,746,0.00001,0.00001,0.00001,0.00002,0,13481,5000,80000,144800,0
2012,747,0,0.00018,0.00004,0.00007,0,0,84494,863438,2670347,0
2012,748,0.00144,0.00188,0.00299,0.00044,0.00058,2407872,834217,67635921,11395326,37742174
2012,749,0.00671,0.01043,0.00108,0.00011,0.00031,11556145,5606407,11049368,1099099,9473307
2012,750,0.002,0.00297,0.00002,0.00001,0.00014,3403474,1510581,20300,5003,1301067
2012,751,0.00003,0.00075,0,0,0.00002,44333,390570,0,0,203367
2012,752,0.00008,0.00002,0,0,0.00006,102988,4198,0,0,583565
2012,753,0,0.00003,0,0,0.00003,0,15554,0,0,202000
2012,754,0.00002,0.00004,0,0,0.00006,18283,16431,0,0,149828
2012,755,0,0,0,0,0,0,0,0,0,0
2012,756,0.00012,0,0.00001,0,0,197133,0,500000,0,0
2013,757,0,0.00001,0,0,0,0,5000,0,0,0
2013,758,0,0,0,0.00005,0,0,0,0,2246577,0
2013,759,0.00034,0.0001,0.00139,0.00019,0.00001,589030,40284,35366552,4415550,434000
2013,760,0.00067,0.00104,0.00281,0.00009,0.00019,1070170,381185,43995980,848216,11145770
2013,761,0.00627,0.01173,0.00069,0,0.0001,10753044,6258154,4124298,0,49438
2013,762,0.00098,0.00119,0.00003,0,0.00014,1619556,580236,25991,0,1069138
2013,763,0.0001,0.00011,0,0,0.00006,137166,54066,0,0,355714
2013,764,0,0,0,0,0.0001,0,0,0,0,699930
2013,765,0,0,0,0,0.00009,0,0,0,0,398767
2013,766,0,0.00003,0,0,0.00006,0,13430,0,0,151154
2013,767,0.00008,0.00001,0,0,0,134056,5000,0,0,0
2013,768,0.00004,0,0.00001,0,0,59657,0,153365,0,0
2014,769,0,0,0,0,0,0,0,0,0,0
2014,770,0,0.00001,0,0.00002,0,0,3450,0,108547,0
2014,771,0.00001,0.00054,0.00123,0.00015,0,14188,288280,32183834,3166242,0
2014,772,0.0004,0.00153,0.00283,0.00042,0.00066,575427,659324,28079041,12650197,44830000
2014,773,0.00586,0.00953,0.00038,0,0.00018,10027385,5139206,2154385,0,3187329
2014,774,0.00042,0.00255,0.00004,0,0.00009,637394,1211664,173547,0,729702
2014,775,0.00001,0.00015,0,0,0,18000,77340,0,0,0
2014,776,0,0,0,0,0.00003,0,0,0,0,172083
2014,777,0,0,0,0,0.00006,0,0,0,0,231372
2014,778,0,0.00001,0,0,0.00003,0,5000,0,0,54699
2014,779,0.00002,0,0,0,0,26945,0,0,0,0
2014,780,0.00009,0,0,0,0,127359,0,0,0,0
2015,781,0,0,0.00005,0,0,0,0,561359,0,0
2015,782,0.00007,0,0,0,0,114512,0,0,0,0
2015,783,0.00013,0.00055,0.00067,0.00011,0.0003,200791,270714,12171178,4774776,19780759
2015,784,0.00128,0.00132,0.00233,0.00006,0,2135928,619663,16324973,609456,0
2015,785,0.0061,0.00848,0.00008,0,0.00033,10374397,4370040,157346,0,24543668
2015,786,0.00066,0.00133,0.00001,0,0.00009,983910,612843,110,0,569579
2015,787,0,0,0,0,0.00006,0,0,0,0,273179
2015,788,0,0,0,0,0.00018,0,0,0,0,414759
2015,789,0,0,0,0,0.00008,0,0,0,0,265708
2015,790,0,0,0,0,0.00002,0,0,0,0,52237
2015,791,0.00002,0,0,0,0,26056,0,0,0,0
2015,792,0,0,0,0,0,0,0,0,0,0
2016,793,0.00001,0,0,0,0,3911,0,0,0,0
2016,794,0.00005,0,0,0.00006,0,71511,0,0,2453220,0
2016,795,0,0,0.00011,0.00005,0.00008,0,0,2320000,980000,1730000
2016,796,0.00042,0,0.00129,0,0.00005,736798,0,24862746,0,26918
2016,797,0.00362,0.00231,0,0,0.00006,6286849,1236718,0,0,1320911
2016,798,0.00012,0.0006,0,0,0.00006,111359,320279,0,0,511439
2016,799,0,0,0,0,0,0,0,0,0,0
2016,800,0,0,0,0,0,0,0,0,0,0
2016,801,0,0,0,0,0,0,0,0,0,0
2016,802,0,0,0,0,0,0,0,0,0,0
2016,803,0,0,0,0,0,0,0,0,0,0
2016,804,0,0,0,0,0,0,0,0,0,0
2017,805,0,0,0,0,0,0,0,0,0,0
2017,806,0,0,0,0,0,0,0,0,0,0
2017,807,0,0,0,0,0,0,0,0,0,0
2017,808,0,0,0,0,0,0,0,0,0,0
2017,809,0,0,0,0,0,0,0,0,0,0
2017,810,0,0,0,0,0,0,0,0,0,0
2017,811,0,0,0,0,0,0,0,0,0,0
2017,812,0,0,0,0,0,0,0,0,0,0
2017,813,0,0,0,0,0,0,0,0,0,0
2017,814,0,0,0,0,0,0,0,0,0,0
2017,815,0,0,0,0,0,0,0,0,0,0
2017,816,0,0,0,0,0,0,0,0,0,0
2018,817,0,0,0,0,0,0,0,0,0,0
2018,818,0,0,0,0,0,0,0,0,0,0
2018,819,0,0,0,0,0,0,0,0,0,0
2018,820,0,0,0,0,0,0,0,0,0,0
2018,821,0,0,0,0,0,0,0,0,0,0
2018,822,0,0,0,0,0,0,0,0,0,0
2018,823,0,0,0,0,0,0,0,0,0,0
2018,824,0,0,0,0,0,0,0,0,0,0
2018,825,0,0,0,0,0,0,0,0,0,0
2018,826,0,0,0,0,0,0,0,0,0,0
2018,827,0,0,0,0,0,0,0,0,0,0
2018,828,0,0,0,0,0,0,0,0,0,0
2019,829,0,0,0,0,0,0,0,0,0,0
2019,830,0,0,0,0,0,0,0,0,0,0
2019,831,0,0,0,0,0,0,0,0,0,0
2019,832,0,0,0,0,0,0,0,0,0,0
2019,833,0,0,0,0,0,0,0,0,0,0
2019,834,0,0,0,0,0,0,0,0,0,0
2019,835,0,0,0,0,0,0,0,0,0,0
2019,836,0,0,0,0,0,0,0,0,0,0
2019,837,0,0,0,0,0,0,0,0,0,0
2019,838,0,0,0,0,0,0,0,0,0,0
2019,839,0,0,0,0,0,0,0,0,0,0
2019,840,0,0,0,0,0,0,0,0,0,0
2020,841,0,0,0,0,0,0,0,0,0,0
2020,842,0,0,0,0,0,0,0,0,0,0
2020,843,0,0,0,0,0,0,0,0,0,0
2020,844,0,0,0,0,0,0,0,0,0,0
2020,845,0,0,0,0,0,0,0,0,0,0
2020,846,0,0,0,0,0,0,0,0,0,0
2020,847,0,0,0,0,0,0,0,0,0,0
2020,848,0,0,0,0,0,0,0,0,0,0
2020,849,0,0,0,0,0,0,0,0,0,0
2020,850,0,0,0,0,0,0,0,0,0,0
2020,851,0,0,0,0,0,0,0,0,0,0
2020,852,0,0,0,0,0,0,0,0,0,0
