,SPECIES_NAME,STOCK_PROD_AREA_CODE,RELEASE_YEAR,TotalRelease,BIOMASS_MT
0,Chinook,GSMN,1974-01-01,298452,1.49524452
1,Chinook,GSMN,1976-01-01,47908,0.251517
2,Chinook,GSMN,1977-01-01,1184302,6.09807908
3,Chinook,GSMN,1978-01-01,1088421,7.05208245
4,Chinook,GSMN,1979-01-01,354760,1.8361017999999998
5,Chinook,GSMN,1980-01-01,1554099,8.641671420000002
6,Chinook,GSMN,1981-01-01,1489551,9.415130500000002
7,Chinook,GSMN,1982-01-01,1101319,6.09908179
8,Chinook,GSMN,1983-01-01,446767,3.0564039999999997
9,Chinook,GSMN,1984-01-01,1766063,9.6278985
10,Chinook,GSMN,1985-01-01,1786583,9.335100999999998
11,Chinook,GSMN,1986-01-01,1143841,11.425473850000001
12,Chinook,GSMN,1987-01-01,2624320,16.44727126
13,Chinook,GSMN,1988-01-01,3539286,22.658833940000008
14,Chinook,GSMN,1989-01-01,1801929,14.324933049999999
15,Chinook,GSMN,1990-01-01,1456553,9.4295892
16,Chinook,GSMN,1991-01-01,1480717,8.795817705382513
17,Chinook,GSMN,1992-01-01,2560274,14.769817370000002
18,Chinook,GSMN,1993-01-01,2630646,18.50358855
19,Chinook,GSMN,1994-01-01,1951672,12.06138181
20,Chinook,GSMN,1995-01-01,2214485,12.661693940000001
21,Chinook,GSMN,1996-01-01,2482127,18.283038090000005
22,Chinook,GSMN,1997-01-01,2548377,16.149501750000002
23,Chinook,GSMN,1998-01-01,2969016,19.511248020000004
24,Chinook,GSMN,1999-01-01,2927593,26.564998600000003
25,Chinook,GSMN,2000-01-01,2548867,21.502994250000004
26,Chinook,GSMN,2001-01-01,2365800,20.10123722
27,Chinook,GSMN,2002-01-01,3348155,27.101270310000007
28,Chinook,GSMN,2003-01-01,2888495,23.31026892000001
29,Chinook,GSMN,2004-01-01,2723856,22.687316280000005
30,Chinook,GSMN,2005-01-01,3045343,23.026017600000003
31,Chinook,GSMN,2006-01-01,3163822,21.150954950000006
32,Chinook,GSMN,2007-01-01,3212435,21.6247149
33,Chinook,GSMN,2008-01-01,1964611,12.512666239999998
34,Chinook,GSMN,2009-01-01,2180047,18.28595439
35,Chinook,GSMN,2010-01-01,2321420,21.33753952926004
36,Chinook,GSMN,2011-01-01,2502242,17.931824935555934
37,Chinook,GSMN,2012-01-01,2800965,19.812541319999998
38,Chinook,GSMN,2013-01-01,1553376,10.269026610000001
39,Chinook,GSMN,2014-01-01,919543,5.58133072
40,Chinook,GSMN,2015-01-01,1049882,4.87874107
41,Chinook,GSMN,2016-01-01,75422,0.09530947
42,Chinook,GSMS,1984-01-01,10441,0.06630035
43,Chinook,GSMS,1985-01-01,10000,0.0075
44,Chinook,GSMS,1986-01-01,9117,0.036468
45,Chinook,GSMS,1987-01-01,18387,0.1022075
46,Chinook,GSMS,1988-01-01,470,0.01316
47,Chinook,GSMS,1989-01-01,39677,0.265239
48,Chinook,GSMS,1990-01-01,62129,0.31289560000000005
49,Chinook,GSMS,1991-01-01,68679,0.37485493000000003
50,Chinook,GSMS,1992-01-01,29603,0.22771209999999997
51,Chinook,GSMS,1993-01-01,84000,0.537
52,Chinook,GSMS,1994-01-01,30142,0.2084999
53,Chinook,GSMS,1995-01-01,71898,0.3675594
54,Chinook,GSMS,1996-01-01,79098,0.4268508
55,Chinook,GSMS,1997-01-01,62497,0.272988
56,Chinook,GSMS,1998-01-01,112815,0.5676085
57,Chinook,GSMS,1999-01-01,114089,0.6806251000000001
58,Chinook,GSMS,2000-01-01,102393,0.511965
59,Chinook,GSMS,2001-01-01,146000,0.4828
60,Chinook,GSMS,2002-01-01,130000,0.575
61,Chinook,GSMS,2003-01-01,145000,0.575
62,Chinook,GSMS,2004-01-01,104000,0.45000000000000007
63,Chinook,GSMS,2005-01-01,173016,0.8371120000000001
64,Chinook,GSMS,2006-01-01,125800,0.629
65,Chinook,GSMS,2007-01-01,90000,0.45
66,Chinook,GSMS,2008-01-01,153000,0.67
67,Chinook,GSMS,2009-01-01,184890,0.7905660000000001
68,Chinook,GSMS,2010-01-01,201976,0.9764800000000001
69,Chinook,GSMS,2011-01-01,187450,1.0580544
70,Chinook,GSMS,2012-01-01,246802,1.4361434090163958
71,Chinook,GSMS,2013-01-01,156579,0.928815
72,Chinook,GSMS,2014-01-01,106297,0.5866774
73,Chinook,GSMS,2015-01-01,136668,0.62123225
74,Chinook,GSVI,1968-01-01,277630,1.0685109
75,Chinook,GSVI,1969-01-01,601502,2.7327544900000005
76,Chinook,GSVI,1970-01-01,69788,0.60973228
77,Chinook,GSVI,1971-01-01,575466,1.53734262
78,Chinook,GSVI,1972-01-01,822414,3.6629057399999994
79,Chinook,GSVI,1973-01-01,925129,4.64681694
80,Chinook,GSVI,1974-01-01,508710,2.674243184242424
81,Chinook,GSVI,1975-01-01,284019,3.45925809
82,Chinook,GSVI,1976-01-01,1618134,9.95822645
83,Chinook,GSVI,1977-01-01,929656,5.72777855
84,Chinook,GSVI,1978-01-01,3482602,23.050448039999996
85,Chinook,GSVI,1979-01-01,3476530,23.872294590000003
86,Chinook,GSVI,1980-01-01,5342340,34.28428648
87,Chinook,GSVI,1981-01-01,6983780,44.7231185
88,Chinook,GSVI,1982-01-01,5265023,39.12230955999999
89,Chinook,GSVI,1983-01-01,6601337,56.273307900000006
90,Chinook,GSVI,1984-01-01,6122354,47.91236489999999
91,Chinook,GSVI,1985-01-01,6690343,47.18689594000001
92,Chinook,GSVI,1986-01-01,12573682,85.34106845153848
93,Chinook,GSVI,1987-01-01,13531769,102.76424393999999
94,Chinook,GSVI,1988-01-01,15481559,107.29038955000003
95,Chinook,GSVI,1989-01-01,15424754,94.74321020000001
96,Chinook,GSVI,1990-01-01,15833035,89.55122184747968
97,Chinook,GSVI,1991-01-01,21327210,113.48851818956847
98,Chinook,GSVI,1992-01-01,15525762,89.12565483707317
99,Chinook,GSVI,1993-01-01,12620196,61.80121561393443
100,Chinook,GSVI,1994-01-01,12633735,76.51213203262007
101,Chinook,GSVI,1995-01-01,14336657,77.22507672999998
102,Chinook,GSVI,1996-01-01,13316581,79.37717961
103,Chinook,GSVI,1997-01-01,13566957,73.33205338384617
104,Chinook,GSVI,1998-01-01,9816855,66.14360299999998
105,Chinook,GSVI,1999-01-01,13484604,78.27527689000001
106,Chinook,GSVI,2000-01-01,17059380,89.50765646212122
107,Chinook,GSVI,2001-01-01,13937879,87.79566755212122
108,Chinook,GSVI,2002-01-01,17425836,103.21095113999996
109,Chinook,GSVI,2003-01-01,13187401,92.97966053870967
110,Chinook,GSVI,2004-01-01,15323762,78.22406740513662
111,Chinook,GSVI,2005-01-01,11038997,113.83347515181819
112,Chinook,GSVI,2006-01-01,11895968,68.92447679307689
113,Chinook,GSVI,2007-01-01,12050141,69.21402184655913
114,Chinook,GSVI,2008-01-01,10942685,61.6029216356824
115,Chinook,GSVI,2009-01-01,10650497,56.217949039354835
116,Chinook,GSVI,2010-01-01,10435332,73.98336356121845
117,Chinook,GSVI,2011-01-01,9431745,52.754417683559815
118,Chinook,GSVI,2012-01-01,11239152,63.71059921267906
119,Chinook,GSVI,2013-01-01,9020998,58.44481713393938
120,Chinook,GSVI,2014-01-01,6453834,40.649464951639345
121,Chinook,GSVI,2015-01-01,8560202,50.58028490999999
122,Chinook,GSVI,2016-01-01,5516452,34.31827668965747
123,Chinook,JNST,1985-01-01,179268,1.1831688
124,Chinook,JNST,1986-01-01,712809,4.2404251
125,Chinook,JNST,1987-01-01,656130,3.4065042000000005
126,Chinook,JNST,1988-01-01,2326741,15.153787799999998
127,Chinook,JNST,1989-01-01,4215030,19.701578240000003
128,Chinook,JNST,1990-01-01,4065021,19.06223499
129,Chinook,JNST,1991-01-01,280000,3.429264400906306
130,Chinook,JNST,1992-01-01,150000,0.075
131,Chinook,JNST,1993-01-01,1010769,4.1780781000000005
132,Chinook,LWFR,1972-01-01,165825,0.7941123
133,Chinook,LWFR,1978-01-01,16319,0.0407975
134,Chinook,LWFR,1979-01-01,12963,0.0324075
135,Chinook,LWFR,1980-01-01,34111,0.1227996
136,Chinook,LWFR,1981-01-01,126128,0.9875584
137,Chinook,LWFR,1982-01-01,596707,3.3334062
138,Chinook,LWFR,1983-01-01,2062934,11.805144097398376
139,Chinook,LWFR,1984-01-01,2904957,12.984527170000002
140,Chinook,LWFR,1985-01-01,1597460,8.5324741
141,Chinook,LWFR,1986-01-01,760835,3.8967153
142,Chinook,LWFR,1987-01-01,1132767,7.1907668000000005
143,Chinook,LWFR,1988-01-01,2051568,10.5182217
144,Chinook,LWFR,1989-01-01,1328333,7.774711799999999
145,Chinook,LWFR,1990-01-01,2629003,9.020807510000001
146,Chinook,LWFR,1991-01-01,4290161,17.77032482
147,Chinook,LWFR,1992-01-01,4083031,17.59298155
148,Chinook,LWFR,1993-01-01,6104144,23.78842303
149,Chinook,LWFR,1994-01-01,5371032,23.970529560000006
150,Chinook,LWFR,1995-01-01,5535853,23.495031900000008
151,Chinook,LWFR,1996-01-01,2245882,11.42301812
152,Chinook,LWFR,1997-01-01,6880820,26.16746828
153,Chinook,LWFR,1998-01-01,6182300,26.305587900000003
154,Chinook,LWFR,1999-01-01,6999337,32.17913466
155,Chinook,LWFR,2000-01-01,5679467,21.125975053333338
156,Chinook,LWFR,2001-01-01,5258037,17.042768940000006
157,Chinook,LWFR,2002-01-01,6661956,21.610637360000002
158,Chinook,LWFR,2003-01-01,7032534,25.54458557
159,Chinook,LWFR,2004-01-01,5053427,21.3241507
160,Chinook,LWFR,2005-01-01,7406756,24.042301919999996
161,Chinook,LWFR,2006-01-01,4691609,18.59432374
162,Chinook,LWFR,2007-01-01,4492098,17.789082631428567
163,Chinook,LWFR,2008-01-01,4431325,20.66760951
164,Chinook,LWFR,2009-01-01,3397792,17.96042122
165,Chinook,LWFR,2010-01-01,3472919,17.48577595907945
166,Chinook,LWFR,2011-01-01,2339652,14.682320671174875
167,Chinook,LWFR,2012-01-01,1985823,10.917176889999999
168,Chinook,LWFR,2013-01-01,2400760,14.957437100000002
169,Chinook,LWFR,2014-01-01,2627204,15.970079577040169
170,Chinook,LWFR,2015-01-01,2848574,19.267519880000002
171,Chinook,LWFR,2016-01-01,1616539,9.536733960000001
172,Chinook,SWVI,1992-01-01,4200,0.0252
173,Chinook,SWVI,1993-01-01,102700,0.7263148097251583
174,Chinook,SWVI,1994-01-01,97000,1.1640000000000001
175,Chinook,SWVI,1995-01-01,95766,0.6772761837209299
176,Chinook,SWVI,1996-01-01,64276,0.707036
177,Chinook,SWVI,1997-01-01,118463,0.9003188
178,Chinook,SWVI,1998-01-01,184415,2.0551034
179,Chinook,SWVI,1999-01-01,179644,1.8757522
180,Chinook,SWVI,2000-01-01,131475,0.6310800000000001
181,Chinook,SWVI,2001-01-01,158691,1.0484623000000002
182,Chinook,SWVI,2002-01-01,149000,1.043
183,Chinook,SWVI,2003-01-01,225898,1.6490554
184,Chinook,SWVI,2004-01-01,237937,1.3086535
185,Chinook,SWVI,2005-01-01,240000,1.92
186,Chinook,SWVI,2006-01-01,238600,1.3123
187,Chinook,SWVI,2007-01-01,197100,1.08405
188,Chinook,SWVI,2009-01-01,95426,0.5248430000000001
189,Chinook,SWVI,2010-01-01,225993,1.355958
190,Chinook,SWVI,2011-01-01,81883,0.4339799
191,Chinook,SWVI,2012-01-01,112663,0.6421791
192,Chinook,SWVI,2013-01-01,82196,0.4274192
193,Chinook,SWVI,2014-01-01,75808,0.4245248
194,Chinook,SWVI,2015-01-01,93101,0.4841252
195,Chinook,TOMF,1982-01-01,4275,0.00855
196,Chinook,TOMF,1983-01-01,27000,0.0135
197,Chinook,TOMF,1984-01-01,130455,0.35970520000000006
198,Chinook,TOMF,1985-01-01,1458932,5.933086199999999
199,Chinook,TOMF,1986-01-01,1920022,10.509045562601628
200,Chinook,TOMF,1987-01-01,4897789,28.12660997902439
201,Chinook,TOMF,1988-01-01,4879022,22.91440158902439
202,Chinook,TOMF,1989-01-01,5167179,27.30039101219512
203,Chinook,TOMF,1990-01-01,3718028,25.914051592370235
204,Chinook,TOMF,1991-01-01,2942087,22.67262222725269
205,Chinook,TOMF,1992-01-01,2687400,19.087596257576966
206,Chinook,TOMF,1993-01-01,1714489,9.203535965464072
207,Chinook,TOMF,1994-01-01,1627076,8.326928510488115
208,Chinook,TOMF,1995-01-01,1478198,8.054472614754097
209,Chinook,TOMF,1996-01-01,1413496,8.436979800000001
210,Chinook,TOMF,1997-01-01,1358077,7.154134899999999
211,Chinook,TOMF,1998-01-01,1145370,7.611757518579235
212,Chinook,TOMF,1999-01-01,1366304,9.757380600000001
213,Chinook,TOMF,2000-01-01,1471192,8.390023249999999
214,Chinook,TOMF,2001-01-01,1191683,7.10816986
215,Chinook,TOMF,2002-01-01,1245257,7.923204579999998
216,Chinook,TOMF,2003-01-01,1411386,8.89851176
217,Chinook,TOMF,2004-01-01,1239171,7.099307
218,Chinook,TOMF,2005-01-01,955663,6.496716720000001
219,Chinook,TOMF,2006-01-01,914094,6.227472450000001
220,Chinook,TOMF,2007-01-01,1095404,7.324079889945356
221,Chinook,TOMF,2008-01-01,944974,6.2363798300000015
222,Chinook,TOMF,2009-01-01,995645,5.957508570000001
223,Chinook,TOMF,2010-01-01,1029547,6.28633342
224,Chinook,TOMF,2011-01-01,1114524,4.961856341538462
225,Chinook,TOMF,2012-01-01,943838,4.91325466
226,Chinook,TOMF,2013-01-01,826888,4.854815240000001
227,Chinook,TOMF,2014-01-01,907014,4.160493153846154
228,Chinook,TOMF,2015-01-01,820691,4.76062192
229,Chinook,TOMM,1981-01-01,55613,0.13481379999999998
230,Chinook,TOMM,1982-01-01,93300,0.22974
231,Chinook,TOMM,1983-01-01,52400,0.13284
232,Chinook,TOMM,1984-01-01,66980,0.20163599999999998
233,Chinook,TOMM,1985-01-01,429445,2.0543503000000003
234,Chinook,TOMM,1986-01-01,504910,2.745974
235,Chinook,TOMM,1987-01-01,840454,5.364507
236,Chinook,TOMM,1988-01-01,1132003,6.0354849
237,Chinook,TOMM,1989-01-01,1141410,7.134580700000001
238,Chinook,TOMM,1990-01-01,1028052,9.148731999999999
239,Chinook,TOMM,1991-01-01,665463,9.2474965
240,Chinook,TOMM,1992-01-01,758828,8.7479941
241,Chinook,TOMM,1993-01-01,851496,8.0768178
242,Chinook,TOMM,1994-01-01,412262,7.250729637978141
243,Chinook,TOMM,1995-01-01,356482,7.448663700000001
244,Chinook,TOMM,1996-01-01,273657,4.315566
245,Chinook,TOMM,1997-01-01,553765,6.1051898
246,Chinook,TOMM,1998-01-01,400242,6.362643200000001
247,Chinook,TOMM,1999-01-01,401571,7.21358969
248,Chinook,TOMM,2000-01-01,321439,4.361108980000001
249,Chinook,TOMM,2001-01-01,436116,5.180557390000001
250,Chinook,TOMM,2002-01-01,350867,4.6732362724590155
251,Chinook,TOMM,2003-01-01,370426,4.5244583899999995
252,Chinook,TOMM,2004-01-01,435800,4.968106369999998
253,Chinook,TOMM,2005-01-01,326882,4.537444890000001
254,Chinook,TOMM,2006-01-01,311315,4.29288097
255,Chinook,TOMM,2007-01-01,427619,4.6366417900000005
256,Chinook,TOMM,2008-01-01,353904,4.9584256700000005
257,Chinook,TOMM,2009-01-01,375681,4.063019799999999
258,Chinook,TOMM,2010-01-01,265181,4.125323979999999
259,Chinook,TOMM,2011-01-01,436971,6.75043752
260,Chinook,TOMM,2012-01-01,414466,4.98545406
261,Chinook,TOMM,2013-01-01,320761,4.09253789
262,Chinook,TOMM,2014-01-01,334393,4.5368422
263,Chinook,TOMM,2015-01-01,280795,4.41175764
264,Chinook,UPFR,1981-01-01,94443,0.1904464
265,Chinook,UPFR,1982-01-01,214105,0.46221239999999997
266,Chinook,UPFR,1983-01-01,1614335,3.9006630349726774
267,Chinook,UPFR,1984-01-01,1546723,8.811868200000001
268,Chinook,UPFR,1985-01-01,2218403,9.140974199999999
269,Chinook,UPFR,1986-01-01,2451030,10.731962809999999
270,Chinook,UPFR,1987-01-01,3130829,15.108771539999996
271,Chinook,UPFR,1988-01-01,3860232,19.32006811999999
272,Chinook,UPFR,1989-01-01,3062283,21.78857920416634
273,Chinook,UPFR,1990-01-01,1273795,14.193517905295884
274,Chinook,UPFR,1991-01-01,2150369,19.71533061108357
275,Chinook,UPFR,1992-01-01,1684196,14.212025230710383
276,Chinook,UPFR,1993-01-01,936956,8.930217876839267
277,Chinook,UPFR,1994-01-01,659858,4.1694565238797825
278,Chinook,UPFR,1995-01-01,577107,4.38822494306011
279,Chinook,UPFR,1996-01-01,479572,3.9693119100000005
280,Chinook,UPFR,1997-01-01,336600,3.6875704000000007
281,Chinook,UPFR,1998-01-01,388681,5.686066678633881
282,Chinook,UPFR,1999-01-01,392983,4.759597320000001
283,Chinook,UPFR,2000-01-01,406627,5.60387955
284,Chinook,UPFR,2001-01-01,506088,5.18393999
285,Chinook,UPFR,2002-01-01,172801,0.7978479599999999
286,Chinook,UPFR,2003-01-01,175794,0.6452835200000001
287,Chinook,UPFR,2004-01-01,174675,0.6267166999999999
288,Chinook,UPFR,2005-01-01,53815,0.6232349
289,Chinook,UPFR,2006-01-01,111477,0.5230456900000001
290,Chinook,UPFR,2007-01-01,1800,0.0036
291,Chinook,UPFR,2008-01-01,730,0.001095
292,Chinook,UPFR,2009-01-01,1700,0.0034000000000000002
293,Chinook,UPFR,2013-01-01,1121,0.002402038699186994
294,Chinook,UPFR,2014-01-01,2605,0.005581900813008134
295,Chinook,UPFR,2015-01-01,45681,0.15083538813008132
296,Chinook,UPFR,2016-01-01,2015,0.004682050406504067
297,Chum,GSMN,1977-01-01,30000,0.0129
298,Chum,GSMN,1978-01-01,30380,0.0130634
299,Chum,GSMN,1979-01-01,957000,0.78069
300,Chum,GSMN,1980-01-01,3243202,1.67207686
301,Chum,GSMN,1981-01-01,4140959,1.9582264000000003
302,Chum,GSMN,1982-01-01,5600641,2.986024845
303,Chum,GSMN,1983-01-01,5935984,4.052251330000001
304,Chum,GSMN,1984-01-01,5128997,3.3551112272268906
305,Chum,GSMN,1985-01-01,6683566,3.4412172829411767
306,Chum,GSMN,1986-01-01,8091159,3.8498374126785717
307,Chum,GSMN,1987-01-01,6181470,3.954586676638656
308,Chum,GSMN,1988-01-01,10632111,5.233472016469437
309,Chum,GSMN,1989-01-01,13200748,6.380572049999999
310,Chum,GSMN,1990-01-01,13650667,7.39520722111111
311,Chum,GSMN,1991-01-01,14574143,6.878101190000001
312,Chum,GSMN,1992-01-01,14500980,7.0312833786183395
313,Chum,GSMN,1993-01-01,14323842,7.345124876240424
314,Chum,GSMN,1994-01-01,12550747,6.737276961363302
315,Chum,GSMN,1995-01-01,13741374,7.277912241648165
316,Chum,GSMN,1996-01-01,14390362,7.44655965
317,Chum,GSMN,1997-01-01,13603479,6.74308934
318,Chum,GSMN,1998-01-01,14077111,7.3288294800000005
319,Chum,GSMN,1999-01-01,15350139,8.15558244
320,Chum,GSMN,2000-01-01,16015902,8.524544569999998
321,Chum,GSMN,2001-01-01,14424555,7.6452713800000005
322,Chum,GSMN,2002-01-01,14199811,8.353544589999998
323,Chum,GSMN,2003-01-01,13627962,7.678894029999997
324,Chum,GSMN,2004-01-01,11692405,6.235950599999999
325,Chum,GSMN,2005-01-01,15498540,8.76977972
326,Chum,GSMN,2006-01-01,15076120,7.918855080000001
327,Chum,GSMN,2007-01-01,13235557,6.66670995
328,Chum,GSMN,2008-01-01,12449564,6.47239786
329,Chum,GSMN,2009-01-01,2745368,5.162779400000001
330,Chum,GSMN,2010-01-01,2880840,2.1812098458613445
331,Chum,GSMN,2011-01-01,1591565,1.489803060054857
332,Chum,GSMN,2012-01-01,2129619,1.791032421736111
333,Chum,GSMN,2013-01-01,3365159,2.4230380556250015
334,Chum,GSMN,2014-01-01,3641517,3.666958126666667
335,Chum,GSMN,2015-01-01,1941771,2.313266017222222
336,Chum,GSMS,1984-01-01,2469,0.0023732225105042065
337,Chum,GSMS,1986-01-01,18500,0.007955
338,Chum,GSMS,1987-01-01,40000,0.0172
339,Chum,GSMS,1988-01-01,26961,0.025915128434874
340,Chum,GSMS,1989-01-01,30000,0.028836239495798374
341,Chum,GSMS,1990-01-01,27660,0.026587012815126102
342,Chum,GSMS,1997-01-01,49500,0.0495
343,Chum,GSMS,1998-01-01,44810,0.05801
344,Chum,GSMS,2000-01-01,17000,0.017
345,Chum,GSMS,2010-01-01,50000,0.015
346,Chum,GSMS,2011-01-01,46173,0.1616055
347,Chum,GSMS,2012-01-01,45734,0.04395988590336144
348,Chum,GSMS,2013-01-01,81260,0.1107226
349,Chum,GSMS,2014-01-01,182012,0.19583679276260524
350,Chum,GSMS,2015-01-01,62932,0.076263
351,Chum,GSVI,1961-01-01,4550000,1.855433904109548
352,Chum,GSVI,1962-01-01,4510000,1.8391223972602333
353,Chum,GSVI,1963-01-01,6840000,2.7892676712328157
354,Chum,GSVI,1964-01-01,20930000,8.534995958903924
355,Chum,GSVI,1965-01-01,15360000,6.263618630136849
356,Chum,GSVI,1966-01-01,10274000,3.5959000000000003
357,Chum,GSVI,1967-01-01,21840000,7.644
358,Chum,GSVI,1968-01-01,33936000,12.009599999999997
359,Chum,GSVI,1969-01-01,51688000,22.5512
360,Chum,GSVI,1970-01-01,63001100,26.13319
361,Chum,GSVI,1971-01-01,48070000,16.8245
362,Chum,GSVI,1972-01-01,36700000,12.845
363,Chum,GSVI,1973-01-01,43600000,15.259999999999998
364,Chum,GSVI,1974-01-01,54240000,18.984
365,Chum,GSVI,1975-01-01,65030000,22.7605
366,Chum,GSVI,1976-01-01,56420000,19.747
367,Chum,GSVI,1977-01-01,53978000,18.91614
368,Chum,GSVI,1978-01-01,49128498,17.261254140000002
369,Chum,GSVI,1979-01-01,46223534,16.43557962
370,Chum,GSVI,1980-01-01,66277342,24.70146824
371,Chum,GSVI,1981-01-01,76555499,35.534097100000004
372,Chum,GSVI,1982-01-01,55799743,22.262592589999997
373,Chum,GSVI,1983-01-01,96650512,46.81486362
374,Chum,GSVI,1984-01-01,89513900,41.194146169999996
375,Chum,GSVI,1985-01-01,58584646,29.019953710000003
376,Chum,GSVI,1986-01-01,43086935,21.89204854434874
377,Chum,GSVI,1987-01-01,98796054,42.601045389999996
378,Chum,GSVI,1988-01-01,105071013,42.6620765617647
379,Chum,GSVI,1989-01-01,111790838,43.00506221720589
380,Chum,GSVI,1990-01-01,85531889,34.49328342602941
381,Chum,GSVI,1991-01-01,105181882,40.94671336195844
382,Chum,GSVI,1992-01-01,83881577,34.303643626188126
383,Chum,GSVI,1993-01-01,131565488,51.25073546882206
384,Chum,GSVI,1994-01-01,116109783,44.94204587849383
385,Chum,GSVI,1995-01-01,102497981,41.668957298434286
386,Chum,GSVI,1996-01-01,63562085,42.193481722857136
387,Chum,GSVI,1997-01-01,52500322,24.060098670000002
388,Chum,GSVI,1998-01-01,79580570,39.760206805714276
389,Chum,GSVI,1999-01-01,105681966,39.673635909999994
390,Chum,GSVI,2000-01-01,80139029,34.86172456999999
391,Chum,GSVI,2001-01-01,52695304,24.178074660650637
392,Chum,GSVI,2002-01-01,108543281,44.13086966000001
393,Chum,GSVI,2003-01-01,90290634,37.648112880000006
394,Chum,GSVI,2004-01-01,42668941,21.29230238000001
395,Chum,GSVI,2005-01-01,59443032,25.515393893174608
396,Chum,GSVI,2006-01-01,33445947,16.20632715352941
397,Chum,GSVI,2007-01-01,60722858,26.86946183000001
398,Chum,GSVI,2008-01-01,41229657,18.484949228644957
399,Chum,GSVI,2009-01-01,27632150,13.274834510000002
400,Chum,GSVI,2010-01-01,30642417,14.513187449119089
401,Chum,GSVI,2011-01-01,21157839,11.856716015277412
402,Chum,GSVI,2012-01-01,64704165,25.193862287503457
403,Chum,GSVI,2013-01-01,63888319,30.18223790319372
404,Chum,GSVI,2014-01-01,46061330,22.609423219124857
405,Chum,GSVI,2015-01-01,15622047,9.797955605404939
406,Chum,GSVI,2016-01-01,20428851,9.5159883
407,Chum,LWFR,1962-01-01,28600,0.01144
408,Chum,LWFR,1964-01-01,99700,0.03988
409,Chum,LWFR,1966-01-01,1025900,0.41800749315067615
410,Chum,LWFR,1967-01-01,227000,0.09256780136986097
411,Chum,LWFR,1968-01-01,480900,0.1960279931506807
412,Chum,LWFR,1969-01-01,2703000,1.1022500753424411
413,Chum,LWFR,1970-01-01,3249400,1.3249141780821627
414,Chum,LWFR,1971-01-01,1563026,0.6219460723287561
415,Chum,LWFR,1972-01-01,2642132,1.0264219260273815
416,Chum,LWFR,1973-01-01,13479285,5.452812244109477
417,Chum,LWFR,1974-01-01,6426544,2.5262601002739338
418,Chum,LWFR,1975-01-01,7313153,2.8905437035615877
419,Chum,LWFR,1976-01-01,7171983,2.837537670821862
420,Chum,LWFR,1977-01-01,7256240,2.9015550187670707
421,Chum,LWFR,1978-01-01,3661647,1.379202039862999
422,Chum,LWFR,1979-01-01,4007490,1.985988134246554
423,Chum,LWFR,1980-01-01,8053347,4.753879673972576
424,Chum,LWFR,1981-01-01,7533877,4.95221895054793
425,Chum,LWFR,1982-01-01,16428490,12.119315896164357
426,Chum,LWFR,1983-01-01,27293766,24.960075003424627
427,Chum,LWFR,1984-01-01,30862562,25.9688713035616
428,Chum,LWFR,1985-01-01,33174557,28.29918645274656
429,Chum,LWFR,1986-01-01,41108523,37.76034690478215
430,Chum,LWFR,1987-01-01,34888292,33.054697672637
431,Chum,LWFR,1988-01-01,30948152,29.54574027175584
432,Chum,LWFR,1989-01-01,36415473,34.79693035436659
433,Chum,LWFR,1990-01-01,34755727,33.49245620000001
434,Chum,LWFR,1991-01-01,37457255,30.868091786444328
435,Chum,LWFR,1992-01-01,35241473,33.39276657513773
436,Chum,LWFR,1993-01-01,32737823,31.326321034608412
437,Chum,LWFR,1994-01-01,35420557,35.166780911123375
438,Chum,LWFR,1995-01-01,36885102,32.52012814444445
439,Chum,LWFR,1996-01-01,43506105,37.99657166000001
440,Chum,LWFR,1997-01-01,36608946,29.55588325
441,Chum,LWFR,1998-01-01,38520027,32.59704021014707
442,Chum,LWFR,1999-01-01,40904177,23.421535015068464
443,Chum,LWFR,2000-01-01,48595016,21.730035049999994
444,Chum,LWFR,2001-01-01,57967064,29.4655421
445,Chum,LWFR,2002-01-01,51542048,26.76641123
446,Chum,LWFR,2003-01-01,59892619,30.483347039999998
447,Chum,LWFR,2004-01-01,50666962,26.219536599999994
448,Chum,LWFR,2005-01-01,54525615,29.557958039999995
449,Chum,LWFR,2006-01-01,50759379,22.214701299999998
450,Chum,LWFR,2007-01-01,56992249,26.41404182216276
451,Chum,LWFR,2008-01-01,26348622,12.923869225714283
452,Chum,LWFR,2009-01-01,15982776,8.049125989999995
453,Chum,LWFR,2010-01-01,8878701,6.974699784913013
454,Chum,LWFR,2011-01-01,10635734,6.667206242073418
455,Chum,LWFR,2012-01-01,13269509,11.250797568173445
456,Chum,LWFR,2013-01-01,16331448,13.992571707349164
457,Chum,LWFR,2014-01-01,12705948,14.51114781380836
458,Chum,LWFR,2015-01-01,11588216,13.194197048440707
459,Chum,LWFR,2016-01-01,6753895,5.54466491
460,Coho,GSMN,1973-01-01,284607,5.464454399999998
461,Coho,GSMN,1974-01-01,263590,4.941713200000001
462,Coho,GSMN,1975-01-01,384807,5.215759400000001
463,Coho,GSMN,1977-01-01,504399,1.0343848
464,Coho,GSMN,1978-01-01,1068346,13.26226681
465,Coho,GSMN,1979-01-01,988462,9.924966130724627
466,Coho,GSMN,1980-01-01,925808,10.23017735
467,Coho,GSMN,1981-01-01,851632,13.456331949999997
468,Coho,GSMN,1982-01-01,1726121,13.468868103050665
469,Coho,GSMN,1983-01-01,1424616,11.944946276432267
470,Coho,GSMN,1984-01-01,1687133,17.70278235349397
471,Coho,GSMN,1985-01-01,2978709,36.36620787433327
472,Coho,GSMN,1986-01-01,2159869,27.476549505041373
473,Coho,GSMN,1987-01-01,1810757,27.523154361148844
474,Coho,GSMN,1988-01-01,1921883,24.743041929075773
475,Coho,GSMN,1989-01-01,1422355,20.03142031458575
476,Coho,GSMN,1990-01-01,1726519,25.78032820310017
477,Coho,GSMN,1991-01-01,1527496,22.161058531266807
478,Coho,GSMN,1992-01-01,1792588,25.847706056860236
479,Coho,GSMN,1993-01-01,1500889,24.76510192345435
480,Coho,GSMN,1994-01-01,1643034,21.417317586317253
481,Coho,GSMN,1995-01-01,1578592,25.2638354443521
482,Coho,GSMN,1996-01-01,1640895,25.46509007000001
483,Coho,GSMN,1997-01-01,1515672,26.225024790000013
484,Coho,GSMN,1998-01-01,1684568,26.224765718464518
485,Coho,GSMN,1999-01-01,2107686,24.69258097
486,Coho,GSMN,2000-01-01,2555969,26.848570730000002
487,Coho,GSMN,2001-01-01,2445675,29.17681261714287
488,Coho,GSMN,2002-01-01,2398812,29.689621920000018
489,Coho,GSMN,2003-01-01,2082498,29.724867360000008
490,Coho,GSMN,2004-01-01,1826369,24.78225176999999
491,Coho,GSMN,2005-01-01,1813790,23.176404650775613
492,Coho,GSMN,2006-01-01,1982721,24.599590530000004
493,Coho,GSMN,2007-01-01,1961852,22.675957871164663
494,Coho,GSMN,2008-01-01,1937534,20.881848605033824
495,Coho,GSMN,2009-01-01,2114685,22.88082422002807
496,Coho,GSMN,2010-01-01,2705561,24.402375020028067
497,Coho,GSMN,2011-01-01,2546583,24.885494764279095
498,Coho,GSMN,2012-01-01,1833017,21.18765627313425
499,Coho,GSMN,2013-01-01,1636842,18.832875806989808
500,Coho,GSMN,2014-01-01,1964701,19.18776896951922
501,Coho,GSMN,2015-01-01,1127364,10.416810231421929
502,Coho,GSMS,1982-01-01,6500,0.0038888185108583266
503,Coho,GSMS,1983-01-01,11200,0.026600000000000002
504,Coho,GSMS,1984-01-01,58042,0.12909196370217163
505,Coho,GSMS,1985-01-01,65662,0.5587925000000001
506,Coho,GSMS,1986-01-01,85032,0.6542097709410548
507,Coho,GSMS,1987-01-01,60249,0.4844003230374416
508,Coho,GSMS,1988-01-01,93126,0.8419341456072452
509,Coho,GSMS,1989-01-01,97500,0.7180533738366082
510,Coho,GSMS,1990-01-01,163583,1.3140586904860396
511,Coho,GSMS,1991-01-01,121955,1.1083868006392323
512,Coho,GSMS,1992-01-01,49014,0.6863248943763816
513,Coho,GSMS,1993-01-01,60649,0.4666996275594623
514,Coho,GSMS,1994-01-01,67162,1.0771808052740435
515,Coho,GSMS,1995-01-01,177410,1.5952450879007238
516,Coho,GSMS,1996-01-01,77374,1.9072863999999998
517,Coho,GSMS,1997-01-01,95769,1.1212415000000002
518,Coho,GSMS,1998-01-01,92910,1.3922649999999999
519,Coho,GSMS,1999-01-01,122385,1.0936327000000006
520,Coho,GSMS,2000-01-01,161654,1.2951576
521,Coho,GSMS,2001-01-01,244470,1.6163400000000003
522,Coho,GSMS,2002-01-01,113935,1.2435247
523,Coho,GSMS,2003-01-01,163198,2.8505434999999997
524,Coho,GSMS,2004-01-01,119337,1.9917526000000003
525,Coho,GSMS,2005-01-01,172364,2.1272752
526,Coho,GSMS,2006-01-01,284550,2.980452
527,Coho,GSMS,2007-01-01,49530,0.7410599999999999
528,Coho,GSMS,2008-01-01,84609,1.6953587
529,Coho,GSMS,2009-01-01,149556,2.48757976
530,Coho,GSMS,2010-01-01,195967,3.4111323995833347
531,Coho,GSMS,2011-01-01,446060,4.885777363572907
532,Coho,GSMS,2012-01-01,361613,4.5292830360910035
533,Coho,GSMS,2013-01-01,352649,4.7358177
534,Coho,GSMS,2014-01-01,319375,3.7757242349534654
535,Coho,GSMS,2015-01-01,368336,4.359432250423992
536,Coho,GSMS,2016-01-01,110979,2.15560158
537,Coho,GSVI,1968-01-01,6995,0.020285499999999998
538,Coho,GSVI,1970-01-01,385090,1.30155
539,Coho,GSVI,1971-01-01,649247,1.716397721590561
540,Coho,GSVI,1972-01-01,982144,3.7453697063453815
541,Coho,GSVI,1973-01-01,284574,4.3003672
542,Coho,GSVI,1974-01-01,182646,3.516636990714286
543,Coho,GSVI,1975-01-01,514600,9.6472283
544,Coho,GSVI,1976-01-01,672372,17.83802916
545,Coho,GSVI,1977-01-01,1533192,33.147692992222225
546,Coho,GSVI,1978-01-01,1419033,17.955248944126982
547,Coho,GSVI,1979-01-01,765171,14.692904453333334
548,Coho,GSVI,1980-01-01,3519807,24.35475923868809
549,Coho,GSVI,1981-01-01,3418852,45.07008892173733
550,Coho,GSVI,1982-01-01,5972585,50.73349657077098
551,Coho,GSVI,1983-01-01,7094368,55.87127759002067
552,Coho,GSVI,1984-01-01,6354689,62.405138974126174
553,Coho,GSVI,1985-01-01,10246533,92.33167140874724
554,Coho,GSVI,1986-01-01,7165762,90.77645715338113
555,Coho,GSVI,1987-01-01,4916791,49.79007905739109
556,Coho,GSVI,1988-01-01,4189892,62.151833595128636
557,Coho,GSVI,1989-01-01,4360348,58.229591256881605
558,Coho,GSVI,1990-01-01,5414365,54.94852884083713
559,Coho,GSVI,1991-01-01,5032837,54.02073064091098
560,Coho,GSVI,1992-01-01,5449346,53.41804627372408
561,Coho,GSVI,1993-01-01,3910836,37.63768653695827
562,Coho,GSVI,1994-01-01,5509124,56.05606649895659
563,Coho,GSVI,1995-01-01,5366608,53.61342878119466
564,Coho,GSVI,1996-01-01,6178028,62.749860782539734
565,Coho,GSVI,1997-01-01,5351925,55.80233185361506
566,Coho,GSVI,1998-01-01,4402323,50.861979405079396
567,Coho,GSVI,1999-01-01,4662875,49.60558487452291
568,Coho,GSVI,2000-01-01,5391657,62.93078615370372
569,Coho,GSVI,2001-01-01,6094287,59.025753012962994
570,Coho,GSVI,2002-01-01,5220454,54.67823551230734
571,Coho,GSVI,2003-01-01,4823678,55.41904608146034
572,Coho,GSVI,2004-01-01,3774150,48.36487269571428
573,Coho,GSVI,2005-01-01,4548855,48.575728993333335
574,Coho,GSVI,2006-01-01,2371053,40.98488930703704
575,Coho,GSVI,2007-01-01,1845413,27.37648295481482
576,Coho,GSVI,2008-01-01,2148373,29.179534114119082
577,Coho,GSVI,2009-01-01,2806877,31.192007045899462
578,Coho,GSVI,2010-01-01,4053075,30.153210652580544
579,Coho,GSVI,2011-01-01,3826343,21.81639071352102
580,Coho,GSVI,2012-01-01,2907633,28.160156690385975
581,Coho,GSVI,2013-01-01,2418836,21.814176939113217
582,Coho,GSVI,2014-01-01,2395195,22.00388050741408
583,Coho,GSVI,2015-01-01,1770251,15.630407329611726
584,Coho,GSVI,2016-01-01,1083006,8.75794325
585,Coho,JNST,1982-01-01,38008,0.266056
586,Coho,JNST,1987-01-01,4050,0.008586
587,Coho,JNST,1995-01-01,75,0.00015
588,Coho,JNST,2001-01-01,3300,0.00924
589,Coho,JNST,2012-01-01,65,0.00011554640641158244
590,Coho,LWFR,1979-01-01,12900,0.07440662876647837
591,Coho,LWFR,1980-01-01,115283,0.4725136
592,Coho,LWFR,1981-01-01,132912,0.42373
593,Coho,LWFR,1982-01-01,307950,4.149480800000001
594,Coho,LWFR,1983-01-01,549900,7.373856229343329
595,Coho,LWFR,1984-01-01,1241706,20.275218760772074
596,Coho,LWFR,1985-01-01,3741666,58.793781160255385
597,Coho,LWFR,1986-01-01,3583601,65.68210416659772
598,Coho,LWFR,1987-01-01,3661700,73.99341879867055
599,Coho,LWFR,1988-01-01,3225867,60.10225394895916
600,Coho,LWFR,1989-01-01,3705693,64.20809769203987
601,Coho,LWFR,1990-01-01,3189452,57.986185352416214
602,Coho,LWFR,1991-01-01,3919528,71.65896261378761
603,Coho,LWFR,1992-01-01,3869836,69.64316430960979
604,Coho,LWFR,1993-01-01,4391211,77.87809146242003
605,Coho,LWFR,1994-01-01,3984062,74.38272962827875
606,Coho,LWFR,1995-01-01,4106584,72.21657963066083
607,Coho,LWFR,1996-01-01,3837825,74.4613711
608,Coho,LWFR,1997-01-01,4106575,70.09244220000001
609,Coho,LWFR,1998-01-01,4606506,75.89546239999997
610,Coho,LWFR,1999-01-01,4338215,75.3654287
611,Coho,LWFR,2000-01-01,4914678,82.58777726
612,Coho,LWFR,2001-01-01,5055800,87.49611810000003
613,Coho,LWFR,2002-01-01,5074658,86.52399939915205
614,Coho,LWFR,2003-01-01,4757923,81.25712604
615,Coho,LWFR,2004-01-01,4039223,71.24925366000001
616,Coho,LWFR,2005-01-01,4318775,72.65092317
617,Coho,LWFR,2006-01-01,3231495,57.47755824461953
618,Coho,LWFR,2007-01-01,3155238,55.09319549
619,Coho,LWFR,2008-01-01,3187046,53.343202497711374
620,Coho,LWFR,2009-01-01,3001283,54.66285764999999
621,Coho,LWFR,2010-01-01,3201273,46.60629613979167
622,Coho,LWFR,2011-01-01,3294051,52.19347218425268
623,Coho,LWFR,2012-01-01,2964906,44.278583157859366
624,Coho,LWFR,2013-01-01,2562378,42.87144707726905
625,Coho,LWFR,2014-01-01,2410623,36.60939798604446
626,Coho,LWFR,2015-01-01,2386294,40.453546747688726
627,Coho,LWFR,2016-01-01,329731,7.36179742
628,Coho,NCST,2014-01-01,12281,0.020877700000000003
629,Coho,SWVI,1990-01-01,20500,0.044075
630,Coho,SWVI,1991-01-01,20000,0.03555274043433305
631,Coho,SWVI,1992-01-01,22568,0.04011771230610142
632,Coho,TOMF,1980-01-01,450,0.000225
633,Coho,TOMF,1981-01-01,13800,0.0069
634,Coho,TOMF,1982-01-01,11600,0.010494092554291632
635,Coho,TOMF,1983-01-01,66915,0.3102193991520166
636,Coho,TOMF,1984-01-01,760811,1.920585413117891
637,Coho,TOMF,1985-01-01,1485113,4.5336407455532575
638,Coho,TOMF,1986-01-01,1263439,5.07555983327301
639,Coho,TOMF,1987-01-01,1632249,5.7400119603929705
640,Coho,TOMF,1988-01-01,1110613,3.4072243365977246
641,Coho,TOMF,1989-01-01,1157944,4.833104006913133
642,Coho,TOMF,1990-01-01,1542537,5.586793178893485
643,Coho,TOMF,1991-01-01,1544893,6.488261870074777
644,Coho,TOMF,1992-01-01,966122,3.7948117857286023
645,Coho,TOMF,1993-01-01,802022,2.4400598812306105
646,Coho,TOMF,1994-01-01,616456,2.965268850103413
647,Coho,TOMF,1995-01-01,400548,0.7336470000000002
648,Coho,TOMF,1996-01-01,539361,2.3564818
649,Coho,TOMF,1997-01-01,386901,1.0668445
650,Coho,TOMF,1998-01-01,360583,1.0322500950000004
651,Coho,TOMF,1999-01-01,546301,1.67948255
652,Coho,TOMF,2000-01-01,650077,2.04427196
653,Coho,TOMF,2001-01-01,548115,2.5130508257142856
654,Coho,TOMF,2002-01-01,541520,2.0775883399999997
655,Coho,TOMF,2003-01-01,528273,2.13319052
656,Coho,TOMF,2004-01-01,173095,2.194073
657,Coho,TOMF,2005-01-01,214960,1.4564501600000004
658,Coho,TOMF,2006-01-01,235366,1.8435519277777777
659,Coho,TOMF,2007-01-01,148338,1.93129717
660,Coho,TOMF,2008-01-01,146067,1.4111368
661,Coho,TOMF,2009-01-01,257038,1.8598280499999997
662,Coho,TOMF,2010-01-01,190154,1.8551711595180724
663,Coho,TOMF,2011-01-01,312820,2.2142548900000003
664,Coho,TOMF,2012-01-01,278009,2.7560164471485944
665,Coho,TOMF,2013-01-01,212366,2.1804080399999997
666,Coho,TOMF,2014-01-01,143463,1.3536976936181526
667,Coho,TOMF,2015-01-01,84076,1.0480790023774762
668,Coho,TOMF,2016-01-01,14770,0.25247668
669,Coho,TOMM,1985-01-01,60500,0.1694
670,Coho,TOMM,1986-01-01,111320,0.4043355527404343
671,Coho,TOMM,1987-01-01,677162,3.1224564898655633
672,Coho,TOMM,1988-01-01,541743,2.834400789865564
673,Coho,TOMM,1989-01-01,440380,3.1784999999999997
674,Coho,TOMM,1990-01-01,832481,4.171079339222606
675,Coho,TOMM,1991-01-01,654501,5.486600949468324
676,Coho,TOMM,1992-01-01,1348076,4.630912810522234
677,Coho,TOMM,1993-01-01,1306228,4.472377405454935
678,Coho,TOMM,1994-01-01,1075809,1.4116255219234748
679,Coho,TOMM,1995-01-01,1174218,5.295560599999999
680,Coho,TOMM,1996-01-01,661264,4.7810837
681,Coho,TOMM,1997-01-01,445531,3.184077623839797
682,Coho,TOMM,1998-01-01,463367,3.3928965
683,Coho,TOMM,1999-01-01,448687,2.6088351999999997
684,Coho,TOMM,2000-01-01,623609,2.78657281
685,Coho,TOMM,2001-01-01,675930,4.239758439999999
686,Coho,TOMM,2002-01-01,759694,4.196190473541668
687,Coho,TOMM,2003-01-01,736478,2.79523655
688,Coho,TOMM,2004-01-01,337702,3.66430445
689,Coho,TOMM,2005-01-01,228188,2.10179235
690,Coho,TOMM,2006-01-01,148186,1.84535634
691,Coho,TOMM,2007-01-01,148740,1.6514907899999998
692,Coho,TOMM,2008-01-01,176538,1.9572028199999998
693,Coho,TOMM,2009-01-01,129678,1.54233702
694,Coho,TOMM,2010-01-01,170232,1.59156478
695,Coho,TOMM,2011-01-01,263005,1.836284
696,Coho,TOMM,2012-01-01,139959,1.4615523548086868
697,Coho,TOMM,2013-01-01,154284,1.474020595434333
698,Coho,TOMM,2014-01-01,138626,1.30342197
699,Coho,TOMM,2015-01-01,136939,1.3898547299999997
700,Coho,TOMM,2016-01-01,18511,0.243208
701,Coho,UPFR,1981-01-01,10500,0.0063
702,Coho,UPFR,1982-01-01,8000,0.008
703,Coho,UPFR,1983-01-01,50000,0.08888185108583263
704,Coho,UPFR,1984-01-01,45674,0.048000600000000004
705,Coho,UPFR,1985-01-01,50,5e-05
706,Coho,UPFR,1986-01-01,29723,0.14818420000000002
707,Coho,UPFR,1987-01-01,31690,0.3908611898655637
708,Coho,UPFR,1988-01-01,32455,0.181228749327818
709,Coho,UPFR,1989-01-01,35926,0.44821721096173733
710,Coho,UPFR,1990-01-01,86154,0.8197467403619442
711,Coho,UPFR,1991-01-01,85372,0.15629312704239928
712,Coho,UPFR,1992-01-01,2397,0.027128421923474665
713,Coho,UPFR,1993-01-01,40160,0.07138990279214076
714,Coho,UPFR,1994-01-01,90994,0.04016358247156156
715,Coho,UPFR,1995-01-01,9088,0.028692799999999997
716,Coho,UPFR,1996-01-01,8750,0.0345
717,Coho,UPFR,1997-01-01,13900,0.027800000000000002
718,Coho,UPFR,1998-01-01,11990,0.02398
719,Coho,UPFR,1999-01-01,53746,0.0627986
720,Coho,UPFR,2000-01-01,24841,0.03476133
721,Coho,UPFR,2003-01-01,15,2.9999999999999997e-05
722,Coho,UPFR,2004-01-01,40,8e-05
723,Coho,UPFR,2008-01-01,300,0.0006
724,Coho,UPFR,2011-01-01,9750,0.017832277662874894
725,Cutthroat,CCST,1987-01-01,9410,0.00941
726,Cutthroat,CCST,1990-01-01,945,0.0010017
727,Cutthroat,CCST,1991-01-01,1633,0.0009144800000000002
728,Cutthroat,CCST,1993-01-01,1090,0.0016350000000000002
729,Cutthroat,GSMN,1979-01-01,682,0.0001364
730,Cutthroat,GSMN,1981-01-01,500,0.00025
731,Cutthroat,GSMN,1982-01-01,1363,0.09228041999999999
732,Cutthroat,GSMN,1984-01-01,1010,0.012322
733,Cutthroat,GSMN,1985-01-01,783,0.00627966
734,Cutthroat,GSMN,1987-01-01,4407,0.21437585
735,Cutthroat,GSMN,1988-01-01,4914,0.331501307586207
736,Cutthroat,GSMN,1989-01-01,2245,0.17174250000000002
737,Cutthroat,GSMN,1990-01-01,2000,0.17
738,Cutthroat,GSMN,1991-01-01,1954,0.11724000000000001
739,Cutthroat,GSMN,1992-01-01,224,0.02224992
740,Cutthroat,GSMN,1993-01-01,6047,0.5909108400000002
741,Cutthroat,GSMN,1994-01-01,4746,0.5648797999999999
742,Cutthroat,GSMN,1995-01-01,18703,1.973123818913043
743,Cutthroat,GSMN,1996-01-01,11781,1.31159809
744,Cutthroat,GSMN,1997-01-01,3558,0.29209056000000005
745,Cutthroat,GSMN,1998-01-01,2639,0.2579854
746,Cutthroat,GSMN,1999-01-01,2428,0.26766323999999997
747,Cutthroat,GSMN,2000-01-01,3500,0.315
748,Cutthroat,GSMN,2001-01-01,1440,0.09525600000000002
749,Cutthroat,GSMN,2002-01-01,1068,0.0792456
750,Cutthroat,GSMN,2003-01-01,5424,0.41422559999999997
751,Cutthroat,GSMN,2004-01-01,3516,0.3519516
752,Cutthroat,GSMN,2005-01-01,976,0.042962299999999995
753,Cutthroat,GSMN,2006-01-01,882,0.089964
754,Cutthroat,GSMS,1985-01-01,2748,0.00687
755,Cutthroat,GSMS,1987-01-01,8038,0.4171722
756,Cutthroat,GSMS,1988-01-01,9067,0.4243356
757,Cutthroat,GSMS,1989-01-01,10534,0.3685103
758,Cutthroat,GSMS,1990-01-01,6099,0.3580113
759,Cutthroat,GSMS,1991-01-01,4500,0.27481500000000003
760,Cutthroat,GSMS,1992-01-01,16161,0.8714184999999999
761,Cutthroat,GSMS,1993-01-01,16815,0.8764639999999999
762,Cutthroat,GSMS,1994-01-01,19502,1.5254185999999998
763,Cutthroat,GSMS,1995-01-01,6660,0.4823493
764,Cutthroat,GSMS,1997-01-01,6858,0.7248905999999999
765,Cutthroat,GSMS,1999-01-01,9081,0.7228475999999999
766,Cutthroat,GSMS,2002-01-01,3983,0.44729090000000005
767,Cutthroat,GSMS,2004-01-01,2000,0.2
768,Cutthroat,GSMS,2005-01-01,1162,0.1224748
769,Cutthroat,GSMS,2011-01-01,12591,1.233918
770,Cutthroat,GSVI,1980-01-01,2000,0.001
771,Cutthroat,GSVI,1981-01-01,5200,0.0026
772,Cutthroat,GSVI,1982-01-01,12245,0.1337272
773,Cutthroat,GSVI,1983-01-01,8673,0.387917
774,Cutthroat,GSVI,1985-01-01,3563,0.22512770000000001
775,Cutthroat,GSVI,1986-01-01,7925,0.5185774999999999
776,Cutthroat,GSVI,1987-01-01,8858,0.4942764
777,Cutthroat,GSVI,1988-01-01,19674,1.1207083999999998
778,Cutthroat,GSVI,1989-01-01,23718,1.4272259
779,Cutthroat,GSVI,1990-01-01,10217,0.7599457000000001
780,Cutthroat,GSVI,1991-01-01,30134,2.4020742999999998
781,Cutthroat,GSVI,1992-01-01,14821,1.0623901835543765
782,Cutthroat,GSVI,1993-01-01,32844,1.5597068513332404
783,Cutthroat,GSVI,1994-01-01,18073,1.0693513736842104
784,Cutthroat,GSVI,1995-01-01,8148,0.49896949999999995
785,Cutthroat,GSVI,1996-01-01,3881,0.20323599999999997
786,Cutthroat,GSVI,1997-01-01,10862,0.7002154
787,Cutthroat,GSVI,1998-01-01,16419,1.4486883
788,Cutthroat,GSVI,1999-01-01,9301,0.5713733999999999
789,Cutthroat,GSVI,2000-01-01,27511,1.62608208
790,Cutthroat,GSVI,2001-01-01,12996,1.09000252
791,Cutthroat,GSVI,2003-01-01,9538,0.3174612
792,Cutthroat,GSVI,2004-01-01,8832,0.6952605999999999
793,Cutthroat,GSVI,2005-01-01,11793,0.6133560941114059
794,Cutthroat,GSVI,2006-01-01,9641,0.5464545
795,Cutthroat,GSVI,2008-01-01,10122,0.7945770000000001
796,Cutthroat,JNST,1993-01-01,8,0.0005396846684350133
797,Cutthroat,LWFR,1983-01-01,29240,1.4514969999999998
798,Cutthroat,LWFR,1984-01-01,23648,1.1366120000000002
799,Cutthroat,LWFR,1985-01-01,70514,3.5618727999999997
800,Cutthroat,LWFR,1986-01-01,86807,5.6991918
801,Cutthroat,LWFR,1987-01-01,122181,8.8305789
802,Cutthroat,LWFR,1988-01-01,121225,9.981393183342174
803,Cutthroat,LWFR,1989-01-01,112264,8.2581708
804,Cutthroat,LWFR,1990-01-01,121741,8.998757099999999
805,Cutthroat,LWFR,1991-01-01,114832,8.5486611
806,Cutthroat,LWFR,1992-01-01,108557,9.566216299999999
807,Cutthroat,LWFR,1993-01-01,82006,6.1789570000000005
808,Cutthroat,LWFR,1994-01-01,77178,6.277499400000001
809,Cutthroat,LWFR,1995-01-01,75773,6.4293747
810,Cutthroat,LWFR,1996-01-01,107378,7.8342271000000006
811,Cutthroat,LWFR,1997-01-01,104359,7.996882299999999
812,Cutthroat,LWFR,1998-01-01,53293,3.1776682999999997
813,Cutthroat,LWFR,1999-01-01,95311,7.563105200000001
814,Cutthroat,LWFR,2000-01-01,58599,3.8697168
815,Cutthroat,LWFR,2001-01-01,45689,3.0858684
816,Cutthroat,LWFR,2002-01-01,35716,1.9909178
817,Cutthroat,LWFR,2003-01-01,49418,3.4777818999999996
818,Cutthroat,LWFR,2004-01-01,49344,3.63825574
819,Cutthroat,LWFR,2005-01-01,13695,0.6957059999999999
820,Cutthroat,LWFR,2006-01-01,11049,0.83342607
821,Cutthroat,LWFR,2007-01-01,16952,1.3103896000000002
822,Cutthroat,LWFR,2008-01-01,15672,1.2600288000000002
823,Cutthroat,LWFR,2009-01-01,21123,1.5324300000000002
824,Cutthroat,LWFR,2010-01-01,17000,0.85
825,Cutthroat,LWFR,2012-01-01,21703,1.33451747
826,Pink,GSMN,1980-01-01,497715,0.19908599999999999
827,Pink,GSMN,1982-01-01,1148969,0.4595876
828,Pink,GSMN,1984-01-01,293083,0.1171576
829,Pink,GSMN,1986-01-01,1607898,0.6301091999999999
830,Pink,GSMN,1988-01-01,3557936,1.2318959500000002
831,Pink,GSMN,1990-01-01,2570623,1.681305562248062
832,Pink,GSMN,1992-01-01,6471759,2.3692442644961242
833,Pink,GSMN,1993-01-01,1197000,0.7614353100775193
834,Pink,GSMN,1994-01-01,3214610,0.9867634391718662
835,Pink,GSMN,1996-01-01,2365177,0.93947336
836,Pink,GSMN,1997-01-01,150511,0.03039198
837,Pink,GSMN,1998-01-01,2023121,0.9495373
838,Pink,GSMN,1999-01-01,265600,0.051308
839,Pink,GSMN,2000-01-01,5488362,2.15351328
840,Pink,GSMN,2002-01-01,6538693,2.579160343333334
841,Pink,GSMN,2003-01-01,339866,0.06246587
842,Pink,GSMN,2004-01-01,5403515,1.6868424
843,Pink,GSMN,2005-01-01,1670000,0.501
844,Pink,GSMN,2006-01-01,8371310,2.6877885299999997
845,Pink,GSMN,2007-01-01,1553136,0.4651275306666667
846,Pink,GSMN,2008-01-01,2638537,11.002318906744186
847,Pink,GSMN,2010-01-01,2218602,1.4917283171951219
848,Pink,GSMN,2011-01-01,60000,0.015867441860465112
849,Pink,GSMN,2012-01-01,1933986,0.5742041564341085
850,Pink,GSMN,2013-01-01,2500,0.000661143410852713
851,Pink,GSMN,2014-01-01,440789,0.11046130713178293
852,Pink,GSMN,2015-01-01,75000,0.01983430232558139
853,Pink,GSMN,2016-01-01,106390,0.0223419
854,Pink,GSVI,1980-01-01,77264,0.01544941
855,Pink,GSVI,1981-01-01,1515947,0.43542031
856,Pink,GSVI,1982-01-01,1661642,0.49790908178294563
857,Pink,GSVI,1983-01-01,52067,0.00937206
858,Pink,GSVI,1984-01-01,752700,0.143013
859,Pink,GSVI,1986-01-01,237662,0.0475324
860,Pink,GSVI,1988-01-01,2862711,1.33412036
861,Pink,GSVI,1989-01-01,3286590,0.6580166999999999
862,Pink,GSVI,1990-01-01,3852489,1.93352808009901
863,Pink,GSVI,1991-01-01,4220670,1.116934
864,Pink,GSVI,1992-01-01,5208869,1.8208264293333332
865,Pink,GSVI,1993-01-01,2843605,0.8176298009900989
866,Pink,GSVI,1994-01-01,3132411,0.8342822
867,Pink,GSVI,1995-01-01,1039000,0.41559999999999997
868,Pink,GSVI,1996-01-01,3148053,1.77505512
869,Pink,GSVI,1997-01-01,3808049,2.2125679899999997
870,Pink,GSVI,1998-01-01,1131340,0.452536
871,Pink,GSVI,1999-01-01,1861688,0.6135064
872,Pink,GSVI,2000-01-01,3686444,1.7534958399999998
873,Pink,GSVI,2001-01-01,1431042,0.28131158533333334
874,Pink,GSVI,2002-01-01,3876276,1.2243923700775194
875,Pink,GSVI,2003-01-01,1499307,0.4347921
876,Pink,GSVI,2004-01-01,650000,0.195
877,Pink,GSVI,2005-01-01,388000,0.1164
878,Pink,GSVI,2006-01-01,570000,0.171
879,Pink,GSVI,2007-01-01,350000,0.105
880,Pink,GSVI,2008-01-01,863250,0.258975
881,Pink,GSVI,2009-01-01,213000,0.0639
882,Pink,GSVI,2010-01-01,1625305,1.0679197050387597
883,Pink,GSVI,2011-01-01,662213,0.3394233172093023
884,Pink,GSVI,2012-01-01,2961237,1.485810988488372
885,Pink,GSVI,2013-01-01,998216,0.87806618
886,Pink,GSVI,2014-01-01,2958442,1.0889556000000002
887,Pink,GSVI,2015-01-01,351456,0.34091232
888,Pink,JNST,1986-01-01,2945048,1.4885890999999998
889,Pink,JNST,1987-01-01,4747923,2.372105
890,Pink,JNST,1988-01-01,1600000,0.6699999999999999
891,Pink,JNST,1989-01-01,1475000,0.6050000000000001
892,Pink,JNST,1990-01-01,66032,0.013206400000000002
893,Pink,JNST,1991-01-01,2200000,1.2755658914728683
894,Pink,JNST,1992-01-01,500000,0.2
895,Pink,JNST,1993-01-01,2482477,0.24319033133333334
896,Pink,JNST,1994-01-01,2490000,0.36716666666666675
897,Pink,JNST,1995-01-01,4097774,1.4173724399999998
898,Pink,JNST,1996-01-01,1154795,0.39377821
899,Pink,JNST,1997-01-01,1564380,0.49302145333333336
900,Pink,JNST,1998-01-01,5517375,3.6265277100000004
901,Pink,JNST,1999-01-01,5020722,0.9441316599999999
902,Pink,JNST,2000-01-01,2152000,0.4304
903,Pink,JNST,2001-01-01,6251693,1.3393047399999998
904,Pink,JNST,2002-01-01,2822000,0.7775000000000001
905,Pink,JNST,2003-01-01,6791016,1.59029304
906,Pink,JNST,2004-01-01,6645268,1.7276774000000001
907,Pink,JNST,2005-01-01,2838496,0.8515488
908,Pink,JNST,2006-01-01,6845771,2.12388418
909,Pink,JNST,2007-01-01,2379340,1.2265491000000002
910,Pink,JNST,2008-01-01,7842500,3.2932157500000008
911,Pink,JNST,2009-01-01,7677441,3.3347221140000003
912,Pink,JNST,2010-01-01,6111107,1.8065747084524477
913,Pink,JNST,2011-01-01,7325383,2.8159131729022495
914,Pink,JNST,2012-01-01,4271006,1.1558906375193798
915,Pink,JNST,2013-01-01,6509627,1.95309963
916,Pink,JNST,2014-01-01,3540000,1.6938096124031006
917,Pink,JNST,2015-01-01,4957776,1.1049552
918,Pink,JNST,2016-01-01,2341434,0.44487246
919,Pink,LWFR,1962-01-01,1055200,0.31656
920,Pink,LWFR,1964-01-01,1055400,0.31661999999999996
921,Pink,LWFR,1966-01-01,1310800,0.393084603960396
922,Pink,LWFR,1968-01-01,390000,0.11660608910891082
923,Pink,LWFR,1970-01-01,332700,0.09913420792079194
924,Pink,LWFR,1972-01-01,655800,0.19589074257425726
925,Pink,LWFR,1974-01-01,1129700,0.33697297029702933
926,Pink,LWFR,1976-01-01,1538200,0.46006143564356405
927,Pink,LWFR,1978-01-01,1224900,0.3664545049504948
928,Pink,LWFR,1980-01-01,1029800,0.30856054455445536
929,Pink,LWFR,1982-01-01,1835400,0.5496695544554453
930,Pink,LWFR,1984-01-01,2120522,0.749528382178217
931,Pink,LWFR,1986-01-01,1723520,0.5477384752475241
932,Pink,LWFR,1988-01-01,1932114,0.6175285922772272
933,Pink,LWFR,1990-01-01,3947397,1.1618734464341085
934,Pink,LWFR,1992-01-01,4849875,1.4329694145736438
935,Pink,LWFR,1994-01-01,2226454,0.5306068004651162
936,Pink,LWFR,1996-01-01,1186990,0.30729842000000007
937,Pink,LWFR,1998-01-01,1442159,0.3665152300000001
938,Pink,LWFR,2000-01-01,9174487,3.2273869999999993
939,Pink,LWFR,2002-01-01,12051153,3.5770637799999996
940,Pink,LWFR,2004-01-01,8095675,2.3520303499999997
941,Pink,LWFR,2006-01-01,11486361,3.3796365999999995
942,Pink,LWFR,2008-01-01,6497135,1.7452293199999998
943,Pink,LWFR,2009-01-01,40909,0.001663632666666667
944,Pink,LWFR,2010-01-01,7292827,2.088338846726147
945,Pink,LWFR,2012-01-01,6165846,1.5617682578527128
946,Pink,LWFR,2014-01-01,8985755,2.08435987244186
947,Pink,LWFR,2016-01-01,985396,0.49161879999999997
948,Pink,UPFR,1962-01-01,3592000,1.0646190099009871
949,Pink,UPFR,1964-01-01,3480325,1.0315200878712845
950,Pink,UPFR,1966-01-01,2681000,0.7946112376237604
951,Pink,UPFR,1968-01-01,12083424,3.5813593805940505
952,Pink,UPFR,1970-01-01,13252500,3.927857301980188
953,Pink,UPFR,1972-01-01,18492686,5.4809757961386
954,Pink,UPFR,1974-01-01,21704119,6.4328000224257265
955,Pink,UPFR,1976-01-01,23958767,7.101046437079191
956,Pink,UPFR,1978-01-01,29804320,8.833587318811858
957,Pink,UPFR,1980-01-01,23122085,6.853065489851468
958,Pink,UPFR,1982-01-01,23516957,6.9701000771782
959,Pink,UPFR,1984-01-01,18169005,5.385041234405929
960,Pink,UPFR,1986-01-01,15202102,4.505692310594048
961,Pink,UPFR,1988-01-01,30170511,8.942121255297007
962,Pink,UPFR,1990-01-01,32498040,9.631968588118788
963,Pink,UPFR,1992-01-01,29215000,6.4273
964,Pink,UPFR,1994-01-01,24722447,5.43893834
965,Pink,UPFR,1996-01-01,21644334,6.415080577128697
966,Pink,UPFR,1998-01-01,20914000,6.198619702970282
967,Sockeye,GSMN,1987-01-01,15000,0.0045
968,Sockeye,GSMN,1988-01-01,57110,0.017133000000000002
969,Sockeye,GSMN,1989-01-01,32732,0.00687372
970,Sockeye,GSMN,2001-01-01,14981,0.022471500000000002
971,Sockeye,GSMN,2002-01-01,31922,0.051075199999999994
972,Sockeye,GSMN,2003-01-01,2784,0.0414816
973,Sockeye,GSMN,2005-01-01,25927,0.0337051
974,Sockeye,GSMN,2006-01-01,94510,0.142432
975,Sockeye,GSMN,2007-01-01,86061,0.3741936
976,Sockeye,GSMN,2008-01-01,374188,0.37552480000000005
977,Sockeye,GSMN,2009-01-01,727376,0.363688
978,Sockeye,GSMN,2010-01-01,328928,0.164464
979,Sockeye,GSMN,2011-01-01,1253285,0.8212381309090909
980,Sockeye,GSMN,2012-01-01,972198,0.9791098
981,Sockeye,GSMN,2013-01-01,856205,1.3265097000000001
982,Sockeye,GSMN,2014-01-01,320416,0.5305724
983,Sockeye,GSMN,2015-01-01,653799,1.95462705
984,Sockeye,LWFR,1961-01-01,2109000,0.0
985,Sockeye,LWFR,1962-01-01,4006000,0.0
986,Sockeye,LWFR,1963-01-01,2297000,0.0
987,Sockeye,LWFR,1964-01-01,3026000,0.3080000000000001
988,Sockeye,LWFR,1965-01-01,4188000,0.42079644444444464
989,Sockeye,LWFR,1966-01-01,12454000,1.4578666666666673
990,Sockeye,LWFR,1967-01-01,21758000,2.0890613333333343
991,Sockeye,LWFR,1968-01-01,11860000,1.0680071111111118
992,Sockeye,LWFR,1969-01-01,13584000,0.716202666666667
993,Sockeye,LWFR,1970-01-01,46013000,5.039427555555557
994,Sockeye,LWFR,1971-01-01,14182000,1.3602648888888895
995,Sockeye,LWFR,1972-01-01,16530000,0.9313920000000004
996,Sockeye,LWFR,1973-01-01,26509000,2.492336000000001
997,Sockeye,LWFR,1974-01-01,42569000,5.04394488888889
998,Sockeye,LWFR,1975-01-01,56881000,5.403278222222224
999,Sockeye,LWFR,1976-01-01,33870000,4.0794257777777805
1000,Sockeye,LWFR,1977-01-01,76506000,7.749827555555559
1001,Sockeye,LWFR,1978-01-01,30520000,3.1714417777777797
1002,Sockeye,LWFR,1979-01-01,61983000,6.0944302222222255
1003,Sockeye,LWFR,1980-01-01,36009000,4.116796444444446
1004,Sockeye,LWFR,1981-01-01,57933000,7.735728000000005
1005,Sockeye,LWFR,1982-01-01,33246000,3.481495111111112
1006,Sockeye,LWFR,1983-01-01,61871000,7.965701333333335
1007,Sockeye,LWFR,1984-01-01,38146000,4.5236302222222236
1008,Sockeye,LWFR,1985-01-01,52468000,6.722613333333336
1009,Sockeye,LWFR,1986-01-01,21699000,2.7807608888888904
1010,Sockeye,LWFR,1987-01-01,25808498,4.133545888888889
1011,Sockeye,LWFR,1988-01-01,32887936,5.321971511111113
1012,Sockeye,LWFR,1989-01-01,26707972,4.3764999822222235
1013,Sockeye,LWFR,1990-01-01,24901654,6.77206713
1014,Sockeye,LWFR,1991-01-01,20479195,5.4557592900000005
1015,Sockeye,LWFR,1992-01-01,45048330,11.069433730000002
1016,Sockeye,LWFR,1993-01-01,49801787,10.897463273333333
1017,Sockeye,LWFR,1994-01-01,44798839,11.485760189999999
1018,Sockeye,LWFR,1995-01-01,48672263,11.265754649999998
1019,Sockeye,LWFR,1996-01-01,25871579,6.726805629999999
1020,Sockeye,LWFR,1997-01-01,53984477,11.881821760000001
1021,Sockeye,LWFR,1998-01-01,21957425,5.9195857400000005
1022,Sockeye,LWFR,1999-01-01,56580646,10.06983057555556
1023,Sockeye,LWFR,2000-01-01,48253552,14.612263500000001
1024,Sockeye,LWFR,2001-01-01,25026480,6.8086806
1025,Sockeye,LWFR,2002-01-01,41392795,9.54922404
1026,Sockeye,LWFR,2003-01-01,64796026,14.681302510000002
1027,Sockeye,LWFR,2004-01-01,60430107,14.48996434
1028,Sockeye,LWFR,2005-01-01,43058295,15.89627739
1029,Sockeye,LWFR,2006-01-01,47075899,18.03670137
1030,Sockeye,LWFR,2007-01-01,50165558,11.869199389999999
1031,Sockeye,LWFR,2008-01-01,32570323,8.61188925
1032,Sockeye,LWFR,2009-01-01,4144221,4.57759757
1033,Sockeye,LWFR,2010-01-01,37878317,8.791927669555557
1034,Sockeye,LWFR,2011-01-01,45419504,12.58477988
1035,Sockeye,LWFR,2012-01-01,40558823,10.792443389999999
1036,Sockeye,LWFR,2013-01-01,3783417,4.5609064
1037,Sockeye,LWFR,2014-01-01,37684769,9.03416168
1038,Sockeye,LWFR,2015-01-01,19688851,5.73441109
1039,Sockeye,LWFR,2016-01-01,3589268,2.62362905
1040,Sockeye,TOMF,1989-01-01,1510000,0.29505000000000003
1041,Sockeye,TOMF,1991-01-01,1600000,0.48
1042,Sockeye,TOMF,1992-01-01,550000,0.165
1043,Sockeye,TOMF,1993-01-01,316530,0.736512
1044,Sockeye,TOMF,1995-01-01,70200,0.02106
1045,Sockeye,TOMF,1996-01-01,655200,0.19655999999999998
1046,Sockeye,TOMF,1997-01-01,1302000,2.7529999999999992
1047,Sockeye,TOMF,2001-01-01,1942100,2.010924
1048,Sockeye,TOMF,2002-01-01,757650,0.600495
1049,Sockeye,UPFR,1969-01-01,7645000,0.9542524444444448
1050,Sockeye,UPFR,1970-01-01,374000,0.04572088888888892
1051,Sockeye,UPFR,1971-01-01,25000,0.002874666666666668
1052,Sockeye,UPFR,1972-01-01,239000,0.02956800000000001
1053,Sockeye,UPFR,1973-01-01,6831000,0.8712977777777781
1054,Sockeye,UPFR,1974-01-01,13055000,1.479084444444445
1055,Sockeye,UPFR,1975-01-01,2138000,0.14825066666666675
1056,Sockeye,UPFR,1976-01-01,16117000,1.9506666666666677
1057,Sockeye,UPFR,1977-01-01,20491000,2.6837066666666676
1058,Sockeye,UPFR,1978-01-01,16642000,2.20541688888889
1059,Sockeye,UPFR,1979-01-01,3148000,0.4131306666666667
1060,Sockeye,UPFR,1980-01-01,25065000,3.019495111111113
1061,Sockeye,UPFR,1981-01-01,14162000,1.839376000000001
1062,Sockeye,UPFR,1982-01-01,21114000,2.8106026666666684
1063,Sockeye,UPFR,1983-01-01,2601800,0.3510920000000002
1064,Sockeye,UPFR,1984-01-01,25040000,3.240707555555557
1065,Sockeye,UPFR,1985-01-01,19469000,2.592401777777779
1066,Sockeye,UPFR,1986-01-01,9718625,1.317692444444445
1067,Sockeye,UPFR,1987-01-01,7251763,0.9539637777777781
1068,Sockeye,UPFR,1988-01-01,23649600,3.0663020000000003
1069,Sockeye,UPFR,1989-01-01,24163186,2.77035541688889
1070,Sockeye,UPFR,1990-01-01,39284740,5.335544455111114
1071,Sockeye,UPFR,1991-01-01,23153996,3.1323692302222232
1072,Sockeye,UPFR,1992-01-01,45590768,5.86398332
1073,Sockeye,UPFR,1993-01-01,27384802,4.10181482
1074,Sockeye,UPFR,1994-01-01,17776575,2.76861699
1075,Sockeye,UPFR,1995-01-01,4717720,0.6458034488888893
1076,Sockeye,UPFR,1996-01-01,9202000,1.2596515555555563
1077,Sockeye,UPFR,1997-01-01,28735825,4.848542777777779
1078,Sockeye,UPFR,1998-01-01,4713113,0.9190821555555556
1079,Sockeye,UPFR,1999-01-01,25862000,3.5402204444444463
1080,Sockeye,UPFR,2000-01-01,19165200,5.749560000000001
1081,Sockeye,UPFR,2001-01-01,23712000,7.1136
1082,Sockeye,UPFR,2002-01-01,19240000,5.772
1083,Sockeye,UPFR,2003-01-01,33900000,13.11
1084,Sockeye,UPFR,2004-01-01,34410000,5.919000000000002
1085,Sockeye,UPFR,2005-01-01,17380000,5.214
1086,Sockeye,UPFR,2006-01-01,13105000,3.9314999999999998
1087,Sockeye,UPFR,2007-01-01,12450000,3.1109999999999998
1088,Sockeye,UPFR,2008-01-01,5440000,1.632
1089,Sockeye,UPFR,2009-01-01,6750000,1.26
1090,Sockeye,UPFR,2010-01-01,10413116,1.4685376222222226
1091,Sockeye,UPFR,2011-01-01,33914342,4.351896086222224
1092,Sockeye,UPFR,2012-01-01,8124287,1.0849882462222227
1093,Sockeye,UPFR,2013-01-01,9664289,1.1339951871111111
1094,Sockeye,UPFR,2014-01-01,11200000,1.4216888888888892
1095,Sockeye,UPFR,2015-01-01,25557239,3.015977676444445
1096,Steelhead,CCST,1987-01-01,21609,0.0453789
1097,Steelhead,GSMN,1973-01-01,41656,0.9081007999999999
1098,Steelhead,GSMN,1974-01-01,12101,0.34366840000000004
1099,Steelhead,GSMN,1975-01-01,52450,1.190615
1100,Steelhead,GSMN,1976-01-01,30945,0.4734585
1101,Steelhead,GSMN,1977-01-01,18948,0.27268335000000005
1102,Steelhead,GSMN,1978-01-01,56947,0.3456226
1103,Steelhead,GSMN,1979-01-01,45391,0.7553187000000001
1104,Steelhead,GSMN,1980-01-01,79524,1.50689244
1105,Steelhead,GSMN,1981-01-01,45227,1.432600377586207
1106,Steelhead,GSMN,1982-01-01,22735,0.5981183350689655
1107,Steelhead,GSMN,1983-01-01,174788,1.3022361100000002
1108,Steelhead,GSMN,1984-01-01,314809,3.8359008699999997
1109,Steelhead,GSMN,1985-01-01,117163,0.8268045600000001
1110,Steelhead,GSMN,1986-01-01,186945,3.090562699999999
1111,Steelhead,GSMN,1987-01-01,201149,2.673773314827586
1112,Steelhead,GSMN,1988-01-01,226270,3.312419020303031
1113,Steelhead,GSMN,1989-01-01,299223,2.121011171551724
1114,Steelhead,GSMN,1990-01-01,199443,3.9885130156896555
1115,Steelhead,GSMN,1991-01-01,73009,2.1457478034883724
1116,Steelhead,GSMN,1992-01-01,158236,5.504897630506824
1117,Steelhead,GSMN,1993-01-01,86911,4.288300320506822
1118,Steelhead,GSMN,1994-01-01,63664,3.9258858605068223
1119,Steelhead,GSMN,1995-01-01,72966,4.408625561988304
1120,Steelhead,GSMN,1996-01-01,47137,3.47807002
1121,Steelhead,GSMN,1997-01-01,81974,3.6680216600000004
1122,Steelhead,GSMN,1998-01-01,92908,4.2415691099999995
1123,Steelhead,GSMN,1999-01-01,77924,4.913455160000001
1124,Steelhead,GSMN,2000-01-01,61462,3.1279342900000002
1125,Steelhead,GSMN,2001-01-01,56670,4.365612960000001
1126,Steelhead,GSMN,2002-01-01,52534,4.957039099999999
1127,Steelhead,GSMN,2003-01-01,94532,5.092893900000001
1128,Steelhead,GSMN,2004-01-01,136796,5.28834066
1129,Steelhead,GSMN,2005-01-01,53657,3.98097712
1130,Steelhead,GSMN,2006-01-01,137286,3.73025706
1131,Steelhead,GSMN,2007-01-01,70103,3.2912713799999995
1132,Steelhead,GSMN,2008-01-01,108223,5.665700950000001
1133,Steelhead,GSMN,2009-01-01,57175,2.5912913
1134,Steelhead,GSMN,2010-01-01,67746,2.06940791
1135,Steelhead,GSMN,2011-01-01,23148,1.2220958400000002
1136,Steelhead,GSMN,2012-01-01,67010,2.0769248199999994
1137,Steelhead,GSMN,2013-01-01,62341,0.91363978
1138,Steelhead,GSMN,2014-01-01,69774,3.8048778111111115
1139,Steelhead,GSMN,2015-01-01,28983,1.889169
1140,Steelhead,GSMN,2016-01-01,28895,1.20238744
1141,Steelhead,GSMS,1984-01-01,15930,0.10205959999999997
1142,Steelhead,GSMS,1985-01-01,27132,0.17680194
1143,Steelhead,GSMS,1986-01-01,3552,0.30902399999999997
1144,Steelhead,GSMS,1987-01-01,6605,0.3401575
1145,Steelhead,GSMS,1988-01-01,7622,0.4885702
1146,Steelhead,GSMS,1989-01-01,8988,0.3739008
1147,Steelhead,GSMS,1990-01-01,7308,0.2901676
1148,Steelhead,GSMS,1991-01-01,4190,0.25173520000000005
1149,Steelhead,GSMS,1992-01-01,3108,0.195804
1150,Steelhead,GSMS,1993-01-01,9317,0.289196
1151,Steelhead,GSMS,1994-01-01,15725,1.1434836000000002
1152,Steelhead,GSMS,1995-01-01,5589,0.46381500000000003
1153,Steelhead,GSMS,1996-01-01,15968,1.5955108
1154,Steelhead,GSMS,1997-01-01,11595,0.8324019
1155,Steelhead,GSMS,1998-01-01,7991,0.71919
1156,Steelhead,GSMS,1999-01-01,7549,0.47839660000000006
1157,Steelhead,GSMS,2001-01-01,9000,0.306
1158,Steelhead,GSMS,2002-01-01,7017,0.6125841
1159,Steelhead,GSMS,2005-01-01,10083,0.7290009000000001
1160,Steelhead,GSMS,2011-01-01,14535,1.1846025
1161,Steelhead,GSMS,2012-01-01,5019,0.4411701
1162,Steelhead,GSVI,1973-01-01,5084,0.2704688
1163,Steelhead,GSVI,1974-01-01,10914,0.23564500000000005
1164,Steelhead,GSVI,1975-01-01,32846,1.5123046
1165,Steelhead,GSVI,1976-01-01,29099,1.2134283
1166,Steelhead,GSVI,1977-01-01,24107,1.5211517
1167,Steelhead,GSVI,1978-01-01,40558,1.9278838652380954
1168,Steelhead,GSVI,1979-01-01,80449,3.3970658200000003
1169,Steelhead,GSVI,1980-01-01,176445,4.3993827
1170,Steelhead,GSVI,1981-01-01,215259,5.1130046
1171,Steelhead,GSVI,1982-01-01,266128,8.308352029999998
1172,Steelhead,GSVI,1983-01-01,193654,6.457268490000001
1173,Steelhead,GSVI,1984-01-01,234109,8.548501
1174,Steelhead,GSVI,1985-01-01,311907,6.55574468
1175,Steelhead,GSVI,1986-01-01,222315,8.951233
1176,Steelhead,GSVI,1987-01-01,121803,6.612371920000001
1177,Steelhead,GSVI,1988-01-01,107169,6.406186100000001
1178,Steelhead,GSVI,1989-01-01,242031,9.453443442857143
1179,Steelhead,GSVI,1990-01-01,186942,8.325571573809523
1180,Steelhead,GSVI,1991-01-01,139197,7.82415325
1181,Steelhead,GSVI,1992-01-01,159350,8.16478805
1182,Steelhead,GSVI,1993-01-01,126939,5.1051275799999996
1183,Steelhead,GSVI,1994-01-01,153170,6.7176572100000005
1184,Steelhead,GSVI,1995-01-01,59726,2.9359023795238093
1185,Steelhead,GSVI,1996-01-01,77373,2.973481977973728
1186,Steelhead,GSVI,1997-01-01,75107,1.7557398276190472
1187,Steelhead,GSVI,1998-01-01,96950,7.043482296190476
1188,Steelhead,GSVI,1999-01-01,19895,0.8574151410275689
1189,Steelhead,GSVI,2000-01-01,17814,0.8456697104761906
1190,Steelhead,GSVI,2001-01-01,137651,9.670058518095239
1191,Steelhead,GSVI,2002-01-01,111300,7.4262681399999995
1192,Steelhead,GSVI,2003-01-01,92864,6.892587880000001
1193,Steelhead,GSVI,2004-01-01,138071,10.77108586
1194,Steelhead,GSVI,2005-01-01,143410,8.249550370000001
1195,Steelhead,GSVI,2006-01-01,3561,0.13131446809523803
1196,Steelhead,GSVI,2007-01-01,2333,0.1005060523809524
1197,Steelhead,GSVI,2009-01-01,1261,0.08742124523809523
1198,Steelhead,GSVI,2010-01-01,1239,0.04037759619047619
1199,Steelhead,GSVI,2011-01-01,1795,0.09112931578947367
1200,Steelhead,JNST,1976-01-01,6007,0.3099612
1201,Steelhead,JNST,1978-01-01,463,0.0038891999999999998
1202,Steelhead,JNST,1979-01-01,16585,0.13765550000000001
1203,Steelhead,JNST,1990-01-01,35878,2.2522830000000003
1204,Steelhead,JNST,1991-01-01,29151,1.4079932999999998
1205,Steelhead,JNST,1992-01-01,40757,1.8708723000000003
1206,Steelhead,JNST,1993-01-01,20130,0.94611
1207,Steelhead,JNST,1995-01-01,2029,0.008521800000000001
1208,Steelhead,JNST,1997-01-01,1000,0.01
1209,Steelhead,LWFR,1982-01-01,82608,7.3933355999999995
1210,Steelhead,LWFR,1983-01-01,226199,8.774642900000002
1211,Steelhead,LWFR,1984-01-01,366648,19.188508499999998
1212,Steelhead,LWFR,1985-01-01,302120,15.788398600000003
1213,Steelhead,LWFR,1986-01-01,350700,16.1107701
1214,Steelhead,LWFR,1987-01-01,316205,23.124554500000002
1215,Steelhead,LWFR,1988-01-01,276858,21.3403766356389
1216,Steelhead,LWFR,1989-01-01,397188,23.9354346
1217,Steelhead,LWFR,1990-01-01,317963,22.5338941
1218,Steelhead,LWFR,1991-01-01,246676,13.122136489999999
1219,Steelhead,LWFR,1992-01-01,256720,20.9476462
1220,Steelhead,LWFR,1993-01-01,241249,17.384272344827586
1221,Steelhead,LWFR,1994-01-01,238254,14.7690407
1222,Steelhead,LWFR,1995-01-01,221014,15.599123899999999
1223,Steelhead,LWFR,1996-01-01,239842,18.540568899999997
1224,Steelhead,LWFR,1997-01-01,235654,15.9639124
1225,Steelhead,LWFR,1998-01-01,281336,20.228657999999996
1226,Steelhead,LWFR,1999-01-01,237653,17.9786033
1227,Steelhead,LWFR,2000-01-01,240599,18.21401099655172
1228,Steelhead,LWFR,2001-01-01,229631,19.935290589999997
1229,Steelhead,LWFR,2002-01-01,274402,22.146126530000004
1230,Steelhead,LWFR,2003-01-01,265806,24.28411603
1231,Steelhead,LWFR,2004-01-01,249061,20.643292532827587
1232,Steelhead,LWFR,2005-01-01,255238,26.652988889999996
1233,Steelhead,LWFR,2006-01-01,166776,14.347497149999999
1234,Steelhead,LWFR,2007-01-01,147727,10.865555180000001
1235,Steelhead,LWFR,2008-01-01,205820,9.95482644
1236,Steelhead,LWFR,2009-01-01,231364,18.2438
1237,Steelhead,LWFR,2010-01-01,178321,13.572518325925929
1238,Steelhead,LWFR,2011-01-01,158967,9.119037381519393
1239,Steelhead,LWFR,2012-01-01,184264,12.615400968830413
1240,Steelhead,LWFR,2013-01-01,37219,2.2047135
1241,Steelhead,LWFR,2014-01-01,198087,13.692743876517241
1242,Steelhead,LWFR,2015-01-01,129903,8.578794120000001
1243,Steelhead,LWFR,2016-01-01,138445,11.332222869999999
1244,Steelhead,TOMF,1985-01-01,6000,0.024
1245,Steelhead,TOMF,1986-01-01,8000,0.028278896551724164
1246,Steelhead,TOMF,1987-01-01,500,0.031671247563352836
1247,Steelhead,TOMF,1990-01-01,11746,0.093968
1248,Steelhead,TOMF,1991-01-01,26145,0.13856849999999998
1249,Steelhead,TOMF,1992-01-01,33232,0.9233644
1250,Steelhead,TOMF,1993-01-01,43269,1.0571565
1251,Steelhead,TOMM,1986-01-01,713375,1.0409625000000002
1252,Steelhead,TOMM,1987-01-01,558670,1.186523
1253,Steelhead,TOMM,1988-01-01,402931,0.9982839
1254,Steelhead,TOMM,1989-01-01,314551,0.7679081
1255,Steelhead,TOMM,1990-01-01,447503,1.0375576
1256,Steelhead,TOMM,1991-01-01,416518,1.0836868
1257,Steelhead,TOMM,1992-01-01,210058,0.2929670999999999
1258,Steelhead,TOMM,1993-01-01,192830,0.2897428000000001
1259,Steelhead,TOMM,1994-01-01,147644,0.3009052
1260,Steelhead,TOMM,1995-01-01,195816,0.3760101
1261,Steelhead,UPFR,1986-01-01,3750,0.013255732758620698
1262,Steelhead,UPFR,1988-01-01,9000,0.018000000000000002
1263,Steelhead,UPFR,1989-01-01,24054,0.0312702
1264,Steelhead,UPFR,1991-01-01,25623,0.2664792
