,EWE_GROUP_CODE,BIOMASS_MT,release_avg_date,FINAL_LAT,FINAL_LON,ROW_EWE,COL_EWE
0,Chinook-H-LFR-2,0.09577,1981-07-01,49.2324,-121.9379,136.0,48.0
1,Chinook-H-LFR-2,0.10072,1981-07-01,49.2324,-121.9379,136.0,48.0
2,Chinook-H-LFR-2,0.1273456,1982-05-15,49.2189,-121.9451,136.0,48.0
3,Chinook-H-LFR-2,0.150289197,1983-04-20,49.2189,-121.9451,136.0,48.0
4,Chinook-H-LFR-2,0.1726508,1986-06-10,49.2189,-121.9451,136.0,48.0
1069,Chinook-H-LFR-2,0.0013067,1987-06-19,49.7761,-124.3706,54.0,32.0
1070,Chinook-H-LFR-2,0.75819105,1988-06-02,49.7761,-124.3706,54.0,32.0
1071,Chinook-H-LFR-2,0.4056617,1989-06-02,49.7761,-124.3706,54.0,32.0
1072,Chinook-H-LFR-2,0.12221642,1989-06-02,49.7761,-124.3706,54.0,32.0
1073,Chinook-H-LFR-2,0.40240638,1990-05-26,49.7761,-124.3706,54.0,32.0
1074,Chinook-H-LFR-2,0.39840672,1990-05-26,49.7761,-124.3706,54.0,32.0
1075,Chinook-H-LFR-2,0.0248814,1990-05-21,49.7761,-124.3706,54.0,32.0
1076,Chinook-H-LFR-2,0.62720466,1991-05-29,49.7761,-124.3706,54.0,32.0
1077,Chinook-H-LFR-2,0.3126702,1991-05-29,49.7761,-124.3706,54.0,32.0
1078,Chinook-H-LFR-2,0.4819578,1992-05-25,49.7761,-124.3706,54.0,32.0
1079,Chinook-H-LFR-2,0.4834787,1992-05-25,49.7761,-124.3706,54.0,32.0
1080,Chinook-H-LFR-2,1.58640416,1993-06-07,49.7761,-124.3706,54.0,32.0
1081,Chinook-H-LFR-2,1.84814526,1994-05-27,49.7761,-124.3706,54.0,32.0
1082,Chinook-H-LFR-2,1.85432599,1994-05-27,49.7761,-124.3706,54.0,32.0
1083,Chinook-H-LFR-2,0.091,1995-06-10,49.803,-124.5264,44.0,28.0
1084,Chinook-H-LFR-2,0.87916928,1995-05-24,49.7761,-124.3706,54.0,32.0
1085,Chinook-H-LFR-2,0.85576096,1995-05-24,49.7761,-124.3706,54.0,32.0
1086,Chinook-H-LFR-2,0.59015,1996-05-27,49.803,-124.5264,44.0,28.0
1087,Chinook-H-LFR-2,2.701135,1996-05-22,49.7761,-124.3706,54.0,32.0
1088,Chinook-H-LFR-2,0.3066348,1997-05-28,49.803,-124.5264,44.0,28.0
1089,Chinook-H-LFR-2,0.3083672,1997-05-28,49.803,-124.5264,44.0,28.0
1090,Chinook-H-LFR-2,3.2262125,1997-05-15,49.7761,-124.3706,54.0,32.0
1091,Chinook-H-LFR-2,1.6368876,1998-05-02,49.7761,-124.3706,54.0,32.0
1092,Chinook-H-LFR-2,1.6427601,1998-05-02,49.7761,-124.3706,54.0,32.0
1093,Chinook-H-LFR-2,1.5246792,1999-06-01,49.8528,-124.445,54.0,32.0
1094,Chinook-H-LFR-2,3.7488176,1999-05-31,49.7761,-124.3706,54.0,32.0
1095,Chinook-H-LFR-2,4.22970218,2000-05-31,49.8528,-124.445,54.0,32.0
1096,Chinook-H-LFR-2,3.664936,2000-05-15,49.7761,-124.3706,54.0,32.0
1097,Chinook-H-LFR-2,3.3698696,2001-05-18,49.8528,-124.445,54.0,32.0
1098,Chinook-H-LFR-2,2.9462632,2001-05-16,49.7761,-124.3706,54.0,32.0
1099,Chinook-H-LFR-2,6.6848,2002-05-13,49.8528,-124.445,54.0,32.0
1100,Chinook-H-LFR-2,4.4674162,2003-05-14,49.8528,-124.445,54.0,32.0
1101,Chinook-H-LFR-2,0.6749408,2003-05-15,49.7761,-124.3706,54.0,32.0
1102,Chinook-H-LFR-2,6.11709,2004-05-05,49.8528,-124.445,54.0,32.0
1103,Chinook-H-LFR-2,1.001215,2004-05-04,49.7761,-124.3706,54.0,32.0
1104,Chinook-H-LFR-2,5.368149,2005-05-02,49.8528,-124.445,54.0,32.0
1105,Chinook-H-LFR-2,0.896245,2005-05-30,49.7761,-124.3706,54.0,32.0
1106,Chinook-H-LFR-2,4.833952,2006-05-26,49.8528,-124.445,54.0,32.0
1107,Chinook-H-LFR-2,1.8113634,2006-05-23,49.7761,-124.3706,54.0,32.0
1108,Chinook-H-LFR-2,0.5707273,2006-05-30,49.6394,-124.4511,54.0,23.0
1109,Chinook-H-LFR-2,0.579768,2006-05-26,49.849,-124.5362,42.0,30.0
1110,Chinook-H-LFR-2,4.2418728,2007-05-20,49.8528,-124.445,54.0,32.0
1111,Chinook-H-LFR-2,0.9253629,2007-05-20,49.7761,-124.3706,54.0,32.0
1112,Chinook-H-LFR-2,0.5860518,2007-05-29,49.849,-124.5362,42.0,30.0
1113,Chinook-H-LFR-2,4.2501,2008-05-13,49.8528,-124.445,54.0,32.0
1114,Chinook-H-LFR-2,1.092,2008-05-14,49.7761,-124.3706,54.0,32.0
1116,Chinook-H-LFR-2,5.6426372,2009-05-06,49.8528,-124.445,54.0,32.0
1117,Chinook-H-LFR-2,0.56,2009-05-15,49.849,-124.5362,42.0,30.0
1118,Chinook-H-LFR-2,6.40198475,2010-05-09,49.7761,-124.3706,54.0,32.0
1119,Chinook-H-LFR-2,0.302,2010-05-14,49.849,-124.5362,42.0,30.0
1120,Chinook-H-LFR-2,5.170303516,2011-04-15,49.7761,-124.3706,54.0,32.0
1121,Chinook-H-LFR-2,2.63026458,2012-05-14,49.8528,-124.445,54.0,32.0
1122,Chinook-H-LFR-2,1.5704024,2012-04-27,49.7761,-124.3706,54.0,32.0
1123,Chinook-H-LFR-2,0.42897577,2012-05-17,49.7619,-124.5667,44.0,28.0
1124,Chinook-H-LFR-2,0.22746768,2013-05-01,49.8528,-124.445,54.0,32.0
1125,Chinook-H-LFR-2,0.520482,2013-05-16,49.8528,-124.445,54.0,32.0
1126,Chinook-H-LFR-2,0.90987072,2013-05-01,49.8528,-124.445,54.0,32.0
1127,Chinook-H-LFR-2,2.08194,2013-05-16,49.8528,-124.445,54.0,32.0
1128,Chinook-H-LFR-2,0.0945871,2014-05-12,49.4392,-123.7233,89.0,33.0
1129,Chinook-H-LFR-2,3.8959296,2014-05-01,49.8528,-124.445,54.0,32.0
1130,Chinook-H-LFR-2,2.20145,2015-04-15,49.8528,-124.445,54.0,32.0
1131,Chinook-H-LFR-2,1.82683,2015-05-05,49.8528,-124.445,54.0,32.0
1132,Chinook-H-LFR-2,0.42,2015-03-04,49.9125,-124.4167,54.0,32.0
1338,Chinook-H-LFR-2,0.042476,1992-04-15,52.8356,-126.965,,
1363,Chinook-H-LFR-2,0.0005082,1979-03-15,49.3019,-123.0244,115.0,41.0
1364,Chinook-H-LFR-2,0.013949,1980-06-15,49.3019,-123.0244,115.0,41.0
1365,Chinook-H-LFR-2,0.0027621,1984-04-19,49.3019,-123.0244,115.0,41.0
1374,Chinook-H-LFR-2,0.000514,1988-06-14,49.3019,-123.0244,115.0,41.0
1375,Chinook-H-LFR-2,0.08050224,1989-07-16,49.3019,-123.0244,115.0,41.0
1376,Chinook-H-LFR-2,0.0675336,1989-07-16,49.3019,-123.0244,115.0,41.0
1377,Chinook-H-LFR-2,0.00552585,1989-07-11,49.3019,-123.0244,115.0,41.0
1378,Chinook-H-LFR-2,0.13491072,1990-05-21,49.3019,-123.0244,115.0,41.0
1379,Chinook-H-LFR-2,0.0001505,1990-05-21,49.3019,-123.0244,115.0,41.0
1380,Chinook-H-LFR-2,0.24699504,1991-05-29,49.3019,-123.0244,115.0,41.0
1381,Chinook-H-LFR-2,0.01049436,1991-05-29,49.3019,-123.0244,115.0,41.0
1382,Chinook-H-LFR-2,0.34874472,1992-06-09,49.3019,-123.0244,115.0,41.0
1383,Chinook-H-LFR-2,0.09838343,1993-06-09,49.3019,-123.0244,115.0,41.0
1384,Chinook-H-LFR-2,0.09834246,1993-06-09,49.3019,-123.0244,115.0,41.0
1385,Chinook-H-LFR-2,0.13082148,1994-06-08,49.3019,-123.0244,115.0,41.0
1386,Chinook-H-LFR-2,0.22763008,1995-06-07,49.3019,-123.0244,115.0,41.0
1387,Chinook-H-LFR-2,0.1116861,1996-06-06,49.3019,-123.0244,115.0,41.0
1388,Chinook-H-LFR-2,0.18485348,1997-06-10,49.3019,-123.0244,115.0,41.0
1389,Chinook-H-LFR-2,0.37984132,1998-06-09,49.3019,-123.0244,115.0,41.0
1390,Chinook-H-LFR-2,0.28919216,1999-06-15,49.3019,-123.0244,115.0,41.0
1391,Chinook-H-LFR-2,0.36264803,2000-06-15,49.3019,-123.0244,115.0,41.0
1392,Chinook-H-LFR-2,0.01252358,2000-06-15,49.3019,-123.0244,115.0,41.0
1393,Chinook-H-LFR-2,0.02109888,2002-05-26,49.3019,-123.0244,115.0,41.0
1394,Chinook-H-LFR-2,0.0337995,2004-05-06,49.3019,-123.0244,115.0,41.0
1395,Chinook-H-LFR-2,0.0285572,2005-06-05,49.3019,-123.0244,115.0,41.0
1396,Chinook-H-LFR-2,0.0175995,2006-06-21,49.3019,-123.0244,115.0,41.0
1397,Chinook-H-LFR-2,0.0971508,2011-06-22,49.3019,-123.0244,115.0,41.0
1398,Chinook-H-LFR-2,0.0397,2012-06-10,49.3019,-123.0244,115.0,41.0
1704,Chinook-H-LFR-2,0.17849808,1991-06-07,49.8953,-124.6064,38.0,30.0
1705,Chinook-H-LFR-2,0.1786752,1991-06-07,49.8953,-124.6064,38.0,30.0
1706,Chinook-H-LFR-2,0.17643312,1991-06-07,49.8953,-124.6064,38.0,30.0
1707,Chinook-H-LFR-2,0.27276,1992-06-29,49.8953,-124.6064,38.0,30.0
1708,Chinook-H-LFR-2,0.27592608,1993-06-03,49.8953,-124.6064,38.0,30.0
1709,Chinook-H-LFR-2,0.03280444,1993-06-03,49.8953,-124.6064,38.0,30.0
1710,Chinook-H-LFR-2,0.68174967,1994-06-07,49.8953,-124.6064,38.0,30.0
1711,Chinook-H-LFR-2,0.07269633,1994-06-07,49.8953,-124.6064,38.0,30.0
1712,Chinook-H-LFR-2,0.1997995,1995-06-15,49.8953,-124.6064,38.0,30.0
1713,Chinook-H-LFR-2,0.44925872,1996-06-03,49.8953,-124.6064,38.0,30.0
1714,Chinook-H-LFR-2,0.3799761,1997-06-05,49.8953,-124.6064,38.0,30.0
1715,Chinook-H-LFR-2,0.09639645,1997-06-05,49.8953,-124.6064,38.0,30.0
1716,Chinook-H-LFR-2,0.7013066,1998-06-05,49.8953,-124.6064,38.0,30.0
1717,Chinook-H-LFR-2,0.7160496,1999-06-03,49.8953,-124.6064,38.0,30.0
1718,Chinook-H-LFR-2,0.93296622,2000-06-13,49.8953,-124.6064,38.0,30.0
1719,Chinook-H-LFR-2,0.59935386,2001-06-13,49.8953,-124.6064,38.0,30.0
1720,Chinook-H-LFR-2,0.644308,2002-05-28,49.8953,-124.6064,38.0,30.0
1721,Chinook-H-LFR-2,0.72577184,2003-06-13,49.8953,-124.6064,38.0,30.0
1722,Chinook-H-LFR-2,0.47304624,2003-06-13,50.0801,-124.6547,27.0,37.0
1723,Chinook-H-LFR-2,0.00194976,2004-04-02,49.8953,-124.6064,38.0,30.0
1724,Chinook-H-LFR-2,0.81982992,2004-06-07,49.8953,-124.6064,38.0,30.0
1725,Chinook-H-LFR-2,0.356,2005-06-07,49.8953,-124.6064,38.0,30.0
1726,Chinook-H-LFR-2,0.585321,2005-06-07,49.8953,-124.6064,38.0,30.0
1727,Chinook-H-LFR-2,1.004985,2006-05-15,49.8953,-124.6064,38.0,30.0
1728,Chinook-H-LFR-2,0.6,2006-05-17,50.0801,-124.6547,27.0,37.0
1729,Chinook-H-LFR-2,0.2502,2006-06-15,49.8953,-124.6064,38.0,30.0
1730,Chinook-H-LFR-2,0.1539582,2007-06-15,49.8953,-124.6064,38.0,30.0
1731,Chinook-H-LFR-2,0.196254,2008-06-09,49.8953,-124.6064,38.0,30.0
1732,Chinook-H-LFR-2,0.32473779,2009-06-05,49.8953,-124.6064,38.0,30.0
1733,Chinook-H-LFR-2,0.6414582,2010-06-10,49.8953,-124.6064,38.0,30.0
1734,Chinook-H-LFR-2,0.541848473,2011-04-15,49.8953,-124.6064,38.0,30.0
1735,Chinook-H-LFR-2,0.260022,2012-06-11,49.8953,-124.6064,38.0,30.0
1736,Chinook-H-LFR-2,0.3623962,2014-06-02,49.8953,-124.6064,38.0,30.0
1737,Chinook-H-LFR-2,0.00219988,2015-03-03,49.8953,-124.6064,38.0,30.0
2260,Chinook-H-LFR-2,0.210372,1997-05-22,49.2422,-122.5355,136.0,48.0
2261,Chinook-H-LFR-2,0.013935,1998-05-28,49.2422,-122.5355,136.0,48.0
2262,Chinook-H-LFR-2,0.79412,1998-06-02,49.2422,-122.5355,136.0,48.0
2263,Chinook-H-LFR-2,0.3092904,1999-06-05,49.2422,-122.5355,136.0,48.0
2264,Chinook-H-LFR-2,0.0878745,2000-06-08,49.2422,-122.5355,136.0,48.0
2265,Chinook-H-LFR-2,0.382046,2000-06-08,49.2422,-122.5355,136.0,48.0
2266,Chinook-H-LFR-2,0.037632,2000-06-15,49.2422,-122.5355,136.0,48.0
2267,Chinook-H-LFR-2,0.254382,2001-06-06,49.2422,-122.5355,136.0,48.0
2268,Chinook-H-LFR-2,0.4276171,2002-06-15,49.2422,-122.5355,136.0,48.0
2269,Chinook-H-LFR-2,0.75,2003-05-24,49.2422,-122.5355,136.0,48.0
2270,Chinook-H-LFR-2,0.5047572,2004-06-07,49.2422,-122.5355,136.0,48.0
2271,Chinook-H-LFR-2,0.4541985,2005-05-11,49.2422,-122.5355,136.0,48.0
2272,Chinook-H-LFR-2,0.795,2005-06-08,49.2422,-122.5355,136.0,48.0
2273,Chinook-H-LFR-2,0.45,2006-06-06,49.2422,-122.5355,136.0,48.0
2274,Chinook-H-LFR-2,0.6705,2006-06-06,49.2422,-122.5355,136.0,48.0
2275,Chinook-H-LFR-2,0.3046,2007-05-03,49.2422,-122.5355,136.0,48.0
2276,Chinook-H-LFR-2,0.501344,2007-06-01,49.2422,-122.5355,136.0,48.0
2277,Chinook-H-LFR-2,0.8,2008-04-30,49.2422,-122.5355,136.0,48.0
2278,Chinook-H-LFR-2,0.7004,2008-06-09,49.2422,-122.5355,136.0,48.0
2279,Chinook-H-LFR-2,0.49434,2009-06-07,49.2422,-122.5355,136.0,48.0
2280,Chinook-H-LFR-2,0.736,2009-05-05,49.2422,-122.5355,136.0,48.0
2281,Chinook-H-LFR-2,1.036,2010-06-26,49.2645,-122.7074,136.0,48.0
2282,Chinook-H-LFR-2,0.9,2010-05-03,49.2645,-122.7074,136.0,48.0
2283,Chinook-H-LFR-2,0.297027795,2011-04-27,49.2645,-122.7074,136.0,48.0
2284,Chinook-H-LFR-2,0.000115,2011-04-09,49.2422,-122.5355,136.0,48.0
2285,Chinook-H-LFR-2,0.0144,2011-06-19,49.2422,-122.5355,136.0,48.0
2286,Chinook-H-LFR-2,0.3528,2011-06-20,49.2422,-122.5355,136.0,48.0
2287,Chinook-H-LFR-2,0.25064,2011-06-28,49.225,-122.805,130.0,42.0
2288,Chinook-H-LFR-2,0.268947,2012-06-17,49.2422,-122.5355,136.0,48.0
2289,Chinook-H-LFR-2,0.001364,2013-05-01,49.2422,-122.5355,136.0,48.0
2290,Chinook-H-LFR-2,0.02193,2013-06-13,49.2422,-122.5355,136.0,48.0
2291,Chinook-H-LFR-2,0.3895,2013-06-28,49.2422,-122.5355,136.0,48.0
2292,Chinook-H-LFR-2,0.25,2013-06-27,49.225,-122.805,130.0,42.0
2293,Chinook-H-LFR-2,0.141996,2014-05-18,49.2422,-122.5355,136.0,48.0
2294,Chinook-H-LFR-2,0.13839,2014-06-11,49.2422,-122.5355,136.0,48.0
2295,Chinook-H-LFR-2,0.3592607,2014-06-17,49.225,-122.805,130.0,42.0
2296,Chinook-H-LFR-2,0.28164,2015-06-02,49.2422,-122.5355,136.0,48.0
2297,Chinook-H-LFR-2,0.0125424,2015-06-21,49.2422,-122.5355,136.0,48.0
2298,Chinook-H-LFR-2,0.192104,2015-06-16,49.225,-122.805,130.0,42.0
2712,Chinook-H-LFR-2,0.884,1991-07-17,49.4392,-123.7233,89.0,33.0
2714,Chinook-H-LFR-2,0.54435,1992-06-26,49.4392,-123.7233,89.0,33.0
2715,Chinook-H-LFR-2,0.24525,1993-05-17,49.4392,-123.7233,89.0,33.0
2716,Chinook-H-LFR-2,1.05,1994-05-25,49.4392,-123.7233,89.0,33.0
2718,Chinook-H-LFR-2,0.055,1994-05-25,49.4392,-123.7233,89.0,33.0
2719,Chinook-H-LFR-2,0.36,1995-06-15,49.4392,-123.7233,89.0,33.0
2720,Chinook-H-LFR-2,0.108,1996-05-15,49.4392,-123.7233,89.0,33.0
2721,Chinook-H-LFR-2,0.16,1996-06-15,49.5269,-123.9514,78.0,30.0
2722,Chinook-H-LFR-2,0.495,1997-05-17,49.4392,-123.7233,89.0,33.0
2723,Chinook-H-LFR-2,0.08,1997-05-22,49.5269,-123.9514,78.0,30.0
2724,Chinook-H-LFR-2,0.0441,1998-05-15,49.4392,-123.7233,89.0,33.0
2725,Chinook-H-LFR-2,0.24,1998-05-15,49.4392,-123.7233,89.0,33.0
2726,Chinook-H-LFR-2,0.724759,1999-05-07,49.4392,-123.7233,89.0,33.0
2727,Chinook-H-LFR-2,1.03025,2000-06-30,49.4392,-123.7233,89.0,33.0
2728,Chinook-H-LFR-2,0.45,2001-05-15,49.4392,-123.7233,89.0,33.0
2729,Chinook-H-LFR-2,0.987,2002-05-06,49.4392,-123.7233,89.0,33.0
2730,Chinook-H-LFR-2,0.78,2003-05-15,49.4392,-123.7233,89.0,33.0
2731,Chinook-H-LFR-2,1.05,2004-05-11,49.4392,-123.7233,89.0,33.0
2732,Chinook-H-LFR-2,0.63,2005-05-15,49.4392,-123.7233,89.0,33.0
2733,Chinook-H-LFR-2,0.615,2006-06-01,49.4392,-123.7233,89.0,33.0
2734,Chinook-H-LFR-2,0.611,2007-05-15,49.4392,-123.7233,89.0,33.0
2735,Chinook-H-LFR-2,0.63,2008-05-15,49.4392,-123.7233,89.0,33.0
2736,Chinook-H-LFR-2,0.05892,2008-05-15,49.4392,-123.7233,89.0,33.0
2737,Chinook-H-LFR-2,0.6,2009-05-15,49.4392,-123.7233,89.0,33.0
2738,Chinook-H-LFR-2,0.672,2010-05-15,49.4392,-123.7233,89.0,33.0
2739,Chinook-H-LFR-2,0.590766298,2011-05-15,49.4392,-123.7233,89.0,33.0
2740,Chinook-H-LFR-2,0.270575,2012-05-04,49.4392,-123.7233,89.0,33.0
2741,Chinook-H-LFR-2,0.193848,2012-05-11,49.4392,-123.7233,89.0,33.0
2742,Chinook-H-LFR-2,0.4161456,2013-04-30,49.4392,-123.7233,89.0,33.0
2743,Chinook-H-LFR-2,0.3214,2015-06-02,49.4392,-123.7233,89.0,33.0
3392,Chinook-H-LFR-2,0.30503,1992-05-31,49.3783,-123.2719,109.0,40.0
3393,Chinook-H-LFR-2,0.14,1993-06-06,49.3783,-123.2719,109.0,40.0
3394,Chinook-H-LFR-2,0.1715,1995-05-31,49.3783,-123.2719,109.0,40.0
3395,Chinook-H-LFR-2,0.255,1996-05-23,49.3783,-123.2719,109.0,40.0
3396,Chinook-H-LFR-2,0.343,1997-05-25,49.3783,-123.2719,109.0,40.0
3397,Chinook-H-LFR-2,0.282,1998-05-21,49.3783,-123.2719,109.0,40.0
3783,Chinook-H-LFR-2,0.06630035,1984-04-18,49.0298,-122.7113,137.0,37.0
3784,Chinook-H-LFR-2,0.018588,1986-04-09,49.0298,-122.7113,137.0,37.0
3785,Chinook-H-LFR-2,0.01788,1986-04-09,49.0581,-122.8694,134.0,38.0
3786,Chinook-H-LFR-2,0.0836475,1987-05-09,49.0298,-122.7113,137.0,37.0
3787,Chinook-H-LFR-2,0.01316,1988-05-16,49.0298,-122.7113,137.0,37.0
3788,Chinook-H-LFR-2,0.01856,1987-04-18,49.0581,-122.8694,134.0,38.0
3789,Chinook-H-LFR-2,0.242739,1989-04-21,49.0298,-122.7113,137.0,37.0
3790,Chinook-H-LFR-2,0.1323388,1990-04-16,49.0298,-122.7113,137.0,37.0
3791,Chinook-H-LFR-2,0.00687973,1991-05-06,49.0298,-122.7113,137.0,37.0
3792,Chinook-H-LFR-2,0.2204616,1991-05-06,49.0298,-122.7113,137.0,37.0
3793,Chinook-H-LFR-2,0.0666496,1992-05-19,49.0298,-122.7113,137.0,37.0
3794,Chinook-H-LFR-2,0.225,1993-05-15,49.0298,-122.7113,137.0,37.0
3795,Chinook-H-LFR-2,0.0916919,1994-05-07,49.0298,-122.7113,137.0,37.0
3796,Chinook-H-LFR-2,0.1425594,1995-05-14,49.0298,-122.7113,137.0,37.0
3797,Chinook-H-LFR-2,0.1568508,1996-04-17,49.0298,-122.7113,137.0,37.0
3798,Chinook-H-LFR-2,0.157988,1997-05-07,49.0298,-122.7113,137.0,37.0
3799,Chinook-H-LFR-2,0.2526085,1998-04-11,49.0298,-122.7113,137.0,37.0
3800,Chinook-H-LFR-2,0.2306251,1999-04-10,49.0298,-122.7113,137.0,37.0
3801,Chinook-H-LFR-2,0.111965,2000-04-15,49.0298,-122.7113,137.0,37.0
3802,Chinook-H-LFR-2,0.2128,2001-05-15,49.0298,-122.7113,137.0,37.0
3803,Chinook-H-LFR-2,0.175,2002-05-15,49.0298,-122.7113,137.0,37.0
3804,Chinook-H-LFR-2,0.225,2003-04-15,49.0298,-122.7113,137.0,37.0
3805,Chinook-H-LFR-2,0.17,2004-05-31,49.0298,-122.7113,137.0,37.0
3806,Chinook-H-LFR-2,0.007112,2005-04-23,49.0298,-122.7113,137.0,37.0
3807,Chinook-H-LFR-2,0.07,2005-04-28,49.0298,-122.7113,137.0,37.0
3808,Chinook-H-LFR-2,0.169,2006-05-15,49.0298,-122.7113,137.0,37.0
3809,Chinook-H-LFR-2,0.25,2007-05-15,49.0298,-122.7113,137.0,37.0
3810,Chinook-H-LFR-2,0.165,2008-05-15,49.0298,-122.7113,137.0,37.0
3811,Chinook-H-LFR-2,0.215536,2009-05-15,49.0298,-122.7113,137.0,37.0
3812,Chinook-H-LFR-2,0.24388,2010-04-10,49.0298,-122.7113,137.0,37.0
3813,Chinook-H-LFR-2,0.2665824,2011-04-17,49.0298,-122.7113,137.0,37.0
3814,Chinook-H-LFR-2,0.167245,2012-04-15,49.0298,-122.7113,137.0,37.0
3815,Chinook-H-LFR-2,0.2158,2013-04-21,49.0298,-122.7113,137.0,37.0
3816,Chinook-H-LFR-2,0.014326,2014-05-10,49.0298,-122.7113,137.0,37.0
3817,Chinook-H-LFR-2,0.1853526,2015-04-26,49.0298,-122.7113,137.0,37.0
4042,Chinook-H-LFR-2,0.0075,1985-04-15,49.0581,-122.8694,134.0,38.0
4043,Chinook-H-LFR-2,0.016,1994-05-15,49.0581,-122.8694,134.0,38.0
4044,Chinook-H-LFR-2,0.165,1995-04-30,49.0581,-122.8694,134.0,38.0
4045,Chinook-H-LFR-2,0.115,1997-06-01,49.0581,-122.8694,134.0,38.0
4046,Chinook-H-LFR-2,0.035,1998-05-15,49.0958,-122.6861,134.0,38.0
4047,Chinook-H-LFR-2,0.035,1998-05-15,49.1003,-122.6436,134.0,38.0
4048,Chinook-H-LFR-2,0.155,1998-05-15,49.0581,-122.8694,134.0,38.0
4049,Chinook-H-LFR-2,0.225,1999-04-01,49.0581,-122.8694,134.0,38.0
4050,Chinook-H-LFR-2,0.108,2000-04-15,49.0581,-122.8694,134.0,38.0
4051,Chinook-H-LFR-2,0.0525,2001-04-15,49.0581,-122.8694,134.0,38.0
4052,Chinook-H-LFR-2,0.24,2002-06-15,49.0581,-122.8694,134.0,38.0
4053,Chinook-H-LFR-2,0.2115,2003-05-15,49.0581,-122.8694,134.0,38.0
4054,Chinook-H-LFR-2,0.25,2004-05-15,49.0581,-122.8694,134.0,38.0
4055,Chinook-H-LFR-2,0.26,2005-05-15,49.0581,-122.8694,134.0,38.0
4056,Chinook-H-LFR-2,0.21,2006-05-15,49.0581,-122.8694,134.0,38.0
4057,Chinook-H-LFR-2,0.2,2007-05-15,49.0581,-122.8694,134.0,38.0
4058,Chinook-H-LFR-2,0.125,2008-05-15,49.0581,-122.8694,134.0,38.0
4059,Chinook-H-LFR-2,0.25503,2009-05-15,49.0581,-122.8694,134.0,38.0
4060,Chinook-H-LFR-2,0.04,2010-05-30,49.0581,-122.8694,134.0,38.0
4061,Chinook-H-LFR-2,0.024,2010-05-21,49.1076,-122.3413,136.0,48.0
4062,Chinook-H-LFR-2,0.1096,2010-06-04,49.1003,-122.6436,134.0,38.0
4063,Chinook-H-LFR-2,0.159,2010-04-24,49.0581,-122.8694,134.0,38.0
4064,Chinook-H-LFR-2,0.135018,2011-04-24,49.0581,-122.8694,134.0,38.0
4065,Chinook-H-LFR-2,0.193585,2012-04-30,49.0581,-122.8694,134.0,38.0
4066,Chinook-H-LFR-2,0.281645,2013-05-03,49.0581,-122.8694,134.0,38.0
4067,Chinook-H-LFR-2,0.1128414,2014-04-26,49.0581,-122.8694,134.0,38.0
4068,Chinook-H-LFR-2,0.21701965,2015-04-25,49.0581,-122.8694,134.0,38.0
4069,Chinook-H-LFR-2,0.126,1996-03-28,49.0581,-122.8694,134.0,38.0
4070,Chinook-H-LFR-2,0.075,1997-06-01,49.0581,-122.8694,134.0,38.0
4071,Chinook-H-LFR-2,0.135,1998-05-05,49.0972,-121.9639,136.0,48.0
4422,Chinook-H-LFR-2,0.09525,1996-04-28,50.3061,-122.6056,136.0,48.0
4423,Chinook-H-LFR-2,0.0333982,1995-07-13,50.3061,-122.6056,136.0,48.0
4424,Chinook-H-LFR-2,0.5304,1997-03-15,50.3061,-122.6056,136.0,48.0
4425,Chinook-H-LFR-2,0.0264,1996-06-24,50.3061,-122.6056,136.0,48.0
4426,Chinook-H-LFR-2,0.1984,1997-06-23,50.3061,-122.6056,136.0,48.0
4427,Chinook-H-LFR-2,0.26,1998-06-24,50.3061,-122.6056,136.0,48.0
4428,Chinook-H-LFR-2,0.15,1999-05-15,50.3061,-122.6056,136.0,48.0
4429,Chinook-H-LFR-2,0.184,2000-06-26,50.3061,-122.6056,136.0,48.0
4430,Chinook-H-LFR-2,0.2,2001-05-15,50.3061,-122.6056,136.0,48.0
4431,Chinook-H-LFR-2,0.1935,2002-06-15,50.3061,-122.6056,136.0,48.0
4432,Chinook-H-LFR-2,0.2184,2003-05-15,50.3061,-122.6056,136.0,48.0
4433,Chinook-H-LFR-2,0.024,2004-05-31,50.3061,-122.6056,136.0,48.0
4489,Chinook-H-LFR-2,0.0225,1989-05-15,49.0833,-122.85,134.0,38.0
4490,Chinook-H-LFR-2,0.1625568,1990-06-01,49.0833,-122.85,134.0,38.0
4491,Chinook-H-LFR-2,0.1475136,1991-05-26,49.0833,-122.85,134.0,38.0
4492,Chinook-H-LFR-2,0.1610625,1992-04-22,49.0833,-122.85,134.0,38.0
4493,Chinook-H-LFR-2,0.312,1993-05-15,49.0833,-122.85,134.0,38.0
4494,Chinook-H-LFR-2,0.116808,1994-05-03,49.0833,-122.85,134.0,38.0
4495,Chinook-H-LFR-2,0.225,1995-05-03,49.0833,-122.85,134.0,38.0
4496,Chinook-H-LFR-2,0.27,1996-05-15,49.0833,-122.85,134.0,38.0
4497,Chinook-H-LFR-2,0.115,1997-05-15,49.0833,-122.85,134.0,38.0
4498,Chinook-H-LFR-2,0.315,1998-05-31,49.0833,-122.85,134.0,38.0
4499,Chinook-H-LFR-2,0.45,1999-05-03,49.0833,-122.85,134.0,38.0
4500,Chinook-H-LFR-2,0.4,2000-05-15,49.0833,-122.85,134.0,38.0
4501,Chinook-H-LFR-2,0.27,2001-05-15,49.0833,-122.85,134.0,38.0
4502,Chinook-H-LFR-2,0.4,2002-06-15,49.0833,-122.85,134.0,38.0
4503,Chinook-H-LFR-2,0.35,2003-05-15,49.0833,-122.85,134.0,38.0
4504,Chinook-H-LFR-2,0.28,2004-05-31,49.0833,-122.85,134.0,38.0
4505,Chinook-H-LFR-2,0.5,2005-05-15,49.0833,-122.85,134.0,38.0
4506,Chinook-H-LFR-2,0.25,2006-05-15,49.0833,-122.85,134.0,38.0
4507,Chinook-H-LFR-2,0.38,2008-05-15,49.0833,-122.85,134.0,38.0
4508,Chinook-H-LFR-2,0.32,2009-05-15,49.0833,-122.85,134.0,38.0
4509,Chinook-H-LFR-2,0.4,2010-05-15,49.0833,-122.85,134.0,38.0
4510,Chinook-H-LFR-2,0.656454,2011-04-22,49.0833,-122.85,134.0,38.0
4511,Chinook-H-LFR-2,1.075313409,2012-06-15,49.0833,-122.85,134.0,38.0
4512,Chinook-H-LFR-2,0.43137,2013-04-17,49.0833,-122.85,134.0,38.0
4513,Chinook-H-LFR-2,0.45951,2014-06-15,49.0833,-122.85,134.0,38.0
4514,Chinook-H-LFR-2,0.21886,2015-05-15,49.0833,-122.85,134.0,38.0
4631,Chinook-H-LFR-2,0.29128589,1969-08-11,49.3214,-123.1394,115.0,41.0
4633,Chinook-H-LFR-2,0.464616,1970-07-09,49.3214,-123.1394,115.0,41.0
4637,Chinook-H-LFR-2,0.5894077,1971-08-13,49.3214,-123.1394,115.0,41.0
5743,Chinook-H-LFR-2,0.0407975,1978-07-19,50.3061,-122.6056,136.0,48.0
5744,Chinook-H-LFR-2,0.0324075,1979-07-16,50.3061,-122.6056,136.0,48.0
5745,Chinook-H-LFR-2,0.5665881,1981-04-21,50.3061,-122.6056,136.0,48.0
5746,Chinook-H-LFR-2,0.1227996,1980-04-21,50.3061,-122.6056,136.0,48.0
5747,Chinook-H-LFR-2,0.2244803,1981-04-21,50.3061,-122.6056,136.0,48.0
5748,Chinook-H-LFR-2,0.4360038,1982-04-22,50.3061,-122.6056,136.0,48.0
5749,Chinook-H-LFR-2,0.0362822,1982-08-16,50.3061,-122.6056,136.0,48.0
5750,Chinook-H-LFR-2,0.0848896,1982-04-22,50.3061,-122.6056,136.0,48.0
5751,Chinook-H-LFR-2,0.0618254,1983-04-09,50.3061,-122.6056,136.0,48.0
5752,Chinook-H-LFR-2,0.0942282,1983-04-21,50.3061,-122.6056,136.0,48.0
5753,Chinook-H-LFR-2,0.1022245,1983-05-23,50.3061,-122.6056,136.0,48.0
5754,Chinook-H-LFR-2,0.025336,1983-05-16,50.3061,-122.6056,136.0,48.0
5755,Chinook-H-LFR-2,0.5077314,1984-04-22,50.3061,-122.6056,136.0,48.0
5756,Chinook-H-LFR-2,0.1012004,1984-04-22,50.3061,-122.6056,136.0,48.0
5757,Chinook-H-LFR-2,0.1332851,1985-04-17,50.3061,-122.6056,136.0,48.0
5758,Chinook-H-LFR-2,0.147212,1985-05-15,50.3061,-122.6056,136.0,48.0
5759,Chinook-H-LFR-2,0.1675938,1985-04-17,50.3061,-122.6056,136.0,48.0
5760,Chinook-H-LFR-2,0.1341324,1985-05-15,50.3061,-122.6056,136.0,48.0
5761,Chinook-H-LFR-2,0.1726947,1986-05-15,50.3061,-122.6056,136.0,48.0
5762,Chinook-H-LFR-2,0.2566026,1986-05-15,50.3061,-122.6056,136.0,48.0
5763,Chinook-H-LFR-2,0.2475,1987-04-21,50.3061,-122.6056,136.0,48.0
5764,Chinook-H-LFR-2,0.247,1987-04-21,50.3061,-122.6056,136.0,48.0
5765,Chinook-H-LFR-2,0.4889882,1988-05-12,50.3061,-122.6056,136.0,48.0
5766,Chinook-H-LFR-2,0.4970802,1988-05-09,50.3061,-122.6056,136.0,48.0
5767,Chinook-H-LFR-2,1.03812,1989-05-13,50.3061,-122.6056,136.0,48.0
5768,Chinook-H-LFR-2,0.1738038,1989-10-13,50.3061,-122.6056,136.0,48.0
5769,Chinook-H-LFR-2,0.1773706,1989-10-13,50.3061,-122.6056,136.0,48.0
5770,Chinook-H-LFR-2,0.1751654,1989-10-13,50.3061,-122.6056,136.0,48.0
5771,Chinook-H-LFR-2,0.42912,1990-06-12,50.3061,-122.6056,136.0,48.0
5772,Chinook-H-LFR-2,0.4700685,1990-06-09,50.3061,-122.6056,136.0,48.0
5773,Chinook-H-LFR-2,0.119826,1990-07-09,50.3061,-122.6056,136.0,48.0
5774,Chinook-H-LFR-2,0.1282386,1990-07-09,50.3061,-122.6056,136.0,48.0
5775,Chinook-H-LFR-2,0.17696,1991-07-03,50.3061,-122.6056,136.0,48.0
5776,Chinook-H-LFR-2,0.4656636,1991-07-09,50.3061,-122.6056,136.0,48.0
5793,Chinook-H-LFR-2,1.724565,1972-07-17,49.3214,-123.1394,115.0,41.0
5794,Chinook-H-LFR-2,0.2937843,1972-07-28,49.2189,-121.9451,136.0,48.0
5795,Chinook-H-LFR-2,0.500328,1972-07-28,49.2189,-121.9451,136.0,48.0
5796,Chinook-H-LFR-2,1.59648378,1973-06-13,49.3214,-123.1394,115.0,41.0
5797,Chinook-H-LFR-2,1.49524452,1974-06-13,49.3214,-123.1394,115.0,41.0
5798,Chinook-H-LFR-2,2.55586844,1976-06-16,49.3214,-123.1394,115.0,41.0
5799,Chinook-H-LFR-2,0.251517,1976-06-16,49.3214,-123.1394,115.0,41.0
5800,Chinook-H-LFR-2,4.8156302,1977-06-10,49.3214,-123.1394,115.0,41.0
5801,Chinook-H-LFR-2,1.28244888,1977-06-18,49.3214,-123.1394,115.0,41.0
5802,Chinook-H-LFR-2,1.39112874,1978-06-09,49.3214,-123.1394,115.0,41.0
5803,Chinook-H-LFR-2,1.45864138,1978-06-09,49.3214,-123.1394,115.0,41.0
5804,Chinook-H-LFR-2,1.77026452,1978-06-09,49.3214,-123.1394,115.0,41.0
5805,Chinook-H-LFR-2,2.43204781,1978-06-17,49.3214,-123.1394,115.0,41.0
5806,Chinook-H-LFR-2,1.1064254,1979-06-11,49.3214,-123.1394,115.0,41.0
5807,Chinook-H-LFR-2,0.75448326,1979-05-13,49.3214,-123.1394,115.0,41.0
5808,Chinook-H-LFR-2,0.73954194,1979-05-13,49.3214,-123.1394,115.0,41.0
5809,Chinook-H-LFR-2,2.2659792,1980-06-10,49.3214,-123.1394,115.0,41.0
5810,Chinook-H-LFR-2,2.04261,1980-06-10,49.3214,-123.1394,115.0,41.0
5811,Chinook-H-LFR-2,1.2975493,1980-06-10,49.3214,-123.1394,115.0,41.0
5812,Chinook-H-LFR-2,1.82312392,1980-06-14,49.3214,-123.1394,115.0,41.0
5813,Chinook-H-LFR-2,1.19846,1980-06-15,49.4708,-122.8831,115.0,41.0
5814,Chinook-H-LFR-2,0.6117533,1981-05-18,49.3214,-123.1394,115.0,41.0
5815,Chinook-H-LFR-2,1.3939576,1982-04-14,49.3214,-123.1394,115.0,41.0
5816,Chinook-H-LFR-2,1.3501932,1981-05-18,49.3214,-123.1394,115.0,41.0
5817,Chinook-H-LFR-2,1.525814,1981-05-18,49.3214,-123.1394,115.0,41.0
5818,Chinook-H-LFR-2,2.0884572,1981-06-16,49.3214,-123.1394,115.0,41.0
5819,Chinook-H-LFR-2,0.6803797,1981-05-18,49.3214,-123.1394,115.0,41.0
5820,Chinook-H-LFR-2,0.6380066,1981-05-18,49.3214,-123.1394,115.0,41.0
5821,Chinook-H-LFR-2,1.078389,1981-05-18,49.3214,-123.1394,115.0,41.0
5822,Chinook-H-LFR-2,1.045629,1981-05-18,49.3214,-123.1394,115.0,41.0
5823,Chinook-H-LFR-2,0.2892825,1981-04-15,49.4708,-122.8831,115.0,41.0
5824,Chinook-H-LFR-2,1.287915,1982-05-14,49.3214,-123.1394,115.0,41.0
5825,Chinook-H-LFR-2,1.31852629,1982-05-21,49.3214,-123.1394,115.0,41.0
5826,Chinook-H-LFR-2,1.6793156,1982-06-13,49.3214,-123.1394,115.0,41.0
5827,Chinook-H-LFR-2,0.0233233,1982-10-17,49.3214,-123.1394,115.0,41.0
5828,Chinook-H-LFR-2,1.457017,1983-06-11,49.3214,-123.1394,115.0,41.0
5829,Chinook-H-LFR-2,1.10316,1983-06-11,49.3214,-123.1394,115.0,41.0
5830,Chinook-H-LFR-2,1.1860112,1983-06-11,49.3214,-123.1394,115.0,41.0
5831,Chinook-H-LFR-2,1.231695,1983-06-12,49.3214,-123.1394,115.0,41.0
5832,Chinook-H-LFR-2,1.5393318,1983-06-12,49.3214,-123.1394,115.0,41.0
5833,Chinook-H-LFR-2,0.902539,1984-05-22,49.3214,-123.1394,115.0,41.0
5834,Chinook-H-LFR-2,1.1792398,1984-06-13,49.3214,-123.1394,115.0,41.0
5835,Chinook-H-LFR-2,1.159234,1984-05-22,49.3214,-123.1394,115.0,41.0
5836,Chinook-H-LFR-2,1.2278108,1984-05-22,49.3214,-123.1394,115.0,41.0
5837,Chinook-H-LFR-2,2.7428023,1984-06-15,49.3214,-123.1394,115.0,41.0
5838,Chinook-H-LFR-2,1.0789619,1984-06-13,49.3214,-123.1394,115.0,41.0
5839,Chinook-H-LFR-2,0.5516335,1984-06-13,49.3214,-123.1394,115.0,41.0
5840,Chinook-H-LFR-2,0.5107349,1985-05-12,49.3214,-123.1394,115.0,41.0
5841,Chinook-H-LFR-2,0.440589,1985-05-12,49.3214,-123.1394,115.0,41.0
5842,Chinook-H-LFR-2,0.279696,1985-05-08,49.3214,-123.1394,115.0,41.0
5843,Chinook-H-LFR-2,0.4578458,1985-05-17,49.3214,-123.1394,115.0,41.0
5844,Chinook-H-LFR-2,0.5061952,1985-05-17,49.3214,-123.1394,115.0,41.0
5845,Chinook-H-LFR-2,0.2786404,1985-05-17,49.3214,-123.1394,115.0,41.0
5846,Chinook-H-LFR-2,0.19136,1985-05-17,49.3214,-123.1394,115.0,41.0
5847,Chinook-H-LFR-2,0.3979537,1985-05-08,49.3214,-123.1394,115.0,41.0
5848,Chinook-H-LFR-2,0.5227425,1985-05-22,49.3214,-123.1394,115.0,41.0
5849,Chinook-H-LFR-2,0.5836974,1985-05-22,49.3214,-123.1394,115.0,41.0
5850,Chinook-H-LFR-2,0.533449,1985-05-22,49.3214,-123.1394,115.0,41.0
5851,Chinook-H-LFR-2,0.208719,1985-05-22,49.3214,-123.1394,115.0,41.0
5852,Chinook-H-LFR-2,0.3027845,1985-06-12,49.3214,-123.1394,115.0,41.0
5853,Chinook-H-LFR-2,0.3797115,1985-06-12,49.3214,-123.1394,115.0,41.0
5854,Chinook-H-LFR-2,0.4277683,1985-06-17,49.3214,-123.1394,115.0,41.0
5855,Chinook-H-LFR-2,0.6271311,1985-06-17,49.3214,-123.1394,115.0,41.0
5856,Chinook-H-LFR-2,0.6811332,1985-10-21,49.3214,-123.1394,115.0,41.0
5857,Chinook-H-LFR-2,0.5615808,1985-10-21,49.3214,-123.1394,115.0,41.0
5858,Chinook-H-LFR-2,0.4720125,1985-10-21,49.3214,-123.1394,115.0,41.0
5859,Chinook-H-LFR-2,0.8074066,1986-05-10,49.3214,-123.1394,115.0,41.0
5860,Chinook-H-LFR-2,1.2024418,1986-05-10,49.3214,-123.1394,115.0,41.0
5861,Chinook-H-LFR-2,1.4629163,1986-05-10,49.3214,-123.1394,115.0,41.0
5862,Chinook-H-LFR-2,2.0392852,1986-06-18,49.3214,-123.1394,115.0,41.0
5863,Chinook-H-LFR-2,0.6867588,1986-06-18,49.3214,-123.1394,115.0,41.0
5864,Chinook-H-LFR-2,2.1841275,1986-06-18,49.3214,-123.1394,115.0,41.0
5865,Chinook-H-LFR-2,1.9379145,1986-06-15,49.3214,-123.1394,115.0,41.0
5866,Chinook-H-LFR-2,1.1172224,1986-06-15,49.3214,-123.1394,115.0,41.0
5867,Chinook-H-LFR-2,1.702362,1986-06-15,49.3214,-123.1394,115.0,41.0
5868,Chinook-H-LFR-2,0.3950385,1986-06-15,49.3214,-123.1394,115.0,41.0
5869,Chinook-H-LFR-2,3.8244538,1987-05-20,49.3214,-123.1394,115.0,41.0
5870,Chinook-H-LFR-2,1.968186,1987-05-20,49.3214,-123.1394,115.0,41.0
5871,Chinook-H-LFR-2,2.8924803,1987-06-09,49.3214,-123.1394,115.0,41.0
5872,Chinook-H-LFR-2,1.022985,1987-06-09,49.3214,-123.1394,115.0,41.0
5873,Chinook-H-LFR-2,0.909168,1987-06-18,49.3214,-123.1394,115.0,41.0
5874,Chinook-H-LFR-2,0.4695206,1987-05-11,49.3289,-122.947,115.0,41.0
5875,Chinook-H-LFR-2,0.6897654,1987-06-01,49.3289,-122.947,115.0,41.0
5876,Chinook-H-LFR-2,0.8080479,1987-06-22,49.3289,-122.947,115.0,41.0
5877,Chinook-H-LFR-2,2.92398986,1988-05-19,49.3214,-123.1394,115.0,41.0
5878,Chinook-H-LFR-2,2.85968122,1988-05-19,49.3214,-123.1394,115.0,41.0
5879,Chinook-H-LFR-2,0.7682157,1988-06-11,49.3214,-123.1394,115.0,41.0
5880,Chinook-H-LFR-2,0.62333752,1988-05-11,49.3289,-122.947,115.0,41.0
5881,Chinook-H-LFR-2,0.62733944,1988-05-11,49.3289,-122.947,115.0,41.0
5882,Chinook-H-LFR-2,0.72808102,1988-05-31,49.3289,-122.947,115.0,41.0
5883,Chinook-H-LFR-2,0.72540103,1988-05-31,49.3289,-122.947,115.0,41.0
5884,Chinook-H-LFR-2,1.07706456,1988-06-20,49.3289,-122.947,115.0,41.0
5885,Chinook-H-LFR-2,1.08639102,1988-06-20,49.3289,-122.947,115.0,41.0
5886,Chinook-H-LFR-2,1.72156509,1988-06-06,49.387,-122.8781,115.0,41.0
5887,Chinook-H-LFR-2,2.09202588,1988-06-06,49.387,-122.8781,115.0,41.0
5888,Chinook-H-LFR-2,3.32768,1989-05-19,49.3214,-123.1394,115.0,41.0
5901,Chinook-H-LFR-2,1.3459257,1990-05-29,49.3214,-123.1394,115.0,41.0
5902,Chinook-H-LFR-2,1.2711228,1990-05-24,49.3214,-123.1394,115.0,41.0
5919,Chinook-H-LFR-2,0.6141555,1991-05-21,49.3214,-123.1394,115.0,41.0
5929,Chinook-H-LFR-2,0.2398532,1991-05-21,49.3214,-123.1394,115.0,41.0
5930,Chinook-H-LFR-2,0.2488432,1991-05-21,49.3214,-123.1394,115.0,41.0
5931,Chinook-H-LFR-2,0.4084592,1991-05-22,49.3214,-123.1394,115.0,41.0
5932,Chinook-H-LFR-2,0.4037148,1991-05-21,49.3214,-123.1394,115.0,41.0
5933,Chinook-H-LFR-2,0.074612,1991-05-22,49.3214,-123.1394,115.0,41.0
5934,Chinook-H-LFR-2,0.005812665,1991-07-19,49.3214,-123.1394,115.0,41.0
5935,Chinook-H-LFR-2,1.59621774,1992-05-21,49.3214,-123.1394,115.0,41.0
5936,Chinook-H-LFR-2,0.7097568,1992-05-07,49.3289,-122.947,115.0,41.0
5937,Chinook-H-LFR-2,0.28061248,1992-05-08,49.3394,-123.2289,115.0,41.0
5938,Chinook-H-LFR-2,0.433539,1993-05-20,49.3214,-123.1394,115.0,41.0
5939,Chinook-H-LFR-2,0.433548,1993-05-20,49.3214,-123.1394,115.0,41.0
5940,Chinook-H-LFR-2,0.58324,1993-05-25,49.2986,-123.0853,115.0,41.0
5941,Chinook-H-LFR-2,1.97542354,1993-05-20,49.3214,-123.1394,115.0,41.0
5942,Chinook-H-LFR-2,2.0171136,1993-05-20,49.3214,-123.1394,115.0,41.0
5943,Chinook-H-LFR-2,0.58486021,1993-05-25,49.3289,-122.947,115.0,41.0
5944,Chinook-H-LFR-2,0.1767744,1993-05-20,49.3214,-123.1394,115.0,41.0
5945,Chinook-H-LFR-2,0.1746496,1993-05-20,49.3214,-123.1394,115.0,41.0
5946,Chinook-H-LFR-2,0.2503918,1993-05-25,49.3289,-122.947,115.0,41.0
5947,Chinook-H-LFR-2,0.1001384,1994-05-25,49.3214,-123.1394,115.0,41.0
5948,Chinook-H-LFR-2,3.3932753,1994-05-25,49.3214,-123.1394,115.0,41.0
5949,Chinook-H-LFR-2,1.0151612,1995-05-19,49.3214,-123.1394,115.0,41.0
5950,Chinook-H-LFR-2,2.43999,1995-05-19,49.3214,-123.1394,115.0,41.0
5951,Chinook-H-LFR-2,2.397816,1996-05-18,49.3214,-123.1394,115.0,41.0
5952,Chinook-H-LFR-2,0.16932622,1996-05-21,49.3214,-123.1394,115.0,41.0
5953,Chinook-H-LFR-2,0.1927962,1996-05-21,49.3214,-123.1394,115.0,41.0
5954,Chinook-H-LFR-2,0.1660239,1997-05-21,49.3214,-123.1394,115.0,41.0
5955,Chinook-H-LFR-2,1.0572972,1997-05-21,49.3214,-123.1394,115.0,41.0
5956,Chinook-H-LFR-2,0.32832,1997-05-21,49.3214,-123.1394,115.0,41.0
5957,Chinook-H-LFR-2,0.3257037,1997-05-21,49.3214,-123.1394,115.0,41.0
5958,Chinook-H-LFR-2,1.151332,1998-05-17,49.3214,-123.1394,115.0,41.0
5959,Chinook-H-LFR-2,1.1571648,1998-05-17,49.3214,-123.1394,115.0,41.0
5960,Chinook-H-LFR-2,0.7869628,1998-05-17,49.3214,-123.1394,115.0,41.0
5961,Chinook-H-LFR-2,0.4210164,1998-05-17,49.3214,-123.1394,115.0,41.0
5962,Chinook-H-LFR-2,1.2722556,1999-05-20,49.3214,-123.1394,115.0,41.0
5963,Chinook-H-LFR-2,1.0301634,1999-05-20,49.3214,-123.1394,115.0,41.0
5964,Chinook-H-LFR-2,0.9173934,1999-05-20,49.3214,-123.1394,115.0,41.0
5965,Chinook-H-LFR-2,0.3248496,2000-05-22,49.3214,-123.1394,115.0,41.0
5966,Chinook-H-LFR-2,0.49246461,2000-05-22,49.3214,-123.1394,115.0,41.0
5967,Chinook-H-LFR-2,0.41166856,2000-05-29,49.3214,-123.1394,115.0,41.0
5968,Chinook-H-LFR-2,0.41192064,2000-05-29,49.3214,-123.1394,115.0,41.0
5969,Chinook-H-LFR-2,0.15488809,2001-05-24,49.3214,-123.1394,115.0,41.0
5970,Chinook-H-LFR-2,1.6367892,2001-05-24,49.3214,-123.1394,115.0,41.0
5971,Chinook-H-LFR-2,3.66459782,2002-06-04,49.3214,-123.1394,115.0,41.0
5972,Chinook-H-LFR-2,3.92212576,2003-05-26,49.3214,-123.1394,115.0,41.0
5973,Chinook-H-LFR-2,3.37579398,2004-05-24,49.3214,-123.1394,115.0,41.0
5974,Chinook-H-LFR-2,4.3317304,2005-05-26,49.3214,-123.1394,115.0,41.0
5975,Chinook-H-LFR-2,2.55185851,2006-05-23,49.3214,-123.1394,115.0,41.0
5976,Chinook-H-LFR-2,1.2666997,2006-05-23,49.3214,-123.1394,115.0,41.0
5977,Chinook-H-LFR-2,0.46018896,2006-05-23,49.3394,-123.2289,115.0,41.0
5978,Chinook-H-LFR-2,2.3014299,2007-05-21,49.3214,-123.1394,115.0,41.0
5979,Chinook-H-LFR-2,0.6083661,2007-06-04,49.3214,-123.1394,115.0,41.0
5980,Chinook-H-LFR-2,0.4835285,2007-05-22,49.3394,-123.2289,115.0,41.0
5981,Chinook-H-LFR-2,4.10914,2008-05-20,49.3214,-123.1394,115.0,41.0
5982,Chinook-H-LFR-2,0.747555,2008-05-21,49.3394,-123.2289,115.0,41.0
5983,Chinook-H-LFR-2,2.1075642,2009-05-20,49.3214,-123.1394,115.0,41.0
5984,Chinook-H-LFR-2,1.473739,2009-05-20,49.3394,-123.2289,115.0,41.0
5985,Chinook-H-LFR-2,3.448832,2010-05-18,49.3214,-123.1394,115.0,41.0
5986,Chinook-H-LFR-2,1.0707802,2010-05-20,49.3394,-123.2289,115.0,41.0
5987,Chinook-H-LFR-2,3.06915162,2011-05-19,49.3214,-123.1394,115.0,41.0
5988,Chinook-H-LFR-2,0.64115898,2011-05-19,49.3394,-123.2289,115.0,41.0
5989,Chinook-H-LFR-2,3.63888038,2012-05-17,49.3214,-123.1394,115.0,41.0
5990,Chinook-H-LFR-2,0.64792872,2012-05-03,49.3394,-123.2289,115.0,41.0
5991,Chinook-H-LFR-2,0.97951,2013-06-05,49.318,-123.1394,115.0,41.0
5992,Chinook-H-LFR-2,0.0090101,2012-12-12,49.3214,-123.1394,115.0,41.0
5993,Chinook-H-LFR-2,2.83621761,2013-05-29,49.3214,-123.1394,115.0,41.0
5994,Chinook-H-LFR-2,2.358207,2014-05-22,49.3214,-123.1394,115.0,41.0
5995,Chinook-H-LFR-2,0.75160861,2014-05-22,49.3394,-123.2289,115.0,41.0
5996,Chinook-H-LFR-2,1.98246804,2015-05-22,49.3214,-123.1394,115.0,41.0
5997,Chinook-H-LFR-2,1.4375936,2015-05-22,49.3214,-123.1394,115.0,41.0
5998,Chinook-H-LFR-2,0.5331699,2015-05-19,49.3394,-123.2289,115.0,41.0
5999,Chinook-H-LFR-2,0.43572373,2015-05-19,49.3394,-123.2289,115.0,41.0
6000,Chinook-H-LFR-2,0.2533815,2016-05-13,49.3394,-123.2289,115.0,41.0
6001,Chinook-H-LFR-2,0.234657,2016-05-13,49.3394,-123.2289,115.0,41.0
6004,Chinook-H-LFR-2,0.3415684,1979-05-15,49.698,-123.176,105.0,55.0
6005,Chinook-H-LFR-2,0.6438404,1991-05-21,49.3289,-122.947,115.0,41.0
6006,Chinook-H-LFR-2,0.64159032,1991-05-21,49.3289,-122.947,115.0,41.0
6007,Chinook-H-LFR-2,0.5851221,1992-05-07,49.3289,-122.947,115.0,41.0
6008,Chinook-H-LFR-2,1.16908076,1992-05-06,49.5503,-123.24,106.0,51.0
6009,Chinook-H-LFR-2,0.53175913,1992-05-06,49.5503,-123.24,106.0,51.0
6010,Chinook-H-LFR-2,0.53082455,1992-05-06,49.5503,-123.24,106.0,51.0
6011,Chinook-H-LFR-2,0.4122912,1993-05-11,49.3289,-122.947,115.0,41.0
6012,Chinook-H-LFR-2,0.1353195,1993-05-11,49.3394,-123.2289,115.0,41.0
6013,Chinook-H-LFR-2,0.1359225,1993-05-11,49.3394,-123.2289,115.0,41.0
6606,Chinook-H-LFR-2,0.9646416,1983-06-09,49.2697,-121.9358,136.0,48.0
6607,Chinook-H-LFR-2,1.3863707,1983-06-09,49.2697,-121.9358,136.0,48.0
6608,Chinook-H-LFR-2,0.490406,1983-05-17,49.2697,-121.9358,136.0,48.0
6609,Chinook-H-LFR-2,0.5696292,1983-05-17,49.2697,-121.9358,136.0,48.0
6610,Chinook-H-LFR-2,0.2905423,1984-06-08,49.2697,-121.9358,136.0,48.0
6611,Chinook-H-LFR-2,0.0490534,1984-06-09,49.2697,-121.9358,136.0,48.0
6612,Chinook-H-LFR-2,0.071325,1984-06-09,49.2697,-121.9358,136.0,48.0
6613,Chinook-H-LFR-2,0.205384,1984-05-15,49.2697,-121.9358,136.0,48.0
6614,Chinook-H-LFR-2,3.4923819,1984-06-09,49.2697,-121.9358,136.0,48.0
6615,Chinook-H-LFR-2,1.6456479,1984-06-19,49.2697,-121.9358,136.0,48.0
6616,Chinook-H-LFR-2,0.0880836,1984-06-19,49.2697,-121.9358,136.0,48.0
6617,Chinook-H-LFR-2,0.2917228,1985-06-20,49.2697,-121.9358,136.0,48.0
6618,Chinook-H-LFR-2,0.2854402,1985-06-20,49.2697,-121.9358,136.0,48.0
6619,Chinook-H-LFR-2,0.343612,1985-06-18,49.2697,-121.9358,136.0,48.0
6620,Chinook-H-LFR-2,0.35556,1985-06-18,49.2697,-121.9358,136.0,48.0
6621,Chinook-H-LFR-2,0.340636,1985-06-18,49.2697,-121.9358,136.0,48.0
6622,Chinook-H-LFR-2,0.231477,1986-04-22,49.2697,-121.9358,136.0,48.0
6623,Chinook-H-LFR-2,0.2558304,1986-04-22,49.2697,-121.9358,136.0,48.0
6624,Chinook-H-LFR-2,0.0075096,1986-04-22,49.2697,-121.9358,136.0,48.0
6625,Chinook-H-LFR-2,0.0761772,1986-06-08,49.2697,-121.9358,136.0,48.0
6626,Chinook-H-LFR-2,0.0700785,1986-06-08,49.2697,-121.9358,136.0,48.0
6627,Chinook-H-LFR-2,0.4333634,1986-06-12,49.2697,-121.9358,136.0,48.0
6628,Chinook-H-LFR-2,0.3937484,1986-06-12,49.2697,-121.9358,136.0,48.0
6629,Chinook-H-LFR-2,0.1216642,1986-06-17,49.2697,-121.9358,136.0,48.0
6630,Chinook-H-LFR-2,0.1194082,1986-06-17,49.2697,-121.9358,136.0,48.0
6631,Chinook-H-LFR-2,0.842488,1987-03-22,49.2697,-121.9358,136.0,48.0
6632,Chinook-H-LFR-2,0.8697936,1987-03-22,49.2697,-121.9358,136.0,48.0
6633,Chinook-H-LFR-2,0.1376082,1986-06-20,49.2697,-121.9358,136.0,48.0
6634,Chinook-H-LFR-2,0.1361448,1986-06-20,49.2697,-121.9358,136.0,48.0
6635,Chinook-H-LFR-2,0.0309252,1987-04-15,49.2697,-121.9358,136.0,48.0
6636,Chinook-H-LFR-2,0.0318924,1987-04-15,49.2697,-121.9358,136.0,48.0
6637,Chinook-H-LFR-2,0.0880549,1987-04-22,49.2697,-121.9358,136.0,48.0
6638,Chinook-H-LFR-2,0.0863192,1987-04-22,49.2697,-121.9358,136.0,48.0
6639,Chinook-H-LFR-2,0.3932878,1987-05-22,49.2697,-121.9358,136.0,48.0
6640,Chinook-H-LFR-2,0.3894879,1987-05-22,49.2697,-121.9358,136.0,48.0
6641,Chinook-H-LFR-2,0.180698,1987-05-15,49.2697,-121.9358,136.0,48.0
6642,Chinook-H-LFR-2,0.173048,1987-05-15,49.2697,-121.9358,136.0,48.0
6643,Chinook-H-LFR-2,0.12682,1988-04-15,49.2697,-121.9358,136.0,48.0
6644,Chinook-H-LFR-2,0.1861425,1988-05-08,49.2697,-121.9358,136.0,48.0
6645,Chinook-H-LFR-2,0.222591,1988-05-15,49.2697,-121.9358,136.0,48.0
6646,Chinook-H-LFR-2,4.302452,1988-05-23,49.2697,-121.9358,136.0,48.0
6647,Chinook-H-LFR-2,0.845288,1988-10-12,49.2697,-121.9358,136.0,48.0
6648,Chinook-H-LFR-2,0.2891042,1989-05-15,49.2697,-121.9358,136.0,48.0
6649,Chinook-H-LFR-2,0.2944282,1989-05-15,49.2697,-121.9358,136.0,48.0
6650,Chinook-H-LFR-2,0.1601984,1989-08-21,49.2697,-121.9358,136.0,48.0
6651,Chinook-H-LFR-2,0.086683,1989-05-24,49.3289,-122.947,115.0,41.0
6652,Chinook-H-LFR-2,0.086683,1989-05-24,49.3289,-122.947,115.0,41.0
6653,Chinook-H-LFR-2,0.29512266,1990-04-22,49.2697,-121.9358,136.0,48.0
6654,Chinook-H-LFR-2,1.26332534,1990-04-22,49.2697,-121.9358,136.0,48.0
6655,Chinook-H-LFR-2,0.71987377,1990-04-22,49.2697,-121.9358,136.0,48.0
6656,Chinook-H-LFR-2,1.540064,1991-02-11,49.2697,-121.9358,136.0,48.0
6657,Chinook-H-LFR-2,0.4742388,1992-04-11,49.2697,-121.9358,136.0,48.0
6658,Chinook-H-LFR-2,2.0349255,1991-04-26,49.2697,-121.9358,136.0,48.0
6659,Chinook-H-LFR-2,1.6256925,1991-05-08,49.2697,-121.9358,136.0,48.0
6660,Chinook-H-LFR-2,2.4097031,1992-04-18,49.2697,-121.9358,136.0,48.0
6661,Chinook-H-LFR-2,3.14416,1992-04-27,49.2697,-121.9358,136.0,48.0
6662,Chinook-H-LFR-2,0.5532,1993-01-17,49.2697,-121.9358,136.0,48.0
6663,Chinook-H-LFR-2,4.3162119,1993-04-21,49.2697,-121.9358,136.0,48.0
6664,Chinook-H-LFR-2,1.1065318,1993-04-19,49.2697,-121.9358,136.0,48.0
6665,Chinook-H-LFR-2,1.06306023,1993-04-22,49.2697,-121.9358,136.0,48.0
6666,Chinook-H-LFR-2,0.4204695,1993-09-15,49.2697,-121.9358,136.0,48.0
6667,Chinook-H-LFR-2,1.819838,1994-04-17,49.2697,-121.9358,136.0,48.0
6668,Chinook-H-LFR-2,0.9584668,1994-04-16,49.2697,-121.9358,136.0,48.0
6669,Chinook-H-LFR-2,0.8936496,1994-04-16,49.2697,-121.9358,136.0,48.0
6670,Chinook-H-LFR-2,2.2930929,1995-04-18,49.2697,-121.9358,136.0,48.0
6671,Chinook-H-LFR-2,1.706392,1995-04-27,49.2697,-121.9358,136.0,48.0
6672,Chinook-H-LFR-2,0.2937088,1995-05-15,49.2697,-121.9358,136.0,48.0
6673,Chinook-H-LFR-2,0.2229588,1996-04-18,49.2697,-121.9358,136.0,48.0
6674,Chinook-H-LFR-2,0.4801588,1996-06-08,49.2697,-121.9358,136.0,48.0
6675,Chinook-H-LFR-2,0.3851848,1996-06-08,49.2697,-121.9358,136.0,48.0
6676,Chinook-H-LFR-2,2.2393548,1997-05-21,49.2697,-121.9358,136.0,48.0
6677,Chinook-H-LFR-2,1.551984,1997-05-17,49.2697,-121.9358,136.0,48.0
6678,Chinook-H-LFR-2,1.173732,1997-06-06,49.2697,-121.9358,136.0,48.0
6679,Chinook-H-LFR-2,0.9800032,1997-05-14,49.2697,-121.9358,136.0,48.0
6680,Chinook-H-LFR-2,1.3029737,1998-06-04,49.2697,-121.9358,136.0,48.0
6681,Chinook-H-LFR-2,1.650028,1998-04-20,49.2697,-121.9358,136.0,48.0
6682,Chinook-H-LFR-2,2.8424833,1998-04-22,49.2697,-121.9358,136.0,48.0
6683,Chinook-H-LFR-2,0.4763052,1999-05-02,49.2697,-121.9358,136.0,48.0
6684,Chinook-H-LFR-2,0.4706877,1999-04-30,49.2697,-121.9358,136.0,48.0
6685,Chinook-H-LFR-2,0.9144471,1999-04-30,49.2697,-121.9358,136.0,48.0
6686,Chinook-H-LFR-2,0.6631212,1999-05-04,49.2697,-121.9358,136.0,48.0
6687,Chinook-H-LFR-2,2.288006,1999-04-30,49.2697,-121.9358,136.0,48.0
6688,Chinook-H-LFR-2,3.360942,1999-06-04,49.2697,-121.9358,136.0,48.0
6689,Chinook-H-LFR-2,1.770582,2000-04-28,49.2697,-121.9358,136.0,48.0
6690,Chinook-H-LFR-2,1.56739616,2000-04-28,49.2697,-121.9358,136.0,48.0
6691,Chinook-H-LFR-2,1.32084645,2000-05-02,49.2697,-121.9358,136.0,48.0
6692,Chinook-H-LFR-2,1.56996581,2000-06-05,49.2697,-121.9358,136.0,48.0
6693,Chinook-H-LFR-2,0.0992026,2000-06-05,49.2697,-121.9358,136.0,48.0
6694,Chinook-H-LFR-2,1.13968,2001-04-17,49.2697,-121.9358,136.0,48.0
6695,Chinook-H-LFR-2,2.31160242,2001-04-28,49.2697,-121.9358,136.0,48.0
6696,Chinook-H-LFR-2,1.88184942,2001-06-02,49.2697,-121.9358,136.0,48.0
6697,Chinook-H-LFR-2,0.41970318,2002-04-17,49.2697,-121.9358,136.0,48.0
6698,Chinook-H-LFR-2,3.59830584,2002-04-22,49.2697,-121.9358,136.0,48.0
6699,Chinook-H-LFR-2,1.79798448,2002-06-05,49.2697,-121.9358,136.0,48.0
6700,Chinook-H-LFR-2,2.75724504,2003-04-26,49.2697,-121.9358,136.0,48.0
6701,Chinook-H-LFR-2,1.74413548,2003-06-03,49.2697,-121.9358,136.0,48.0
6702,Chinook-H-LFR-2,2.51765136,2004-05-10,49.2697,-121.9358,136.0,48.0
6703,Chinook-H-LFR-2,1.6334439,2004-06-04,49.2697,-121.9358,136.0,48.0
6704,Chinook-H-LFR-2,4.8289017,2005-04-17,49.2697,-121.9358,136.0,48.0
6705,Chinook-H-LFR-2,1.28725596,2005-06-03,49.2697,-121.9358,136.0,48.0
6706,Chinook-H-LFR-2,0.6368543,2006-06-14,49.2697,-121.9358,136.0,48.0
6707,Chinook-H-LFR-2,0.2916113,2006-06-04,49.2189,-121.9451,136.0,48.0
6708,Chinook-H-LFR-2,0.27842325,2006-06-06,49.2189,-121.9451,136.0,48.0
6709,Chinook-H-LFR-2,0.2383293,2007-05-10,49.2697,-121.9358,136.0,48.0
6710,Chinook-H-LFR-2,0.28545,2007-06-05,49.2189,-121.9451,136.0,48.0
6711,Chinook-H-LFR-2,0.1634976,2007-05-31,49.2189,-121.9451,136.0,48.0
6712,Chinook-H-LFR-2,0.142769,2007-06-01,49.2189,-121.9451,136.0,48.0
6713,Chinook-H-LFR-2,0.1507188,2007-06-04,49.2189,-121.9451,136.0,48.0
6714,Chinook-H-LFR-2,0.1570968,2007-05-23,49.2189,-121.9451,136.0,48.0
6715,Chinook-H-LFR-2,0.156276,2007-05-24,49.2189,-121.9451,136.0,48.0
6716,Chinook-H-LFR-2,0.171237,2007-05-30,49.2189,-121.9451,136.0,48.0
6717,Chinook-H-LFR-2,0.1461369,2008-05-01,49.2697,-121.9358,136.0,48.0
6718,Chinook-H-LFR-2,0.1343951,2008-06-10,49.2189,-121.9451,136.0,48.0
6719,Chinook-H-LFR-2,0.13497065,2008-06-18,49.2189,-121.9451,136.0,48.0
6720,Chinook-H-LFR-2,0.13352941,2008-06-16,49.2189,-121.9451,136.0,48.0
6721,Chinook-H-LFR-2,0.14512199,2008-06-02,49.2189,-121.9451,136.0,48.0
6722,Chinook-H-LFR-2,0.14060022,2008-06-03,49.2189,-121.9451,136.0,48.0
6723,Chinook-H-LFR-2,0.1411223,2008-06-03,49.2189,-121.9451,136.0,48.0
6724,Chinook-H-LFR-2,0.13721136,2008-06-04,49.2189,-121.9451,136.0,48.0
6725,Chinook-H-LFR-2,0.1369896,2008-06-06,49.2189,-121.9451,136.0,48.0
6726,Chinook-H-LFR-2,0.493524,2009-06-08,49.2189,-121.9451,136.0,48.0
6727,Chinook-H-LFR-2,0.485454,2009-06-08,49.2189,-121.9451,136.0,48.0
6728,Chinook-H-LFR-2,0.475902,2009-06-08,49.2189,-121.9451,136.0,48.0
6729,Chinook-H-LFR-2,0.292038,2009-06-08,49.2189,-121.9451,136.0,48.0
6730,Chinook-H-LFR-2,0.40163552,2010-06-17,49.2189,-121.9451,136.0,48.0
6731,Chinook-H-LFR-2,0.40107496,2010-06-17,49.2189,-121.9451,136.0,48.0
6732,Chinook-H-LFR-2,0.44282524,2010-06-17,49.2189,-121.9451,136.0,48.0
6733,Chinook-H-LFR-2,0.29323008,2010-06-17,49.2189,-121.9451,136.0,48.0
6734,Chinook-H-LFR-2,0.40576875,2011-06-17,49.2189,-121.9451,136.0,48.0
6735,Chinook-H-LFR-2,0.2636375,2011-06-17,49.2189,-121.9451,136.0,48.0
6736,Chinook-H-LFR-2,0.1983625,2011-06-17,49.2189,-121.9451,136.0,48.0
6737,Chinook-H-LFR-2,0.35305625,2011-06-17,49.2189,-121.9451,136.0,48.0
6738,Chinook-H-LFR-2,0.0323179,2012-06-19,49.2189,-121.9451,136.0,48.0
6739,Chinook-H-LFR-2,0.36459748,2012-06-19,49.2189,-121.9451,136.0,48.0
6740,Chinook-H-LFR-2,0.36674224,2012-06-19,49.2189,-121.9451,136.0,48.0
6741,Chinook-H-LFR-2,0.36636134,2012-06-19,49.2189,-121.9451,136.0,48.0
6742,Chinook-H-LFR-2,0.36882254,2012-06-19,49.2189,-121.9451,136.0,48.0
6743,Chinook-H-LFR-2,0.36547687,2012-06-19,49.2189,-121.9451,136.0,48.0
6744,Chinook-H-LFR-2,0.03509077,2012-06-19,49.2189,-121.9451,136.0,48.0
6745,Chinook-H-LFR-2,0.041877,2013-06-18,49.2189,-121.9451,136.0,48.0
6746,Chinook-H-LFR-2,0.4138992,2013-06-18,49.2189,-121.9451,136.0,48.0
6747,Chinook-H-LFR-2,0.4211922,2013-06-18,49.2189,-121.9451,136.0,48.0
6748,Chinook-H-LFR-2,0.3987654,2013-06-18,49.2189,-121.9451,136.0,48.0
6749,Chinook-H-LFR-2,0.4447146,2013-06-18,49.2189,-121.9451,136.0,48.0
6750,Chinook-H-LFR-2,0.4179714,2013-06-18,49.2189,-121.9451,136.0,48.0
6751,Chinook-H-LFR-2,0.35124001,2014-06-05,49.2189,-121.9451,136.0,48.0
6752,Chinook-H-LFR-2,0.35848087,2014-06-05,49.2189,-121.9451,136.0,48.0
6753,Chinook-H-LFR-2,0.35751309,2014-06-05,49.2189,-121.9451,136.0,48.0
6754,Chinook-H-LFR-2,0.36912645,2014-06-05,49.2189,-121.9451,136.0,48.0
6755,Chinook-H-LFR-2,0.18115559,2014-06-05,49.2189,-121.9451,136.0,48.0
6756,Chinook-H-LFR-2,0.16573248,2015-06-09,49.2189,-121.9451,136.0,48.0
6757,Chinook-H-LFR-2,0.19934824,2015-06-09,49.2189,-121.9451,136.0,48.0
6758,Chinook-H-LFR-2,0.30116296,2015-06-09,49.2189,-121.9451,136.0,48.0
6759,Chinook-H-LFR-2,0.33390024,2015-06-09,49.2189,-121.9451,136.0,48.0
6760,Chinook-H-LFR-2,0.33637444,2015-06-09,49.2189,-121.9451,136.0,48.0
6761,Chinook-H-LFR-2,0.28510012,2015-06-14,49.2189,-121.9451,136.0,48.0
6762,Chinook-H-LFR-2,0.053925,1985-05-14,49.2697,-121.9358,136.0,48.0
6769,Chinook-H-LFR-2,1.16049,1991-05-12,49.2697,-121.9358,136.0,48.0
6771,Chinook-H-LFR-2,0.9882552,1992-05-08,49.2697,-121.9358,136.0,48.0
6772,Chinook-H-LFR-2,0.9200874,1993-05-16,49.2697,-121.9358,136.0,48.0
6773,Chinook-H-LFR-2,1.4816715,1994-04-21,49.2697,-121.9358,136.0,48.0
6774,Chinook-H-LFR-2,2.026546,1995-05-15,49.2697,-121.9358,136.0,48.0
6775,Chinook-H-LFR-2,1.8045258,1996-05-14,49.2697,-121.9358,136.0,48.0
6776,Chinook-H-LFR-2,3.6591165,1997-05-12,49.2697,-121.9358,136.0,48.0
6777,Chinook-H-LFR-2,0.3944056,1998-04-29,49.2697,-121.9358,136.0,48.0
6778,Chinook-H-LFR-2,0.569278,1999-05-11,49.2697,-121.9358,136.0,48.0
6779,Chinook-H-LFR-2,1.9519579,1998-05-12,49.2697,-121.9358,136.0,48.0
6780,Chinook-H-LFR-2,4.0299467,1999-05-01,49.2697,-121.9358,136.0,48.0
6781,Chinook-H-LFR-2,0.9961914,2000-04-28,49.2697,-121.9358,136.0,48.0
6782,Chinook-H-LFR-2,1.098757,2001-05-08,49.2697,-121.9358,136.0,48.0
6783,Chinook-H-LFR-2,0.428753,2001-05-08,49.2697,-121.9358,136.0,48.0
6784,Chinook-H-LFR-2,2.28740986,2002-05-10,49.2697,-121.9358,136.0,48.0
6785,Chinook-H-LFR-2,3.52950075,2003-05-12,49.2697,-121.9358,136.0,48.0
6786,Chinook-H-LFR-2,1.8688146,2004-05-08,49.2697,-121.9358,136.0,48.0
6787,Chinook-H-LFR-2,2.92776,2005-04-25,49.2697,-121.9358,136.0,48.0
6788,Chinook-H-LFR-2,2.75632736,2006-05-08,49.2697,-121.9358,136.0,48.0
6789,Chinook-H-LFR-2,1.62726,2007-05-11,49.2697,-121.9358,136.0,48.0
6790,Chinook-H-LFR-2,2.6667685,2008-05-09,49.2697,-121.9358,136.0,48.0
6791,Chinook-H-LFR-2,3.5945412,2009-05-08,49.2697,-121.9358,136.0,48.0
6792,Chinook-H-LFR-2,3.50543358,2010-05-09,49.2697,-121.9358,136.0,48.0
6793,Chinook-H-LFR-2,0.103076862,2010-01-06,49.2697,-121.9358,136.0,48.0
6794,Chinook-H-LFR-2,3.6622773,2011-05-09,49.2697,-121.9358,136.0,48.0
6795,Chinook-H-LFR-2,0.80832024,2012-05-11,49.2697,-121.9358,136.0,48.0
6796,Chinook-H-LFR-2,1.3114167,2013-05-01,49.2697,-121.9358,136.0,48.0
6797,Chinook-H-LFR-2,0.96082895,2013-05-07,49.2697,-121.9358,136.0,48.0
6798,Chinook-H-LFR-2,1.89,2014-04-28,49.2697,-121.9358,136.0,48.0
6799,Chinook-H-LFR-2,0.83985735,2014-05-05,49.2697,-121.9358,136.0,48.0
6800,Chinook-H-LFR-2,1.91936366,2015-04-28,49.2697,-121.9358,136.0,48.0
6801,Chinook-H-LFR-2,0.86441823,2015-04-30,49.2697,-121.9358,136.0,48.0
7253,Chinook-H-LFR-2,1.9244952,1982-06-08,49.0972,-121.9639,136.0,48.0
7254,Chinook-H-LFR-2,7.7330301,1983-06-03,49.0972,-121.9639,136.0,48.0
7255,Chinook-H-LFR-2,2.1342253,1984-05-31,49.0972,-121.9639,136.0,48.0
7256,Chinook-H-LFR-2,1.9628519,1984-05-31,49.0972,-121.9639,136.0,48.0
7257,Chinook-H-LFR-2,2.1731982,1984-05-31,49.0972,-121.9639,136.0,48.0
7258,Chinook-H-LFR-2,1.1155264,1985-06-16,49.0972,-121.9639,136.0,48.0
7259,Chinook-H-LFR-2,0.9078776,1985-06-06,49.0972,-121.9639,136.0,48.0
7260,Chinook-H-LFR-2,1.1026268,1985-06-16,49.0972,-121.9639,136.0,48.0
7261,Chinook-H-LFR-2,1.112956,1985-06-16,49.0972,-121.9639,136.0,48.0
7262,Chinook-H-LFR-2,0.9205448,1985-06-06,49.0972,-121.9639,136.0,48.0
7263,Chinook-H-LFR-2,0.9073232,1985-06-06,49.0972,-121.9639,136.0,48.0
7264,Chinook-H-LFR-2,0.7127794,1986-06-12,49.0972,-121.9639,136.0,48.0
7265,Chinook-H-LFR-2,0.1071579,1986-06-12,49.0972,-121.9639,136.0,48.0
7266,Chinook-H-LFR-2,0.7447284,1987-05-21,49.0972,-121.9639,136.0,48.0
7267,Chinook-H-LFR-2,2.5820214,1988-05-31,49.0972,-121.9639,136.0,48.0
7268,Chinook-H-LFR-2,1.9054404,1989-05-28,49.0972,-121.9639,136.0,48.0
7269,Chinook-H-LFR-2,1.8257963,1989-05-28,49.0972,-121.9639,136.0,48.0
7270,Chinook-H-LFR-2,1.2337393,1990-05-18,49.0972,-121.9639,136.0,48.0
7271,Chinook-H-LFR-2,1.2336916,1990-05-18,49.0972,-121.9639,136.0,48.0
7272,Chinook-H-LFR-2,2.7650064,1991-05-21,49.0972,-121.9639,136.0,48.0
7273,Chinook-H-LFR-2,3.5262784,1992-05-14,49.0972,-121.9639,136.0,48.0
7274,Chinook-H-LFR-2,3.305226,1992-05-14,49.0972,-121.9639,136.0,48.0
7275,Chinook-H-LFR-2,3.4257685,1993-05-17,49.0972,-121.9639,136.0,48.0
7276,Chinook-H-LFR-2,7.2875127,1993-05-29,49.0972,-121.9639,136.0,48.0
7277,Chinook-H-LFR-2,0.0371667,1993-02-09,49.0972,-121.9639,136.0,48.0
7278,Chinook-H-LFR-2,2.2625,1994-05-20,49.0972,-121.9639,136.0,48.0
7279,Chinook-H-LFR-2,9.0233388,1994-06-02,49.0972,-121.9639,136.0,48.0
7280,Chinook-H-LFR-2,3.025482,1995-05-21,49.0972,-121.9639,136.0,48.0
7281,Chinook-H-LFR-2,1.7888998,1995-06-03,49.0972,-121.9639,136.0,48.0
7282,Chinook-H-LFR-2,2.966316,1995-05-21,49.0972,-121.9639,136.0,48.0
7283,Chinook-H-LFR-2,1.7768068,1995-06-03,49.0972,-121.9639,136.0,48.0
7284,Chinook-H-LFR-2,0.3786548,1995-05-19,49.1717,-122.4236,136.0,48.0
7285,Chinook-H-LFR-2,0.3783926,1995-05-19,49.1717,-122.4236,136.0,48.0
7286,Chinook-H-LFR-2,2.532888,1996-05-29,49.0972,-121.9639,136.0,48.0
7287,Chinook-H-LFR-2,2.0328932,1996-06-03,49.0972,-121.9639,136.0,48.0
7288,Chinook-H-LFR-2,4.0936226,1997-06-03,49.0972,-121.9639,136.0,48.0
7289,Chinook-H-LFR-2,5.8791915,1997-05-29,49.0972,-121.9639,136.0,48.0
7290,Chinook-H-LFR-2,0.4806048,1997-05-21,49.1717,-122.4236,136.0,48.0
7291,Chinook-H-LFR-2,3.6309057,1998-05-24,49.0972,-121.9639,136.0,48.0
7292,Chinook-H-LFR-2,5.9085206,1998-05-24,49.0972,-121.9639,136.0,48.0
7293,Chinook-H-LFR-2,2.5814936,1999-05-26,49.0972,-121.9639,136.0,48.0
7294,Chinook-H-LFR-2,2.6300655,1999-05-26,49.0972,-121.9639,136.0,48.0
7295,Chinook-H-LFR-2,2.5232532,1999-05-26,49.0972,-121.9639,136.0,48.0
7296,Chinook-H-LFR-2,2.2571529,1999-05-26,49.0972,-121.9639,136.0,48.0
7297,Chinook-H-LFR-2,0.9590966,2000-05-26,49.0972,-121.9639,136.0,48.0
7298,Chinook-H-LFR-2,0.9586316,2000-05-26,49.0972,-121.9639,136.0,48.0
7299,Chinook-H-LFR-2,0.9588982,2000-05-26,49.0972,-121.9639,136.0,48.0
7300,Chinook-H-LFR-2,0.9586006,2000-05-26,49.0972,-121.9639,136.0,48.0
7301,Chinook-H-LFR-2,0.9428216,2000-05-26,49.0972,-121.9639,136.0,48.0
7302,Chinook-H-LFR-2,0.9426046,2000-05-26,49.0972,-121.9639,136.0,48.0
7303,Chinook-H-LFR-2,0.9435594,2000-05-26,49.0972,-121.9639,136.0,48.0
7304,Chinook-H-LFR-2,0.9424,2000-05-26,49.0972,-121.9639,136.0,48.0
7305,Chinook-H-LFR-2,0.38996,2001-05-22,49.0972,-121.9639,136.0,48.0
7306,Chinook-H-LFR-2,0.389875,2001-05-22,49.0972,-121.9639,136.0,48.0
7307,Chinook-H-LFR-2,0.39058,2001-05-22,49.0972,-121.9639,136.0,48.0
7308,Chinook-H-LFR-2,0.390025,2001-05-22,49.0972,-121.9639,136.0,48.0
7309,Chinook-H-LFR-2,0.39276,2001-05-22,49.0972,-121.9639,136.0,48.0
7310,Chinook-H-LFR-2,0.390025,2001-05-22,49.0972,-121.9639,136.0,48.0
7311,Chinook-H-LFR-2,0.39022,2001-05-22,49.0972,-121.9639,136.0,48.0
7312,Chinook-H-LFR-2,0.389915,2001-05-22,49.0972,-121.9639,136.0,48.0
7313,Chinook-H-LFR-2,1.7935775,2002-05-25,49.0972,-121.9639,136.0,48.0
7314,Chinook-H-LFR-2,1.7926755,2002-05-25,49.0972,-121.9639,136.0,48.0
7315,Chinook-H-LFR-2,1.5133612,2002-05-29,49.0972,-121.9639,136.0,48.0
7316,Chinook-H-LFR-2,1.5081872,2002-05-29,49.0972,-121.9639,136.0,48.0
7317,Chinook-H-LFR-2,2.24725254,2003-05-20,49.0972,-121.9639,136.0,48.0
7318,Chinook-H-LFR-2,2.23921594,2003-05-20,49.0972,-121.9639,136.0,48.0
7319,Chinook-H-LFR-2,1.837725,2003-05-21,49.0972,-121.9639,136.0,48.0
7320,Chinook-H-LFR-2,1.831075,2003-05-21,49.0972,-121.9639,136.0,48.0
7321,Chinook-H-LFR-2,1.0498106,2004-05-13,49.0972,-121.9639,136.0,48.0
7322,Chinook-H-LFR-2,1.0507782,2004-05-13,49.0972,-121.9639,136.0,48.0
7323,Chinook-H-LFR-2,1.8548915,2004-05-13,49.0972,-121.9639,136.0,48.0
7324,Chinook-H-LFR-2,2.0967715,2004-05-13,49.0972,-121.9639,136.0,48.0
7325,Chinook-H-LFR-2,0.9523525,2004-05-13,49.0972,-121.9639,136.0,48.0
7326,Chinook-H-LFR-2,1.010225,2005-05-21,49.0972,-121.9639,136.0,48.0
7327,Chinook-H-LFR-2,1.002565,2005-05-20,49.0972,-121.9639,136.0,48.0
7328,Chinook-H-LFR-2,1.00037,2005-05-20,49.0972,-121.9639,136.0,48.0
7329,Chinook-H-LFR-2,0.997255,2005-05-20,49.0972,-121.9639,136.0,48.0
7330,Chinook-H-LFR-2,0.57681076,2005-05-26,49.0972,-121.9639,136.0,48.0
7331,Chinook-H-LFR-2,0.58444504,2005-05-26,49.0972,-121.9639,136.0,48.0
7332,Chinook-H-LFR-2,0.57660736,2005-05-26,49.0972,-121.9639,136.0,48.0
7333,Chinook-H-LFR-2,0.5748084,2005-05-26,49.0972,-121.9639,136.0,48.0
7334,Chinook-H-LFR-2,0.8728496,2006-05-08,49.0972,-121.9639,136.0,48.0
7335,Chinook-H-LFR-2,0.8736952,2006-05-08,49.0972,-121.9639,136.0,48.0
7336,Chinook-H-LFR-2,0.5268536,2006-05-07,49.0972,-121.9639,136.0,48.0
7337,Chinook-H-LFR-2,0.6751304,2006-05-02,49.0972,-121.9639,136.0,48.0
7338,Chinook-H-LFR-2,0.90689575,2006-05-08,49.0972,-121.9639,136.0,48.0
7339,Chinook-H-LFR-2,0.88954225,2006-05-08,49.0972,-121.9639,136.0,48.0
7340,Chinook-H-LFR-2,0.906683,2006-05-02,49.0972,-121.9639,136.0,48.0
7341,Chinook-H-LFR-2,0.88925475,2006-05-08,49.0972,-121.9639,136.0,48.0
7342,Chinook-H-LFR-2,0.0202807,2005-12-11,49.0972,-121.9639,136.0,48.0
7343,Chinook-H-LFR-2,0.93510763,2007-05-19,49.0972,-121.9639,136.0,48.0
7344,Chinook-H-LFR-2,0.93844029,2007-05-19,49.0972,-121.9639,136.0,48.0
7345,Chinook-H-LFR-2,0.8204506,2007-05-25,49.0972,-121.9639,136.0,48.0
7346,Chinook-H-LFR-2,0.94525979,2007-05-19,49.0972,-121.9639,136.0,48.0
7347,Chinook-H-LFR-2,0.8409246,2007-05-25,49.0972,-121.9639,136.0,48.0
7348,Chinook-H-LFR-2,0.94112065,2007-05-19,49.0972,-121.9639,136.0,48.0
7349,Chinook-H-LFR-2,0.8201026,2007-05-25,49.0972,-121.9639,136.0,48.0
7350,Chinook-H-LFR-2,0.8201432,2007-05-25,49.0972,-121.9639,136.0,48.0
7351,Chinook-H-LFR-2,0.0082074,2006-12-05,49.0972,-121.9639,136.0,48.0
7352,Chinook-H-LFR-2,2.0386592,2008-05-25,49.0972,-121.9639,136.0,48.0
7353,Chinook-H-LFR-2,2.0363466,2008-05-25,49.0972,-121.9639,136.0,48.0
7354,Chinook-H-LFR-2,2.0033433,2008-05-20,49.0972,-121.9639,136.0,48.0
7355,Chinook-H-LFR-2,1.9983978,2008-05-20,49.0972,-121.9639,136.0,48.0
7356,Chinook-H-LFR-2,1.5155672,2009-05-22,49.0972,-121.9639,136.0,48.0
7357,Chinook-H-LFR-2,1.5176616,2009-05-22,49.0972,-121.9639,136.0,48.0
7358,Chinook-H-LFR-2,1.4896596,2009-05-29,49.0972,-121.9639,136.0,48.0
7359,Chinook-H-LFR-2,1.4871532,2009-05-29,49.0972,-121.9639,136.0,48.0
7360,Chinook-H-LFR-2,1.9396476,2010-05-16,49.0972,-121.9639,136.0,48.0
7361,Chinook-H-LFR-2,1.7688591,2010-05-16,49.0972,-121.9639,136.0,48.0
7362,Chinook-H-LFR-2,1.7690075,2010-05-16,49.0972,-121.9639,136.0,48.0
7363,Chinook-H-LFR-2,0.8600185,2011-05-23,49.0972,-121.9639,136.0,48.0
7364,Chinook-H-LFR-2,1.141627668,2011-05-17,49.0972,-121.9639,136.0,48.0
7365,Chinook-H-LFR-2,0.905938633,2010-11-14,49.0972,-121.9639,136.0,48.0
7366,Chinook-H-LFR-2,1.094253555,2011-05-17,49.0972,-121.9639,136.0,48.0
7367,Chinook-H-LFR-2,2.03240231,2011-05-23,49.0972,-121.9639,136.0,48.0
7368,Chinook-H-LFR-2,0.0172306,2010-11-09,49.0926,-122.0324,136.0,48.0
7369,Chinook-H-LFR-2,0.79163968,2012-05-16,49.0972,-121.9639,136.0,48.0
7370,Chinook-H-LFR-2,0.8009771,2012-05-16,49.0972,-121.9639,136.0,48.0
7371,Chinook-H-LFR-2,0.80318156,2012-05-22,49.0972,-121.9639,136.0,48.0
7372,Chinook-H-LFR-2,0.80099542,2012-05-22,49.0972,-121.9639,136.0,48.0
7373,Chinook-H-LFR-2,1.65919135,2012-05-22,49.0972,-121.9639,136.0,48.0
7374,Chinook-H-LFR-2,1.40142,2013-05-21,49.0972,-121.9639,136.0,48.0
7375,Chinook-H-LFR-2,1.369545,2013-05-21,49.0972,-121.9639,136.0,48.0
7376,Chinook-H-LFR-2,1.508388,2013-05-21,49.0972,-121.9639,136.0,48.0
7377,Chinook-H-LFR-2,1.54153125,2013-05-21,49.0972,-121.9639,136.0,48.0
7378,Chinook-H-LFR-2,0.0030879,2012-12-10,49.0926,-122.0324,136.0,48.0
7379,Chinook-H-LFR-2,1.14839836,2014-05-22,49.0972,-121.9639,136.0,48.0
7380,Chinook-H-LFR-2,1.1332294,2014-05-22,49.0972,-121.9639,136.0,48.0
7381,Chinook-H-LFR-2,1.0876901,2014-05-31,49.0972,-121.9639,136.0,48.0
7382,Chinook-H-LFR-2,1.08762785,2014-05-31,49.0972,-121.9639,136.0,48.0
7383,Chinook-H-LFR-2,0.0059657,2013-12-11,49.0926,-122.0324,136.0,48.0
7384,Chinook-H-LFR-2,1.39293478,2015-05-19,49.0972,-121.9639,136.0,48.0
7385,Chinook-H-LFR-2,1.2567516,2015-05-22,49.0972,-121.9639,136.0,48.0
7386,Chinook-H-LFR-2,1.2568556,2015-05-22,49.0972,-121.9639,136.0,48.0
7387,Chinook-H-LFR-2,1.39121676,2015-05-19,49.0972,-121.9639,136.0,48.0
7388,Chinook-H-LFR-2,1.2687532,2016-05-21,49.0972,-121.9639,136.0,48.0
7389,Chinook-H-LFR-2,1.2685556,2016-05-21,49.0972,-121.9639,136.0,48.0
7390,Chinook-H-LFR-2,1.497125,2016-05-16,49.0972,-121.9639,136.0,48.0
7391,Chinook-H-LFR-2,1.49727,2016-05-16,49.0972,-121.9639,136.0,48.0
7392,Chinook-H-LFR-2,0.018905,1982-06-08,49.0972,-121.9639,136.0,48.0
7393,Chinook-H-LFR-2,0.0614432,1983-06-21,49.0972,-121.9639,136.0,48.0
7394,Chinook-H-LFR-2,1.2938275,1986-06-08,49.0972,-121.9639,136.0,48.0
7395,Chinook-H-LFR-2,0.6140668,1987-05-14,49.0972,-121.9639,136.0,48.0
7396,Chinook-H-LFR-2,0.6140668,1987-05-14,49.0972,-121.9639,136.0,48.0
7397,Chinook-H-LFR-2,1.1302112,1987-05-14,49.0972,-121.9639,136.0,48.0
7398,Chinook-H-LFR-2,1.1435188,1987-05-14,49.0972,-121.9639,136.0,48.0
7399,Chinook-H-LFR-2,0.9271035,1988-05-19,49.0972,-121.9639,136.0,48.0
7400,Chinook-H-LFR-2,0.9288375,1988-05-19,49.0972,-121.9639,136.0,48.0
7401,Chinook-H-LFR-2,1.3726878,1988-05-16,49.0972,-121.9639,136.0,48.0
7402,Chinook-H-LFR-2,1.3632828,1988-05-16,49.0972,-121.9639,136.0,48.0
7403,Chinook-H-LFR-2,1.0098088,1989-05-22,49.0972,-121.9639,136.0,48.0
7404,Chinook-H-LFR-2,0.8626233,1989-05-22,49.0972,-121.9639,136.0,48.0
7405,Chinook-H-LFR-2,1.7231243,1989-05-22,49.0972,-121.9639,136.0,48.0
7406,Chinook-H-LFR-2,1.4553854,1989-05-22,49.0972,-121.9639,136.0,48.0
7409,Chinook-H-LFR-2,0.0374275,2003-06-02,49.0972,-121.9639,136.0,48.0
7410,Chinook-H-LFR-2,0.5032428,1982-05-15,49.0972,-121.9639,136.0,48.0
7411,Chinook-H-LFR-2,0.005042,1982-04-08,49.0972,-121.9639,136.0,48.0
7412,Chinook-H-LFR-2,0.1972,1982-04-11,49.54,-122.6,136.0,48.0
7413,Chinook-H-LFR-2,1.1368917,1986-06-08,49.0972,-121.9639,136.0,48.0
7414,Chinook-H-LFR-2,0.49182,1986-05-18,49.0972,-121.9639,136.0,48.0
7415,Chinook-H-LFR-2,0.98271,1986-06-08,49.0972,-121.9639,136.0,48.0
7416,Chinook-H-LFR-2,0.798945,1987-05-02,49.0972,-121.9639,136.0,48.0
7417,Chinook-H-LFR-2,0.80163,1987-05-02,49.0972,-121.9639,136.0,48.0
7418,Chinook-H-LFR-2,1.0070068,1988-05-25,49.0972,-121.9639,136.0,48.0
7419,Chinook-H-LFR-2,1.006548,1988-05-27,49.0972,-121.9639,136.0,48.0
7420,Chinook-H-LFR-2,1.0490096,1990-05-15,49.0972,-121.9639,136.0,48.0
7421,Chinook-H-LFR-2,1.056529,1990-05-15,49.0972,-121.9639,136.0,48.0
7422,Chinook-H-LFR-2,1.472955,1991-05-15,49.0972,-121.9639,136.0,48.0
7423,Chinook-H-LFR-2,1.4750643,1991-05-15,49.0972,-121.9639,136.0,48.0
7424,Chinook-H-LFR-2,1.322508,1991-04-19,49.0972,-121.9639,136.0,48.0
7425,Chinook-H-LFR-2,1.322508,1991-04-19,49.0972,-121.9639,136.0,48.0
7426,Chinook-H-LFR-2,1.8008015,1992-05-11,49.0972,-121.9639,136.0,48.0
7427,Chinook-H-LFR-2,1.802034,1992-05-11,49.0972,-121.9639,136.0,48.0
7428,Chinook-H-LFR-2,3.0082275,1993-05-08,49.0972,-121.9639,136.0,48.0
7429,Chinook-H-LFR-2,0.01865955,1992-12-12,49.0972,-121.9639,136.0,48.0
7430,Chinook-H-LFR-2,3.086325,1994-05-07,49.0972,-121.9639,136.0,48.0
7431,Chinook-H-LFR-2,2.942225,1995-05-07,49.0972,-121.9639,136.0,48.0
7432,Chinook-H-LFR-2,2.87742,1996-05-10,49.0972,-121.9639,136.0,48.0
7433,Chinook-H-LFR-2,2.2265815,1997-05-08,49.0972,-121.9639,136.0,48.0
7434,Chinook-H-LFR-2,2.455914,1998-04-14,49.0972,-121.9639,136.0,48.0
7435,Chinook-H-LFR-2,3.4192275,1999-04-25,49.0972,-121.9639,136.0,48.0
7436,Chinook-H-LFR-2,3.2895072,2000-04-24,49.0972,-121.9639,136.0,48.0
7437,Chinook-H-LFR-2,2.8577934,2001-04-25,49.0972,-121.9639,136.0,48.0
7438,Chinook-H-LFR-2,2.429402,2002-04-26,49.0972,-121.9639,136.0,48.0
7439,Chinook-H-LFR-2,3.130244,2003-04-26,49.0972,-121.9639,136.0,48.0
7440,Chinook-H-LFR-2,3.89287384,2004-04-17,49.0972,-121.9639,136.0,48.0
7441,Chinook-H-LFR-2,3.6067213,2005-04-22,49.0972,-121.9639,136.0,48.0
7442,Chinook-H-LFR-2,2.8013035,2006-04-26,49.0972,-121.9639,136.0,48.0
7443,Chinook-H-LFR-2,3.4366282,2007-04-26,49.0972,-121.9639,136.0,48.0
7444,Chinook-H-LFR-2,3.20068281,2008-04-29,49.0972,-121.9639,136.0,48.0
7445,Chinook-H-LFR-2,3.757675,2009-05-01,49.0972,-121.9639,136.0,48.0
7446,Chinook-H-LFR-2,2.924061618,2010-04-21,49.0972,-121.9639,136.0,48.0
7447,Chinook-H-LFR-2,2.3698096,2011-04-28,49.0972,-121.9639,136.0,48.0
7448,Chinook-H-LFR-2,2.90552238,2012-04-23,49.0972,-121.9639,136.0,48.0
7449,Chinook-H-LFR-2,3.8220417,2013-05-02,49.0972,-121.9639,136.0,48.0
7450,Chinook-H-LFR-2,3.084237,2014-05-02,49.0972,-121.9639,136.0,48.0
7451,Chinook-H-LFR-2,4.04277454,2015-04-23,49.0972,-121.9639,136.0,48.0
7452,Chinook-H-LFR-2,3.51699166,2016-04-28,49.0972,-121.9639,136.0,48.0
7453,Chinook-H-LFR-2,0.0078168,2015-11-30,49.1257,-122.0982,136.0,48.0
8249,Chinook-H-LFR-2,0.1064932,1997-05-11,49.1717,-122.4236,136.0,48.0
8250,Chinook-H-LFR-2,0.9894768,1998-05-21,49.1717,-122.4236,136.0,48.0
8251,Chinook-H-LFR-2,1.5212082,1999-05-21,49.1717,-122.4236,136.0,48.0
8252,Chinook-H-LFR-2,0.7638806,2000-05-31,49.1717,-122.4236,136.0,48.0
8253,Chinook-H-LFR-2,0.3196024,2001-06-06,49.1717,-122.4236,136.0,48.0
8254,Chinook-H-LFR-2,0.3193736,2001-06-06,49.1717,-122.4236,136.0,48.0
8255,Chinook-H-LFR-2,1.8952101,2002-05-23,49.1717,-122.4236,136.0,48.0
8256,Chinook-H-LFR-2,1.37364312,2003-06-03,49.1717,-122.4236,136.0,48.0
8257,Chinook-H-LFR-2,2.0335394,2004-05-26,49.1717,-122.4236,136.0,48.0
8258,Chinook-H-LFR-2,2.0335394,2003-05-04,49.1717,-122.4236,136.0,48.0
8259,Chinook-H-LFR-2,1.5420879,2005-05-30,49.1717,-122.4236,136.0,48.0
8260,Chinook-H-LFR-2,1.4060466,2006-06-01,49.1717,-122.4236,136.0,48.0
8261,Chinook-H-LFR-2,0.674676,2007-05-29,49.1717,-122.4236,136.0,48.0
8262,Chinook-H-LFR-2,0.470051,2007-05-29,49.1717,-122.4236,136.0,48.0
8263,Chinook-H-LFR-2,1.45735362,2008-06-06,49.1717,-122.4236,136.0,48.0
8264,Chinook-H-LFR-2,0.5244652,1987-04-15,49.54,-122.6,136.0,48.0
8265,Chinook-H-LFR-2,0.7405032,1987-05-14,49.54,-122.6,136.0,48.0
8266,Chinook-H-LFR-2,0.4896152,1988-04-11,49.54,-122.6,136.0,48.0
8267,Chinook-H-LFR-2,0.7772232,1988-05-09,49.54,-122.6,136.0,48.0
8268,Chinook-H-LFR-2,0.5267712,1989-05-08,49.54,-122.6,136.0,48.0
8269,Chinook-H-LFR-2,0.4775169,1989-04-10,49.54,-122.6,136.0,48.0
8270,Chinook-H-LFR-2,0.4826504,1989-04-16,49.54,-122.6,136.0,48.0
8271,Chinook-H-LFR-2,0.04798,1989-08-14,49.54,-122.6,136.0,48.0
8272,Chinook-H-LFR-2,0.4907472,1990-04-17,49.54,-122.6,136.0,48.0
8273,Chinook-H-LFR-2,0.3497628,1990-05-01,49.54,-122.6,136.0,48.0
8274,Chinook-H-LFR-2,0.1309336,1990-05-15,49.54,-122.6,136.0,48.0
8275,Chinook-H-LFR-2,0.5101116,1991-05-09,49.54,-122.6,136.0,48.0
8276,Chinook-H-LFR-2,0.4938464,1991-07-14,49.54,-122.6,136.0,48.0
9088,Chinook-H-LFR-2,0.107226,1981-11-03,49.4547,-123.24,108.0,44.0
11496,Chinook-H-LFR-2,0.0468503,2006-05-11,49.7794,-123.1775,105.0,55.0
11497,Chinook-H-LFR-2,0.02354448,2008-05-15,49.7794,-123.1775,105.0,55.0
11498,Chinook-H-LFR-2,0.19972988,2008-05-15,49.7794,-123.1775,105.0,55.0
11499,Chinook-H-LFR-2,5.61e-05,2008-04-09,49.8242,-123.1486,105.0,55.0
11500,Chinook-H-LFR-2,0.13824,2009-05-13,49.7794,-123.1775,105.0,55.0
11501,Chinook-H-LFR-2,0.00422,2009-09-17,49.7794,-123.1775,105.0,55.0
11502,Chinook-H-LFR-2,0.13622708,2010-05-18,49.7794,-123.1775,105.0,55.0
11503,Chinook-H-LFR-2,0.12072888,2011-05-07,49.8242,-123.1486,105.0,55.0
11504,Chinook-H-LFR-2,0.00687531,2012-02-21,49.7794,-123.1775,105.0,55.0
11505,Chinook-H-LFR-2,0.396044,1982-04-22,50.425,-117.3592,,
11506,Chinook-H-LFR-2,0.0687611,1983-05-23,49.8969,-123.3022,105.0,55.0
11507,Chinook-H-LFR-2,0.0441826,1983-05-09,49.8969,-123.3022,105.0,55.0
11508,Chinook-H-LFR-2,0.0448409,1983-05-12,49.8242,-123.1486,105.0,55.0
11509,Chinook-H-LFR-2,0.0510796,1983-05-03,50.0683,-123.3433,105.0,55.0
11510,Chinook-H-LFR-2,0.073953,1983-06-08,50.0683,-123.3433,105.0,55.0
11511,Chinook-H-LFR-2,0.187768,1984-05-12,50.425,-117.3592,,
11512,Chinook-H-LFR-2,0.322796,1984-06-12,50.425,-117.3592,,
11513,Chinook-H-LFR-2,0.2001636,1984-05-20,50.425,-117.3592,,
11514,Chinook-H-LFR-2,0.3699406,1985-06-14,50.425,-117.3592,,
11515,Chinook-H-LFR-2,0.2483376,1985-05-14,50.425,-117.3592,,
11516,Chinook-H-LFR-2,0.353078,1985-05-21,50.425,-117.3592,,
11517,Chinook-H-LFR-2,0.388764,1986-05-14,50.425,-117.3592,,
11518,Chinook-H-LFR-2,0.337972,1986-05-21,50.425,-117.3592,,
11519,Chinook-H-LFR-2,0.3572282,1986-06-14,50.425,-117.3592,,
11520,Chinook-H-LFR-2,0.4731728,1987-05-14,50.425,-117.3592,,
11521,Chinook-H-LFR-2,1.243385,1987-06-11,50.425,-117.3592,,
11522,Chinook-H-LFR-2,0.8254856,1987-05-21,50.425,-117.3592,,
11523,Chinook-H-LFR-2,1.3892076,1988-05-16,49.8969,-123.3022,105.0,55.0
11524,Chinook-H-LFR-2,0.7897968,1988-05-11,49.5503,-123.24,106.0,51.0
11525,Chinook-H-LFR-2,1.1468288,1988-06-03,49.5503,-123.24,106.0,51.0
11526,Chinook-H-LFR-2,1.2078915,1988-05-15,50.425,-117.3592,,
11527,Chinook-H-LFR-2,0.6172639,1988-05-22,50.425,-117.3592,,
11528,Chinook-H-LFR-2,0.5940939,1988-05-22,50.425,-117.3592,,
11529,Chinook-H-LFR-2,1.4781544,1988-05-15,49.698,-123.176,105.0,55.0
11530,Chinook-H-LFR-2,0.1484191,1988-05-15,50.425,-117.3592,,
11531,Chinook-H-LFR-2,1.1732775,1989-05-24,49.8969,-123.3022,105.0,55.0
11532,Chinook-H-LFR-2,2.7860004,1989-05-27,50.425,-117.3592,,
11533,Chinook-H-LFR-2,1.1546379,1989-05-28,49.5503,-123.24,106.0,51.0
11534,Chinook-H-LFR-2,0.939816,1989-05-08,49.5503,-123.24,106.0,51.0
11535,Chinook-H-LFR-2,0.9616576,1989-05-19,49.7333,-123.1544,105.0,55.0
11536,Chinook-H-LFR-2,1.0297989,1989-05-28,49.5503,-123.24,106.0,51.0
11537,Chinook-H-LFR-2,0.8404935,1989-05-08,49.5503,-123.24,106.0,51.0
11538,Chinook-H-LFR-2,1.9231225,1989-05-17,49.698,-123.176,105.0,55.0
11539,Chinook-H-LFR-2,0.5462692,1990-05-15,49.8969,-123.3022,105.0,55.0
11540,Chinook-H-LFR-2,0.482963,1990-05-03,49.5503,-123.24,106.0,51.0
11541,Chinook-H-LFR-2,0.4856499,1990-05-03,49.5503,-123.24,106.0,51.0
11542,Chinook-H-LFR-2,0.5083479,1990-05-22,49.5503,-123.24,106.0,51.0
11543,Chinook-H-LFR-2,0.5063303,1990-05-22,49.5503,-123.24,106.0,51.0
11544,Chinook-H-LFR-2,0.293772,1990-04-24,50.425,-117.3592,,
11545,Chinook-H-LFR-2,0.249136,1990-04-24,50.425,-117.3592,,
11546,Chinook-H-LFR-2,0.3472924,1990-05-14,50.425,-117.3592,,
11547,Chinook-H-LFR-2,0.3481868,1990-05-14,50.425,-117.3592,,
11548,Chinook-H-LFR-2,0.6443766,1990-04-24,49.698,-123.176,105.0,55.0
11549,Chinook-H-LFR-2,0.7791903,1990-05-14,49.698,-123.176,105.0,55.0
11550,Chinook-H-LFR-2,1.075448,1990-06-13,49.698,-123.176,105.0,55.0
11551,Chinook-H-LFR-2,0.624069,1991-05-12,49.7333,-123.1544,105.0,55.0
11552,Chinook-H-LFR-2,0.4746188,1991-05-09,49.5503,-123.24,106.0,51.0
11553,Chinook-H-LFR-2,0.3290637,1991-04-24,49.5503,-123.24,106.0,51.0
11554,Chinook-H-LFR-2,0.3285596,1991-04-24,49.5503,-123.24,106.0,51.0
11555,Chinook-H-LFR-2,0.4647288,1991-05-09,49.5503,-123.24,106.0,51.0
11556,Chinook-H-LFR-2,0.0109032,1991-05-11,49.8242,-123.1486,105.0,55.0
11557,Chinook-H-LFR-2,0.16973973,1991-04-19,50.425,-117.3592,,
11558,Chinook-H-LFR-2,0.1630048,1991-04-19,50.425,-117.3592,,
11559,Chinook-H-LFR-2,0.2345535,1991-05-12,50.425,-117.3592,,
11560,Chinook-H-LFR-2,0.2350395,1991-05-12,50.425,-117.3592,,
11561,Chinook-H-LFR-2,0.7894579,1991-06-14,50.425,-117.3592,,
11562,Chinook-H-LFR-2,0.6902185,1991-04-19,49.8969,-123.3022,105.0,55.0
11563,Chinook-H-LFR-2,1.214514,1991-06-13,49.698,-123.176,105.0,55.0
11564,Chinook-H-LFR-2,0.9519524,1991-05-01,49.698,-123.176,105.0,55.0
11565,Chinook-H-LFR-2,0.11100108,1992-05-06,49.5503,-123.24,106.0,51.0
11566,Chinook-H-LFR-2,1.00269851,1992-05-14,50.425,-117.3592,,
11567,Chinook-H-LFR-2,0.86061869,1992-05-06,49.5503,-123.24,106.0,51.0
11568,Chinook-H-LFR-2,0.887851,1992-05-06,49.5503,-123.24,106.0,51.0
11569,Chinook-H-LFR-2,1.79125617,1992-05-22,49.5503,-123.24,106.0,51.0
11570,Chinook-H-LFR-2,2.45227125,1992-05-22,49.5503,-123.24,106.0,51.0
11571,Chinook-H-LFR-2,0.07919721,1992-05-06,49.5503,-123.24,106.0,51.0
11572,Chinook-H-LFR-2,0.639464,1993-05-10,49.8969,-123.3022,105.0,55.0
11573,Chinook-H-LFR-2,1.3516412,1993-05-28,49.5503,-123.24,106.0,51.0
11574,Chinook-H-LFR-2,0.9565344,1993-05-10,49.8242,-123.1486,105.0,55.0
11575,Chinook-H-LFR-2,3.20776,1993-05-20,49.5503,-123.24,106.0,51.0
11576,Chinook-H-LFR-2,1.5144534,1993-05-28,49.5503,-123.24,106.0,51.0
11577,Chinook-H-LFR-2,0.9870358,1993-05-10,49.698,-123.176,105.0,55.0
11578,Chinook-H-LFR-2,0.2595764,1994-05-16,49.8242,-123.1486,105.0,55.0
11579,Chinook-H-LFR-2,3.06687,1994-05-16,49.5503,-123.24,106.0,51.0
11580,Chinook-H-LFR-2,3.1666376,1994-05-31,49.5503,-123.24,106.0,51.0
11581,Chinook-H-LFR-2,0.48077616,1994-05-17,49.698,-123.176,105.0,55.0
11582,Chinook-H-LFR-2,3.639264,1995-05-16,49.5503,-123.24,106.0,51.0
11583,Chinook-H-LFR-2,3.8065941,1995-05-25,49.5503,-123.24,106.0,51.0
11584,Chinook-H-LFR-2,2.5484529,1996-05-09,49.5503,-123.24,106.0,51.0
11585,Chinook-H-LFR-2,0.3805119,1996-05-12,49.5503,-123.24,106.0,51.0
11586,Chinook-H-LFR-2,0.3817319,1996-05-12,49.5503,-123.24,106.0,51.0
11587,Chinook-H-LFR-2,2.5257519,1996-05-09,49.5503,-123.24,106.0,51.0
11588,Chinook-H-LFR-2,2.5607556,1996-05-09,49.5503,-123.24,106.0,51.0
11589,Chinook-H-LFR-2,0.3809328,1996-05-12,49.5503,-123.24,106.0,51.0
11590,Chinook-H-LFR-2,0.3744366,1996-05-12,49.698,-123.176,105.0,55.0
11591,Chinook-H-LFR-2,0.3744118,1996-05-12,49.698,-123.176,105.0,55.0
11592,Chinook-H-LFR-2,0.3744738,1996-05-12,49.698,-123.176,105.0,55.0
11593,Chinook-H-LFR-2,2.5487814,1997-05-15,49.5503,-123.24,106.0,51.0
11594,Chinook-H-LFR-2,0.3909246,1997-05-15,49.5503,-123.24,106.0,51.0
11595,Chinook-H-LFR-2,2.4345552,1997-05-15,49.5503,-123.24,106.0,51.0
11596,Chinook-H-LFR-2,2.428008,1997-05-15,49.5503,-123.24,106.0,51.0
11597,Chinook-H-LFR-2,0.3976041,1997-05-15,49.5503,-123.24,106.0,51.0
11598,Chinook-H-LFR-2,0.3970002,1997-05-15,49.5503,-123.24,106.0,51.0
11599,Chinook-H-LFR-2,0.4171734,1997-05-15,49.698,-123.176,105.0,55.0
11600,Chinook-H-LFR-2,0.4097835,1997-05-15,49.698,-123.176,105.0,55.0
11601,Chinook-H-LFR-2,0.4110813,1997-05-15,49.698,-123.176,105.0,55.0
11602,Chinook-H-LFR-2,0.2486358,1998-05-18,49.8969,-123.3022,105.0,55.0
11603,Chinook-H-LFR-2,0.0957412,1998-04-08,49.4025,-121.315,136.0,48.0
11604,Chinook-H-LFR-2,0.1991545,1998-04-04,49.7333,-123.1544,105.0,55.0
11605,Chinook-H-LFR-2,1.562535,1998-05-14,49.5503,-123.24,106.0,51.0
11606,Chinook-H-LFR-2,1.5745869,1998-05-14,49.5503,-123.24,106.0,51.0
11607,Chinook-H-LFR-2,1.5604368,1998-05-14,49.5503,-123.24,106.0,51.0
11608,Chinook-H-LFR-2,1.5921549,1998-05-14,49.5503,-123.24,106.0,51.0
11609,Chinook-H-LFR-2,1.563666,1998-05-14,49.5503,-123.24,106.0,51.0
11610,Chinook-H-LFR-2,1.5775027,1998-05-14,49.5503,-123.24,106.0,51.0
11611,Chinook-H-LFR-2,0.419904,1998-05-14,49.698,-123.176,105.0,55.0
11612,Chinook-H-LFR-2,0.4246016,1998-05-14,49.698,-123.176,105.0,55.0
11613,Chinook-H-LFR-2,0.4207296,1998-05-14,49.698,-123.176,105.0,55.0
11614,Chinook-H-LFR-2,2.2089977,1999-04-29,49.5503,-123.24,106.0,51.0
11615,Chinook-H-LFR-2,2.2076782,1999-04-29,49.5503,-123.24,106.0,51.0
11616,Chinook-H-LFR-2,2.50223,1999-05-12,49.5503,-123.24,106.0,51.0
11617,Chinook-H-LFR-2,2.50254,1999-05-12,49.5503,-123.24,106.0,51.0
11618,Chinook-H-LFR-2,2.8874592,1999-05-19,49.5503,-123.24,106.0,51.0
11619,Chinook-H-LFR-2,2.88888,1999-05-19,49.5503,-123.24,106.0,51.0
11620,Chinook-H-LFR-2,4.1365815,2000-05-12,49.5503,-123.24,106.0,51.0
11621,Chinook-H-LFR-2,4.1178096,2000-05-24,49.5503,-123.24,106.0,51.0
11622,Chinook-H-LFR-2,0.2643068,2000-05-24,49.5503,-123.24,106.0,51.0
11623,Chinook-H-LFR-2,10.37727647,2001-05-12,49.5503,-123.24,106.0,51.0
11624,Chinook-H-LFR-2,0.544016,2001-05-23,49.698,-123.176,105.0,55.0
11625,Chinook-H-LFR-2,0.05658011,2002-03-13,49.7794,-123.1775,105.0,55.0
11626,Chinook-H-LFR-2,12.6282994,2002-05-15,49.5503,-123.24,106.0,51.0
11627,Chinook-H-LFR-2,0.9954,2002-05-21,49.698,-123.176,105.0,55.0
11628,Chinook-H-LFR-2,10.1828581,2003-05-09,49.5503,-123.24,106.0,51.0
11629,Chinook-H-LFR-2,0.79388,2003-05-18,49.698,-123.176,105.0,55.0
11630,Chinook-H-LFR-2,4.54975558,2004-05-03,49.5503,-123.24,106.0,51.0
11631,Chinook-H-LFR-2,3.96205854,2004-05-10,49.5503,-123.24,106.0,51.0
11632,Chinook-H-LFR-2,0.2145,2004-04-30,49.698,-123.176,105.0,55.0
11633,Chinook-H-LFR-2,0.27664,2004-05-20,49.698,-123.176,105.0,55.0
11634,Chinook-H-LFR-2,8.6917922,2005-05-05,49.5503,-123.24,106.0,51.0
11635,Chinook-H-LFR-2,0.7775898,2005-05-02,49.698,-123.176,105.0,55.0
11636,Chinook-H-LFR-2,2.78090631,2006-05-05,49.5503,-123.24,106.0,51.0
11637,Chinook-H-LFR-2,2.2121967,2006-05-10,49.5503,-123.24,106.0,51.0
11638,Chinook-H-LFR-2,0.27780337,2006-05-05,49.698,-123.176,105.0,55.0
11639,Chinook-H-LFR-2,0.1783094,2007-04-21,49.7794,-123.1775,105.0,55.0
11640,Chinook-H-LFR-2,0.1785721,2007-04-21,49.7794,-123.1775,105.0,55.0
11641,Chinook-H-LFR-2,0.1787283,2007-04-21,49.7794,-123.1775,105.0,55.0
11642,Chinook-H-LFR-2,0.1669139,2007-04-21,49.7794,-123.1775,105.0,55.0
11643,Chinook-H-LFR-2,2.3671199,2007-04-30,49.5503,-123.24,106.0,51.0
11644,Chinook-H-LFR-2,2.1953655,2007-05-04,49.5503,-123.24,106.0,51.0
11645,Chinook-H-LFR-2,1.6823434,2007-05-04,49.5503,-123.24,106.0,51.0
11646,Chinook-H-LFR-2,1.525846,2007-05-09,49.5503,-123.24,106.0,51.0
11647,Chinook-H-LFR-2,1.526787,2007-04-21,49.698,-123.176,105.0,55.0
11648,Chinook-H-LFR-2,0.0923195,2008-05-02,49.7794,-123.1775,105.0,55.0
11649,Chinook-H-LFR-2,0.2424695,2008-05-02,49.7794,-123.1775,105.0,55.0
11650,Chinook-H-LFR-2,2.0715156,2008-05-07,49.5503,-123.24,106.0,51.0
11651,Chinook-H-LFR-2,2.0090763,2008-05-07,49.5503,-123.24,106.0,51.0
11652,Chinook-H-LFR-2,1.82627082,2008-05-07,49.5503,-123.24,106.0,51.0
11653,Chinook-H-LFR-2,0.6252412,2009-04-29,49.8242,-123.1486,105.0,55.0
11654,Chinook-H-LFR-2,5.8850974,2009-05-12,49.5503,-123.24,106.0,51.0
11655,Chinook-H-LFR-2,0.8882738,2010-04-30,49.8242,-123.1486,105.0,55.0
11656,Chinook-H-LFR-2,6.516848,2010-05-17,49.5503,-123.24,106.0,51.0
11657,Chinook-H-LFR-2,0.45077475,2010-05-10,49.698,-123.176,105.0,55.0
11658,Chinook-H-LFR-2,0.17610628,2011-05-07,49.8242,-123.1486,105.0,55.0
11659,Chinook-H-LFR-2,6.46281846,2011-05-09,49.5503,-123.24,106.0,51.0
11660,Chinook-H-LFR-2,0.0004728,2010-10-28,49.8242,-123.1486,105.0,55.0
11661,Chinook-H-LFR-2,0.50116612,2012-05-15,50.425,-117.3592,,
11662,Chinook-H-LFR-2,0.13728582,2012-05-28,50.1103,-123.3875,105.0,55.0
11663,Chinook-H-LFR-2,0.03697208,2012-07-12,50.1103,-123.3875,105.0,55.0
11664,Chinook-H-LFR-2,8.419092,2012-04-28,49.5503,-123.24,106.0,51.0
11665,Chinook-H-LFR-2,0.44639504,2012-04-05,49.698,-123.176,105.0,55.0
11666,Chinook-H-LFR-2,0.2482722,2013-05-09,49.7794,-123.1775,105.0,55.0
11667,Chinook-H-LFR-2,2.89226328,2013-04-18,49.5503,-123.24,106.0,51.0
11668,Chinook-H-LFR-2,0.12945072,2014-05-20,49.7794,-123.1775,105.0,55.0
11669,Chinook-H-LFR-2,1.0973534,2014-05-16,49.8242,-123.1486,105.0,55.0
11670,Chinook-H-LFR-2,0.00037296,2015-05-12,49.8969,-123.3022,105.0,55.0
11671,Chinook-H-LFR-2,0.165212,2015-05-27,49.7794,-123.1775,105.0,55.0
11672,Chinook-H-LFR-2,0.12712044,2015-05-27,49.7794,-123.1775,105.0,55.0
11673,Chinook-H-LFR-2,0.06086971,2015-02-13,49.7794,-123.1775,105.0,55.0
11674,Chinook-H-LFR-2,0.0061104,2015-05-05,49.7794,-123.1775,105.0,55.0
11675,Chinook-H-LFR-2,0.0016137,2014-12-28,49.8242,-123.1486,105.0,55.0
11676,Chinook-H-LFR-2,0.0010528,2015-05-11,49.7333,-123.1544,105.0,55.0
11677,Chinook-H-LFR-2,0.0299519,2015-02-12,49.7333,-123.1544,105.0,55.0
11678,Chinook-H-LFR-2,0.0014817,2015-05-08,50.0683,-123.3433,105.0,55.0
11679,Chinook-H-LFR-2,0.03608928,2015-02-11,50.0683,-123.3433,105.0,55.0
11680,Chinook-H-LFR-2,0.051504,2016-02-15,49.7794,-123.1775,105.0,55.0
11681,Chinook-H-LFR-2,0.00148618,2016-01-08,49.8242,-123.1486,105.0,55.0
11682,Chinook-H-LFR-2,0.02259929,2016-02-15,49.7333,-123.1544,105.0,55.0
11683,Chinook-H-LFR-2,0.01972,2016-02-15,50.0683,-123.3433,105.0,55.0
12196,Chinook-H-LFR-2,0.249855,1999-05-20,49.3233,-122.9103,115.0,41.0
12197,Chinook-H-LFR-2,0.1512,2000-05-23,49.3233,-122.9103,115.0,41.0
12198,Chinook-H-LFR-2,0.099265,2001-05-10,49.3233,-122.9103,115.0,41.0
12199,Chinook-H-LFR-2,0.083268,2002-05-07,49.3233,-122.9103,115.0,41.0
12446,Chinook-H-LFR-2,0.05572,1983-06-13,49.0972,-121.9639,136.0,48.0
12486,Chinook-H-LFR-2,0.00947385,1991-06-11,49.7794,-123.1775,105.0,55.0
12487,Chinook-H-LFR-2,0.142804,1999-06-06,49.7794,-123.1775,105.0,55.0
13252,Chinook-H-LFR-2,2.25,1999-05-15,49.0689,-122.8231,134.0,38.0
14873,Chinook-H-LFR-2,0.0306,1997-06-21,49.225,-122.805,130.0,42.0
14874,Chinook-H-LFR-2,0.15,1998-06-25,49.225,-122.805,130.0,42.0
14875,Chinook-H-LFR-2,0.0403092,1999-06-22,49.225,-122.805,130.0,42.0
14876,Chinook-H-LFR-2,0.039,2000-06-24,49.225,-122.805,130.0,42.0
14877,Chinook-H-LFR-2,0.174,2001-05-15,49.225,-122.805,130.0,42.0
14878,Chinook-H-LFR-2,0.139386,2002-06-15,49.225,-122.805,130.0,42.0
14879,Chinook-H-LFR-2,0.0264,2003-06-10,49.225,-122.805,130.0,42.0
14880,Chinook-H-LFR-2,0.0208488,2004-06-04,49.2265,-122.8056,130.0,42.0
14881,Chinook-H-LFR-2,0.460098,2005-05-10,49.225,-122.805,130.0,42.0
14882,Chinook-H-LFR-2,0.45,2006-05-02,49.225,-122.805,130.0,42.0
14883,Chinook-H-LFR-2,0.19,2006-06-08,49.225,-122.805,130.0,42.0
14884,Chinook-H-LFR-2,0.3,2007-05-01,49.225,-122.805,130.0,42.0
14885,Chinook-H-LFR-2,0.1496,2007-06-04,49.225,-122.805,130.0,42.0
14886,Chinook-H-LFR-2,0.9,2008-05-01,49.225,-122.805,130.0,42.0
14887,Chinook-H-LFR-2,0.18,2008-06-03,49.225,-122.805,130.0,42.0
14888,Chinook-H-LFR-2,0.17,2009-06-24,49.225,-122.805,130.0,42.0
14889,Chinook-H-LFR-2,0.73767808,2009-05-04,49.225,-122.805,130.0,42.0
14890,Chinook-H-LFR-2,0.9,2010-05-05,49.225,-122.805,130.0,42.0
14891,Chinook-H-LFR-2,0.14985,2010-07-01,49.225,-122.805,130.0,42.0
14892,Chinook-H-LFR-2,0.075,2011-06-30,49.225,-122.805,130.0,42.0
14893,Chinook-H-LFR-2,0.18603882,2011-04-28,49.225,-122.805,130.0,42.0
14894,Chinook-H-LFR-2,0.07068,2012-06-27,49.225,-122.805,130.0,42.0
14895,Chinook-H-LFR-2,0.09424,2014-06-18,49.225,-122.805,130.0,42.0
14896,Chinook-H-LFR-2,0.1177725,2015-06-18,49.225,-122.805,130.0,42.0
15258,Chinook-H-LFR-2,0.235746,1993-05-27,49.2922,-122.8733,115.0,41.0
15259,Chinook-H-LFR-2,0.41551808,1994-05-17,49.2922,-122.8733,115.0,41.0
15260,Chinook-H-LFR-2,0.231,1995-05-15,49.2922,-122.8733,115.0,41.0
15262,Chinook-H-LFR-2,0.1246552,1996-05-21,49.3,-122.875,115.0,41.0
15263,Chinook-H-LFR-2,0.1648,1997-05-14,49.3,-122.875,115.0,41.0
15264,Chinook-H-LFR-2,0.235225,1998-05-13,49.3,-122.875,115.0,41.0
15265,Chinook-H-LFR-2,0.12,1999-05-20,49.3,-122.875,115.0,41.0
15266,Chinook-H-LFR-2,0.095395,2000-05-23,49.3,-122.875,115.0,41.0
15267,Chinook-H-LFR-2,0.099685,2001-05-10,49.3,-122.875,115.0,41.0
15268,Chinook-H-LFR-2,0.091215,2002-05-13,49.3,-122.875,115.0,41.0
15269,Chinook-H-LFR-2,0.078,2003-05-05,49.3,-122.875,115.0,41.0
15270,Chinook-H-LFR-2,0.1118544,2004-05-12,49.3,-122.875,115.0,41.0
15271,Chinook-H-LFR-2,0.1,2005-05-19,49.3,-122.875,115.0,41.0
15272,Chinook-H-LFR-2,0.076,2006-04-15,49.3,-122.875,115.0,41.0
15273,Chinook-H-LFR-2,0.0897,2007-05-04,49.3,-122.875,115.0,41.0
15274,Chinook-H-LFR-2,0.10497375,2008-05-08,49.3,-122.875,115.0,41.0
15275,Chinook-H-LFR-2,0.10514214,2009-05-11,49.3,-122.875,115.0,41.0
15276,Chinook-H-LFR-2,0.1151712,2010-05-10,49.3,-122.875,115.0,41.0
15277,Chinook-H-LFR-2,0.10966803,2011-05-09,49.3,-122.875,115.0,41.0
15278,Chinook-H-LFR-2,0.1217292,2013-05-10,49.3,-122.875,115.0,41.0
15279,Chinook-H-LFR-2,0.0897435,2014-05-08,49.3,-122.875,115.0,41.0
15280,Chinook-H-LFR-2,0.10255896,2015-05-06,49.3,-122.875,115.0,41.0
15328,Chinook-H-LFR-2,0.0585,1987-06-16,48.8078,-123.6967,111.0,7.0
15329,Chinook-H-LFR-2,0.048475,1988-06-01,48.8078,-123.6967,111.0,7.0
15330,Chinook-H-LFR-2,0.045,1989-06-23,48.8078,-123.6967,111.0,7.0
15331,Chinook-H-LFR-2,0.2546,1990-05-26,49.3811,-122.865,115.0,41.0
15334,Chinook-H-LFR-2,0.003,1993-02-25,48.8078,-123.6967,111.0,7.0
15335,Chinook-H-LFR-2,0.003,1994-03-15,48.8078,-123.6967,111.0,7.0
15338,Chinook-H-LFR-2,0.147,1997-06-02,49.3811,-122.865,115.0,41.0
15339,Chinook-H-LFR-2,0.029484,1998-05-13,48.8078,-123.6967,111.0,7.0
15340,Chinook-H-LFR-2,0.2744,1999-06-09,49.3811,-122.865,115.0,41.0
15341,Chinook-H-LFR-2,0.007221,2001-06-25,48.8078,-123.6967,111.0,7.0
15342,Chinook-H-LFR-2,0.039,2002-05-31,48.8078,-123.6967,111.0,7.0
15399,Chinook-H-LFR-2,0.018,1998-06-05,49.225,-122.805,130.0,42.0
15400,Chinook-H-LFR-2,0.01085,1999-05-28,49.225,-122.805,130.0,42.0
15401,Chinook-H-LFR-2,0.03675,2000-05-15,49.225,-122.805,130.0,42.0
15402,Chinook-H-LFR-2,0.1425,2002-06-15,49.225,-122.805,130.0,42.0
15403,Chinook-H-LFR-2,0.07875,2003-05-18,49.225,-122.805,130.0,42.0
15404,Chinook-H-LFR-2,0.076,2004-05-15,49.225,-122.805,130.0,42.0
15405,Chinook-H-LFR-2,0.08,2005-05-01,49.225,-122.805,130.0,42.0
15821,Chinook-H-LFR-2,0.2125,1985-07-01,49.1717,-122.4236,136.0,48.0
15822,Chinook-H-LFR-2,0.11,1983-06-15,49.1717,-122.4236,136.0,48.0
15823,Chinook-H-LFR-2,0.0878085,1984-06-29,49.1717,-122.4236,136.0,48.0
15824,Chinook-H-LFR-2,0.17509337,1984-07-13,49.1717,-122.4236,136.0,48.0
15977,Chinook-H-LFR-2,0.018,1990-05-04,49.0958,-122.6861,134.0,38.0
15978,Chinook-H-LFR-2,0.05,1991-05-15,49.0958,-122.6861,134.0,38.0
15979,Chinook-H-LFR-2,0.056,1992-05-06,49.0581,-122.8694,134.0,38.0
15980,Chinook-H-LFR-2,0.0425,1993-05-14,49.0581,-122.8694,134.0,38.0
15981,Chinook-H-LFR-2,0.018,1994-05-25,49.0581,-122.8694,134.0,38.0
15982,Chinook-H-LFR-2,0.17,1995-05-01,49.0581,-122.8694,134.0,38.0
15983,Chinook-H-LFR-2,0.032,2000-04-15,49.0581,-122.8694,134.0,38.0
15984,Chinook-H-LFR-2,0.075,1996-05-08,49.0581,-122.8694,134.0,38.0
15985,Chinook-H-LFR-2,3.325,1998-05-15,49.0972,-121.9639,136.0,48.0
15986,Chinook-H-LFR-2,0.09,1998-04-30,49.0581,-122.8694,134.0,38.0
15987,Chinook-H-LFR-2,0.027,1999-04-01,49.0581,-122.8694,134.0,38.0
16090,Chinook-H-LFR-2,0.15,1992-06-03,49.3831,-123.3272,109.0,40.0
16091,Chinook-H-LFR-2,0.14,1993-06-06,49.3831,-123.3272,109.0,40.0
16092,Chinook-H-LFR-2,0.10045,1995-05-31,49.3831,-123.3272,109.0,40.0
16093,Chinook-H-LFR-2,0.06,1996-04-15,49.3856,-123.3431,109.0,40.0
16238,Chinook-H-LFR-2,0.5436056,2007-05-29,49.7619,-124.5667,44.0,28.0
16240,Chinook-H-LFR-2,0.456,2009-05-30,49.7619,-124.5667,44.0,28.0
16241,Chinook-H-LFR-2,0.282887949,2010-05-15,49.7619,-124.5667,44.0,28.0
16242,Chinook-H-LFR-2,0.565775899,2011-04-15,49.7619,-124.5667,44.0,28.0
16628,Chinook-H-LFR-2,0.1155,1995-05-15,49.2986,-123.0853,115.0,41.0
16630,Chinook-H-LFR-2,0.208,1997-05-14,49.2986,-123.0853,115.0,41.0
16631,Chinook-H-LFR-2,0.234175,1998-05-14,49.2986,-123.0853,115.0,41.0
16632,Chinook-H-LFR-2,0.168,1999-05-20,49.2986,-123.0853,115.0,41.0
16633,Chinook-H-LFR-2,0.095305,2000-05-23,49.2986,-123.0853,115.0,41.0
16634,Chinook-H-LFR-2,0.099425,2001-05-10,49.2986,-123.0853,115.0,41.0
16635,Chinook-H-LFR-2,0.0679422,2002-05-13,49.2986,-123.0853,115.0,41.0
16636,Chinook-H-LFR-2,0.08,2003-05-05,49.2986,-123.0853,115.0,41.0
16637,Chinook-H-LFR-2,0.13986,2004-06-15,49.2986,-123.0853,115.0,41.0
16638,Chinook-H-LFR-2,0.1,2005-05-19,49.2986,-123.0853,115.0,41.0
16639,Chinook-H-LFR-2,0.076,2006-05-05,49.2986,-123.0853,115.0,41.0
16640,Chinook-H-LFR-2,0.09009,2007-05-04,49.2986,-123.0853,115.0,41.0
16641,Chinook-H-LFR-2,0.10857828,2008-05-08,49.2986,-123.0853,115.0,41.0
16642,Chinook-H-LFR-2,0.10147,2009-05-11,49.2986,-123.0853,115.0,41.0
16643,Chinook-H-LFR-2,0.103075,2010-05-15,49.2986,-123.0853,115.0,41.0
16644,Chinook-H-LFR-2,0.10947846,2011-05-09,49.2986,-123.0853,115.0,41.0
16645,Chinook-H-LFR-2,0.10522512,2012-05-11,49.2986,-123.0853,115.0,41.0
16646,Chinook-H-LFR-2,0.1133568,2013-05-10,49.2986,-123.0853,115.0,41.0
16647,Chinook-H-LFR-2,0.148077697,2014-05-08,49.2986,-123.0853,115.0,41.0
16648,Chinook-H-LFR-2,0.0967963,2015-05-06,49.3,-122.875,115.0,41.0
16781,Chinook-H-LFR-2,0.1565,2000-05-16,49.8969,-123.3022,105.0,55.0
16782,Chinook-H-LFR-2,0.1565,2000-05-16,49.8969,-123.3022,105.0,55.0
16783,Chinook-H-LFR-2,0.1565,2001-05-16,49.8969,-123.3022,105.0,55.0
16784,Chinook-H-LFR-2,0.1565,2002-05-16,49.8969,-123.3022,105.0,55.0
16785,Chinook-H-LFR-2,0.1565,2003-05-16,49.8969,-123.3022,105.0,55.0
16786,Chinook-H-LFR-2,0.0939,2004-05-31,49.8969,-123.3022,105.0,55.0
16787,Chinook-H-LFR-2,0.047,2005-03-31,49.8969,-123.3022,105.0,55.0
16788,Chinook-H-LFR-2,0.047,2006-03-31,49.8969,-123.3022,105.0,55.0
16789,Chinook-H-LFR-2,0.047,2007-03-31,49.8969,-123.3022,105.0,55.0
19433,Chinook-H-LFR-2,0.0721875,1984-09-21,49.36,-123.28,109.0,40.0
19434,Chinook-H-LFR-2,0.283557,1986-04-03,49.36,-123.28,109.0,40.0
19435,Chinook-H-LFR-2,0.953316,1986-04-02,49.36,-123.28,109.0,40.0
19436,Chinook-H-LFR-2,0.2533785,1986-04-03,49.36,-123.28,109.0,40.0
19437,Chinook-H-LFR-2,0.00044785,1986-07-08,49.36,-123.28,109.0,40.0
19438,Chinook-H-LFR-2,0.2255082,1986-07-23,49.36,-123.28,109.0,40.0
19439,Chinook-H-LFR-2,0.912625,1987-04-09,49.36,-123.28,109.0,40.0
19442,Chinook-H-LFR-2,0.34818916,1987-08-18,49.36,-123.28,109.0,40.0
19447,Chinook-H-LFR-2,0.0535716,1988-07-19,49.36,-123.28,109.0,40.0
19449,Chinook-H-LFR-2,0.0917664,1989-07-21,49.36,-123.28,109.0,40.0
19450,Chinook-H-LFR-2,0.0911565,1989-07-14,49.36,-123.28,109.0,40.0
19452,Chinook-H-LFR-2,0.1225584,1990-07-13,49.36,-123.28,109.0,40.0
19453,Chinook-H-LFR-2,0.143388,1990-07-23,49.36,-123.28,109.0,40.0
19455,Chinook-H-LFR-2,0.200122,1991-07-16,49.36,-123.28,109.0,40.0
19456,Chinook-H-LFR-2,0.2013388,1991-07-16,49.36,-123.28,109.0,40.0
19457,Chinook-H-LFR-2,1.096375,1993-05-13,49.36,-123.28,109.0,40.0
19458,Chinook-H-LFR-2,0.649572,1993-05-13,49.36,-123.28,109.0,40.0
19459,Chinook-H-LFR-2,0.055769,1992-06-11,49.36,-123.28,109.0,40.0
19460,Chinook-H-LFR-2,0.1929397,1992-06-25,49.36,-123.28,109.0,40.0
19461,Chinook-H-LFR-2,0.1944437,1992-06-25,49.36,-123.28,109.0,40.0
19464,Chinook-H-LFR-2,0.173955,1993-05-13,49.36,-123.28,109.0,40.0
19465,Chinook-H-LFR-2,1.0706472,1995-04-27,49.36,-123.28,109.0,40.0
19466,Chinook-H-LFR-2,0.472466,1994-06-13,49.36,-123.28,109.0,40.0
19467,Chinook-H-LFR-2,0.4723477,1995-07-04,49.36,-123.28,109.0,40.0
19468,Chinook-H-LFR-2,0.5717226,1996-04-18,49.36,-123.28,109.0,40.0
19469,Chinook-H-LFR-2,0.92642057,1996-05-25,49.36,-123.28,109.0,40.0
19470,Chinook-H-LFR-2,0.152076,1996-06-11,49.36,-123.28,109.0,40.0
19471,Chinook-H-LFR-2,0.9029791,1997-05-29,49.36,-123.28,109.0,40.0
19473,Chinook-H-LFR-2,1.2802917,1999-05-06,49.36,-123.28,109.0,40.0
19474,Chinook-H-LFR-2,0.78736693,2000-05-15,49.36,-123.28,109.0,40.0
19475,Chinook-H-LFR-2,1.49307,2001-05-18,49.36,-123.28,109.0,40.0
19476,Chinook-H-LFR-2,1.153552,2002-05-31,49.36,-123.28,109.0,40.0
19477,Chinook-H-LFR-2,1.12372998,2003-05-30,49.36,-123.28,109.0,40.0
19478,Chinook-H-LFR-2,1.184784,2004-05-25,49.36,-123.28,109.0,40.0
19479,Chinook-H-LFR-2,1.007258,2005-05-23,49.36,-123.28,109.0,40.0
19480,Chinook-H-LFR-2,0.9174809,2006-05-16,49.36,-123.28,109.0,40.0
19481,Chinook-H-LFR-2,0.916698,2007-05-28,49.36,-123.28,109.0,40.0
19482,Chinook-H-LFR-2,0.52281506,2008-06-03,49.36,-123.28,109.0,40.0
19483,Chinook-H-LFR-2,0.4684776,2009-05-29,49.36,-123.28,109.0,40.0
19484,Chinook-H-LFR-2,0.525,2010-05-20,49.36,-123.28,109.0,40.0
19485,Chinook-H-LFR-2,0.49601573,2011-04-15,49.36,-123.28,109.0,40.0
19486,Chinook-H-LFR-2,0.575148,2012-06-12,49.36,-123.28,109.0,40.0
19488,Chinook-H-LFR-2,0.3209528,2013-05-08,49.36,-123.28,109.0,40.0
19716,Chinook-H-LFR-2,0.665,1993-05-15,50.30644,-122.607011,136.0,48.0
19717,Chinook-H-LFR-2,0.36225,1994-04-14,50.30644,-122.607011,136.0,48.0
19718,Chinook-H-LFR-2,0.654752,1995-04-14,50.30644,-122.607011,136.0,48.0
19758,Chinook-H-LFR-2,0.01294128,2006-05-15,49.0987,-121.5575,136.0,48.0
19792,Chinook-H-LFR-2,0.06475,1998-04-08,49.8198,-123.1513,105.0,55.0
19793,Chinook-H-LFR-2,0.0601341,2002-12-06,49.77814,-123.171922,105.0,55.0
19794,Chinook-H-LFR-2,0.0121056,2007-03-28,49.8198,-123.1513,105.0,55.0
20127,Chinook-H-LFR-2,0.0305,1999-05-16,49.0987,-121.5575,136.0,48.0
20128,Chinook-H-LFR-2,0.0305,2000-03-31,49.0987,-121.5575,136.0,48.0
20129,Chinook-H-LFR-2,0.0305,2001-03-31,49.0987,-121.5575,136.0,48.0
20130,Chinook-H-LFR-2,0.0305,2002-03-31,49.0987,-121.5575,136.0,48.0
20131,Chinook-H-LFR-2,0.0305,2003-03-31,49.0987,-121.5575,136.0,48.0
20132,Chinook-H-LFR-2,0.0305,2004-03-31,49.0987,-121.5575,136.0,48.0
20133,Chinook-H-LFR-2,0.0155,2005-03-31,49.0987,-121.5575,136.0,48.0
20134,Chinook-H-LFR-2,0.0155,2006-03-31,49.0987,-121.5575,136.0,48.0
20135,Chinook-H-LFR-2,0.0155,2007-03-31,49.0987,-121.5575,136.0,48.0
20156,Chinook-H-LFR-2,0.003125,2005-03-31,49.77814,-123.171922,105.0,55.0
20157,Chinook-H-LFR-2,0.003125,2006-03-31,49.77814,-123.171922,105.0,55.0
20184,Chinook-H-LFR-2,0.047,2005-03-31,49.77814,-123.171922,105.0,55.0
20185,Chinook-H-LFR-2,0.047,2006-03-31,49.77814,-123.171922,105.0,55.0
20241,Chinook-H-LFR-2,0.034375,1991-05-16,49.117062,-123.19111,124.0,35.0
20242,Chinook-H-LFR-2,0.034375,1992-05-16,49.117062,-123.19111,124.0,35.0
20243,Chinook-H-LFR-2,0.034375,1993-05-16,49.117062,-123.19111,124.0,35.0
20244,Chinook-H-LFR-2,0.034375,1994-05-16,49.117062,-123.19111,124.0,35.0
20245,Chinook-H-LFR-2,0.034375,1995-05-16,49.117062,-123.19111,124.0,35.0
20246,Chinook-H-LFR-2,0.034375,1996-05-16,49.117062,-123.19111,124.0,35.0
20247,Chinook-H-LFR-2,0.034375,1997-05-16,49.117062,-123.19111,124.0,35.0
20248,Chinook-H-LFR-2,0.034375,1998-05-16,49.117062,-123.19111,124.0,35.0
20249,Chinook-H-LFR-2,0.034375,1999-05-16,49.117062,-123.19111,124.0,35.0
20250,Chinook-H-LFR-2,0.034375,2000-05-16,49.117062,-123.19111,124.0,35.0
20251,Chinook-H-LFR-2,0.034375,2001-05-16,49.117062,-123.19111,124.0,35.0
20252,Chinook-H-LFR-2,0.0345,2002-05-16,49.117062,-123.19111,124.0,35.0
20253,Chinook-H-LFR-2,0.0345,2003-05-16,49.117062,-123.19111,124.0,35.0
20254,Chinook-H-LFR-2,0.0207,2004-05-31,49.117062,-123.19111,124.0,35.0
20255,Chinook-H-LFR-2,0.020625,2005-05-31,49.117062,-123.19111,124.0,35.0
20256,Chinook-H-LFR-2,0.020625,2006-05-31,49.117062,-123.19111,124.0,35.0
20257,Chinook-H-LFR-2,0.020625,2007-05-31,49.117062,-123.19111,124.0,35.0
20258,Chinook-H-LFR-2,0.020625,2008-05-31,49.117062,-123.19111,124.0,35.0
20265,Chinook-H-LFR-2,0.00625,2005-03-31,49.77814,-123.171922,105.0,55.0
20266,Chinook-H-LFR-2,0.00625,2006-03-31,49.77814,-123.171922,105.0,55.0
20267,Chinook-H-LFR-2,0.00625,2007-03-31,49.77814,-123.171922,105.0,55.0
20268,Chinook-H-LFR-2,0.2,2008-03-31,49.77814,-123.171922,105.0,55.0
20546,Chinook-H-LFR-2,0.24,2005-05-31,,,136.0,48.0
20547,Chinook-H-LFR-2,0.24,2006-05-31,,,136.0,48.0
20548,Chinook-H-LFR-2,0.341428571,2007-05-31,,,136.0,48.0
20576,Chinook-H-LFR-2,0.00625,2005-03-31,,,136.0,48.0
20577,Chinook-H-LFR-2,0.125,2006-03-31,,,136.0,48.0
20578,Chinook-H-LFR-2,0.125,2007-03-31,,,136.0,48.0
20587,Chinook-H-LFR-2,0.012,1996-05-16,,,136.0,48.0
20588,Chinook-H-LFR-2,0.012,1997-05-16,,,136.0,48.0
20589,Chinook-H-LFR-2,0.012,1998-05-16,,,136.0,48.0
20590,Chinook-H-LFR-2,0.012,1999-05-16,,,136.0,48.0
20591,Chinook-H-LFR-2,0.012,2000-05-16,,,136.0,48.0
20592,Chinook-H-LFR-2,0.012,2001-05-16,,,136.0,48.0
20593,Chinook-H-LFR-2,0.012,2002-05-16,,,136.0,48.0
20594,Chinook-H-LFR-2,0.012,2003-05-16,,,136.0,48.0
20595,Chinook-H-LFR-2,0.0072,2004-05-31,,,136.0,48.0
20596,Chinook-H-LFR-2,0.0072,2005-05-31,,,136.0,48.0
20597,Chinook-H-LFR-2,0.0072,2006-05-31,,,136.0,48.0
20598,Chinook-H-LFR-2,0.0072,2007-05-31,,,136.0,48.0
20599,Chinook-H-LFR-2,0.0072,2008-05-31,,,136.0,48.0
20613,Chinook-H-LFR-2,0.01,1996-05-16,,,136.0,48.0
20614,Chinook-H-LFR-2,0.01,1997-05-16,,,136.0,48.0
20615,Chinook-H-LFR-2,0.01,1998-05-16,,,136.0,48.0
20616,Chinook-H-LFR-2,0.047,1999-05-16,,,136.0,48.0
20617,Chinook-H-LFR-2,0.047,2000-05-16,,,136.0,48.0
20618,Chinook-H-LFR-2,0.047,2001-05-16,,,136.0,48.0
20619,Chinook-H-LFR-2,0.047,2002-05-16,,,136.0,48.0
20620,Chinook-H-LFR-2,0.047,2003-05-16,,,136.0,48.0
20621,Chinook-H-LFR-2,0.0282,2004-05-31,,,136.0,48.0
20622,Chinook-H-LFR-2,0.0282,2005-05-31,,,136.0,48.0
20623,Chinook-H-LFR-2,0.0282,2006-05-31,,,136.0,48.0
20624,Chinook-H-LFR-2,0.0282,2007-05-31,,,136.0,48.0
20625,Chinook-H-LFR-2,0.0282,2008-05-31,,,136.0,48.0
20626,Chinook-H-LFR-2,0.0375,1993-03-31,,,136.0,48.0
20627,Chinook-H-LFR-2,0.0375,1994-03-31,,,136.0,48.0
20628,Chinook-H-LFR-2,0.0375,1995-03-31,,,136.0,48.0
20629,Chinook-H-LFR-2,0.0375,1996-03-31,,,136.0,48.0
20630,Chinook-H-LFR-2,0.0375,1997-03-31,,,136.0,48.0
20631,Chinook-H-LFR-2,0.0375,1998-03-31,,,136.0,48.0
20632,Chinook-H-LFR-2,0.0375,1999-03-31,,,136.0,48.0
20633,Chinook-H-LFR-2,0.3375,2000-03-31,,,136.0,48.0
20634,Chinook-H-LFR-2,0.3375,2001-03-31,,,136.0,48.0
20635,Chinook-H-LFR-2,0.3375,2002-03-31,,,136.0,48.0
20636,Chinook-H-LFR-2,0.3375,2003-03-31,,,136.0,48.0
20637,Chinook-H-LFR-2,0.3375,2004-03-31,,,136.0,48.0
20638,Chinook-H-LFR-2,0.3375,2005-03-31,,,136.0,48.0
20639,Chinook-H-LFR-2,0.3375,2006-03-31,,,136.0,48.0
20640,Chinook-H-LFR-2,0.3375,2007-03-31,,,136.0,48.0
20689,Chinook-H-LFR-2,0.006,2005-05-31,,,136.0,48.0
20690,Chinook-H-LFR-2,0.006,2006-05-31,,,136.0,48.0
20691,Chinook-H-LFR-2,0.006,2007-05-31,,,136.0,48.0
20692,Chinook-H-LFR-2,0.006,2008-05-31,,,136.0,48.0
20709,Chinook-H-LFR-2,0.00325,2002-05-16,,,136.0,48.0
20710,Chinook-H-LFR-2,0.00325,2003-05-16,,,136.0,48.0
20711,Chinook-H-LFR-2,0.00195,2004-05-31,,,136.0,48.0
20712,Chinook-H-LFR-2,0.00195,2005-05-31,,,136.0,48.0
20713,Chinook-H-LFR-2,0.00195,2006-05-31,,,136.0,48.0
20714,Chinook-H-LFR-2,0.0065,2007-05-31,,,136.0,48.0
20715,Chinook-H-LFR-2,0.00195,2008-05-31,,,136.0,48.0
20741,Chinook-H-LFR-2,0.01,1994-05-16,,,136.0,48.0
20742,Chinook-H-LFR-2,0.01,1995-05-16,,,136.0,48.0
20743,Chinook-H-LFR-2,0.01,1996-05-16,,,136.0,48.0
20744,Chinook-H-LFR-2,0.01,1997-05-16,,,136.0,48.0
20745,Chinook-H-LFR-2,0.01,1998-05-16,,,136.0,48.0
20746,Chinook-H-LFR-2,0.01,1999-05-16,,,136.0,48.0
20747,Chinook-H-LFR-2,0.01,2000-05-16,,,136.0,48.0
20748,Chinook-H-LFR-2,0.01,2001-05-16,,,136.0,48.0
20749,Chinook-H-LFR-2,0.01,2002-05-16,,,136.0,48.0
20750,Chinook-H-LFR-2,0.01,2003-05-16,,,136.0,48.0
20751,Chinook-H-LFR-2,0.006,2004-05-31,,,136.0,48.0
20752,Chinook-H-LFR-2,0.006,2005-05-31,,,136.0,48.0
20753,Chinook-H-LFR-2,0.006,2006-05-31,,,136.0,48.0
20754,Chinook-H-LFR-2,0.006,2007-05-31,,,136.0,48.0
20755,Chinook-H-LFR-2,0.006,2008-05-31,,,136.0,48.0
20956,Chinook-H-LFR-2,0.012,1989-05-16,,,136.0,48.0
20957,Chinook-H-LFR-2,0.012,1990-05-16,,,136.0,48.0
20958,Chinook-H-LFR-2,0.012,1991-05-16,,,136.0,48.0
20959,Chinook-H-LFR-2,0.012,1992-05-16,,,136.0,48.0
20960,Chinook-H-LFR-2,0.012,1993-05-16,,,136.0,48.0
20961,Chinook-H-LFR-2,0.012,1994-05-16,,,136.0,48.0
20962,Chinook-H-LFR-2,0.012,1995-05-16,,,136.0,48.0
20963,Chinook-H-LFR-2,0.012,1996-05-16,,,136.0,48.0
20964,Chinook-H-LFR-2,0.012,1997-05-16,,,136.0,48.0
20965,Chinook-H-LFR-2,0.012,1998-05-16,,,136.0,48.0
20966,Chinook-H-LFR-2,0.012,1999-05-16,,,136.0,48.0
20967,Chinook-H-LFR-2,0.012,2000-05-16,,,136.0,48.0
20968,Chinook-H-LFR-2,0.012,2001-05-16,,,136.0,48.0
20969,Chinook-H-LFR-2,0.012,2002-05-16,,,136.0,48.0
20970,Chinook-H-LFR-2,0.012,2003-05-16,,,136.0,48.0
20971,Chinook-H-LFR-2,0.0072,2004-05-31,,,136.0,48.0
20972,Chinook-H-LFR-2,0.0072,2005-05-31,,,136.0,48.0
20973,Chinook-H-LFR-2,0.0072,2006-05-31,,,136.0,48.0
20974,Chinook-H-LFR-2,0.0072,2007-05-31,,,136.0,48.0
20975,Chinook-H-LFR-2,0.0072,2008-05-31,,,136.0,48.0
21227,Chinook-H-LFR-2,0.01,1996-04-15,,,104.0,55.0
21228,Chinook-H-LFR-2,0.01,1997-04-15,,,104.0,55.0
21229,Chinook-H-LFR-2,0.01,1998-04-15,,,104.0,55.0
21230,Chinook-H-LFR-2,0.01,1999-04-15,,,104.0,55.0
21231,Chinook-H-LFR-2,0.01,2000-04-15,,,104.0,55.0
21232,Chinook-H-LFR-2,0.01,2001-04-15,,,104.0,55.0
21233,Chinook-H-LFR-2,0.01,2002-05-16,,,104.0,55.0
21234,Chinook-H-LFR-2,0.01,2003-05-16,,,104.0,55.0
21235,Chinook-H-LFR-2,0.006,2004-05-31,,,104.0,55.0
21236,Chinook-H-LFR-2,0.0625,2005-03-31,,,104.0,55.0
21237,Chinook-H-LFR-2,0.0625,2006-03-31,,,104.0,55.0
21255,Chinook-H-LFR-2,0.1875,2005-05-31,,,104.0,55.0
21256,Chinook-H-LFR-2,0.1875,2006-05-31,,,104.0,55.0
21257,Chinook-H-LFR-2,0.1875,2007-05-31,,,104.0,55.0
21258,Chinook-H-LFR-2,0.213,2008-05-31,,,104.0,55.0
21440,Chinook-H-LFR-2,0.00625,2005-03-31,,,136.0,48.0
21441,Chinook-H-LFR-2,0.00625,2006-03-31,,,136.0,48.0
