,YEAR,TIMESTEP,CHIN_H_MT_KM2,COHO_H_MT_KM2,CHUM_H_MT_KM2,SOCKEYE_H_MT_KM2,PINK_H_MT_KM2
0,1950.0,1.0,0.0,0.0,0.0,0.0,0.0
1,1950.0,2.0,0.0,0.0,0.0,0.0,0.0
2,1950.0,3.0,0.0,0.0,0.0,0.0,0.0
3,1950.0,4.0,0.0,0.0,0.0,0.0,0.0
4,1950.0,5.0,0.0,0.0,0.0,0.0,0.0
5,1950.0,6.0,0.0,0.0,0.0,0.0,0.0
6,1950.0,7.0,0.0,0.0,0.0,0.0,0.0
7,1950.0,8.0,0.0,0.0,0.0,0.0,0.0
8,1950.0,9.0,0.0,0.0,0.0,0.0,0.0
9,1950.0,10.0,0.0,0.0,0.0,0.0,0.0
10,1950.0,11.0,0.0,0.0,0.0,0.0,0.0
11,1951.0,12.0,0.0,0.0,0.0,0.0,0.0
12,1951.0,13.0,0.0,0.0,0.0,0.0,0.0
13,1951.0,14.0,0.0,0.0,0.0,0.0,0.0
14,1951.0,15.0,0.0,0.0,0.0,0.0,0.0
15,1951.0,16.0,0.0,0.0,0.0,0.0,0.0
16,1951.0,17.0,0.0,0.0,0.0,0.0,0.0
17,1951.0,18.0,0.0,0.0,0.0,0.0,0.0
18,1951.0,19.0,0.0,0.0,0.0,0.0,0.0
19,1951.0,20.0,0.0,0.0,0.0,0.0,0.0
20,1951.0,21.0,0.0,0.0,0.0,0.0,0.0
21,1951.0,22.0,0.0,0.0,0.0,0.0,0.0
22,1951.0,23.0,0.0,0.0,0.0,0.0,0.0
23,1952.0,24.0,0.0,0.0,0.0,0.0,0.0
24,1952.0,25.0,0.0,0.0,0.0,0.0,0.0
25,1952.0,26.0,0.0,0.0,0.0,0.0,0.0
26,1952.0,27.0,0.0,0.0,0.0,0.0,0.0
27,1952.0,28.0,0.0,0.0,0.0,0.0,0.0
28,1952.0,29.0,0.0,0.0,0.0,0.0,0.0
29,1952.0,30.0,0.0,0.0,0.0,0.0,0.0
30,1952.0,31.0,0.0,0.0,0.0,0.0,0.0
31,1952.0,32.0,0.0,0.0,0.0,0.0,0.0
32,1952.0,33.0,0.0,0.0,0.0,0.0,0.0
33,1952.0,34.0,0.0,0.0,0.0,0.0,0.0
34,1952.0,35.0,0.0,0.0,0.0,0.0,0.0
35,1953.0,36.0,0.0,0.0,0.0,0.0,0.0
36,1953.0,37.0,0.0,0.0,0.0,0.0,0.0
37,1953.0,38.0,0.0,0.0,0.0,0.0,0.0
38,1953.0,39.0,0.0,0.0,0.0,0.0,0.0
39,1953.0,40.0,0.0,0.0,0.0,0.0,0.0
40,1953.0,41.0,0.0,0.0,0.0,0.0,0.0
41,1953.0,42.0,0.0,0.0,0.0,0.0,0.0
42,1953.0,43.0,0.0,0.0,0.0,0.0,0.0
43,1953.0,44.0,0.0,0.0,0.0,0.0,0.0
44,1953.0,45.0,0.0,0.0,0.0,0.0,0.0
45,1953.0,46.0,0.0,0.0,0.0,0.0,0.0
46,1953.0,47.0,0.0,0.0,0.0,0.0,0.0
47,1954.0,48.0,0.0,0.0,0.0,0.0,0.0
48,1954.0,49.0,0.0,0.0,0.0,0.0,0.0
49,1954.0,50.0,0.0,0.0,0.0,0.0,0.0
50,1954.0,51.0,0.0,0.0,0.0,0.0,0.0
51,1954.0,52.0,0.0,0.0,0.0,0.0,0.0
52,1954.0,53.0,0.0,0.0,0.0,0.0,0.0
53,1954.0,54.0,0.0,0.0,0.0,0.0,0.0
54,1954.0,55.0,0.0,0.0,0.0,0.0,0.0
55,1954.0,56.0,0.0,0.0,0.0,0.0,0.0
56,1954.0,57.0,0.0,0.0,0.0,0.0,0.0
57,1954.0,58.0,0.0,0.0,0.0,0.0,0.0
58,1954.0,59.0,0.0,0.0,0.0,0.0,0.0
59,1955.0,60.0,0.0,0.0,0.0,0.0,0.0
60,1955.0,61.0,0.0,0.0,0.0,0.0,0.0
61,1955.0,62.0,0.0,0.0,0.0,0.0,0.0
62,1955.0,63.0,0.0,0.0,0.0,0.0,0.0
63,1955.0,64.0,0.0,0.0,0.0,0.0,0.0
64,1955.0,65.0,0.0,0.0,0.0,0.0,0.0
65,1955.0,66.0,0.0,0.0,0.0,0.0,0.0
66,1955.0,67.0,0.0,0.0,0.0,0.0,0.0
67,1955.0,68.0,0.0,0.0,0.0,0.0,0.0
68,1955.0,69.0,0.0,0.0,0.0,0.0,0.0
69,1955.0,70.0,0.0,0.0,0.0,0.0,0.0
70,1955.0,71.0,0.0,0.0,0.0,0.0,0.0
71,1956.0,72.0,0.0,0.0,0.0,0.0,0.0
72,1956.0,73.0,0.0,0.0,0.0,0.0,0.0
73,1956.0,74.0,0.0,0.0,0.0,0.0,0.0
74,1956.0,75.0,0.0,0.0,0.0,0.0,0.0
75,1956.0,76.0,0.0,0.0,0.0,0.0,0.0
76,1956.0,77.0,0.0,0.0,0.0,0.0,0.0
77,1956.0,78.0,0.0,0.0,0.0,0.0,0.0
78,1956.0,79.0,0.0,0.0,0.0,0.0,0.0
79,1956.0,80.0,0.0,0.0,0.0,0.0,0.0
80,1956.0,81.0,0.0,0.0,0.0,0.0,0.0
81,1956.0,82.0,0.0,0.0,0.0,0.0,0.0
82,1956.0,83.0,0.0,0.0,0.0,0.0,0.0
83,1957.0,84.0,0.0,0.0,0.0,0.0,0.0
84,1957.0,85.0,0.0,0.0,0.0,0.0,0.0
85,1957.0,86.0,0.0,0.0,0.0,0.0,0.0
86,1957.0,87.0,0.0,0.0,0.0,0.0,0.0
87,1957.0,88.0,0.0,0.0,0.0,0.0,0.0
88,1957.0,89.0,0.0,0.0,0.0,0.0,0.0
89,1957.0,90.0,0.0,0.0,0.0,0.0,0.0
90,1957.0,91.0,0.0,0.0,0.0,0.0,0.0
91,1957.0,92.0,0.0,0.0,0.0,0.0,0.0
92,1957.0,93.0,0.0,0.0,0.0,0.0,0.0
93,1957.0,94.0,0.0,0.0,0.0,0.0,0.0
94,1957.0,95.0,0.0,0.0,0.0,0.0,0.0
95,1958.0,96.0,0.0,0.0,0.0,0.0,0.0
96,1958.0,97.0,0.0,0.0,0.0,0.0,0.0
97,1958.0,98.0,0.0,0.0,0.0,0.0,0.0
98,1958.0,99.0,0.0,0.0,0.0,0.0,0.0
99,1958.0,100.0,0.0,0.0,0.0,0.0,0.0
100,1958.0,101.0,0.0,0.0,0.0,0.0,0.0
101,1958.0,102.0,0.0,0.0,0.0,0.0,0.0
102,1958.0,103.0,0.0,0.0,0.0,0.0,0.0
103,1958.0,104.0,0.0,0.0,0.0,0.0,0.0
104,1958.0,105.0,0.0,0.0,0.0,0.0,0.0
105,1958.0,106.0,0.0,0.0,0.0,0.0,0.0
106,1958.0,107.0,0.0,0.0,0.0,0.0,0.0
107,1959.0,108.0,0.0,0.0,0.0,0.0,0.0
108,1959.0,109.0,0.0,0.0,0.0,0.0,0.0
109,1959.0,110.0,0.0,0.0,0.0,0.0,0.0
110,1959.0,111.0,0.0,0.0,0.0,0.0,0.0
111,1959.0,112.0,0.0,0.0,0.0,0.0,0.0
112,1959.0,113.0,0.0,0.0,0.0,0.0,0.0
113,1959.0,114.0,0.0,0.0,0.0,0.0,0.0
114,1959.0,115.0,0.0,0.0,0.0,0.0,0.0
115,1959.0,116.0,0.0,0.0,0.0,0.0,0.0
116,1959.0,117.0,0.0,0.0,0.0,0.0,0.0
117,1959.0,118.0,0.0,0.0,0.0,0.0,0.0
118,1959.0,119.0,0.0,0.0,0.0,0.0,0.0
119,1960.0,120.0,0.0,0.0,0.0,0.0,0.0
120,1960.0,121.0,0.0,0.0,0.0,0.0,0.0
121,1960.0,122.0,0.0,0.0,0.0,0.0,0.0
122,1960.0,123.0,0.0,0.0,0.0,0.0,0.0
123,1960.0,124.0,0.0,0.0,0.0,0.0,0.0
124,1960.0,125.0,0.0,0.0,0.0,0.0,0.0
125,1960.0,126.0,0.0,0.0,0.0,0.0,0.0
126,1960.0,127.0,0.0,0.0,0.0,0.0,0.0
127,1960.0,128.0,0.0,0.0,0.0,0.0,0.0
128,1960.0,129.0,0.0,0.0,0.0,0.0,0.0
129,1960.0,130.0,0.0,0.0,0.0,0.0,0.0
130,1960.0,131.0,0.0,0.0,0.0,0.0,0.0
131,1961.0,132.0,0.0,0.0,1.4166666666666668e-05,0.0,0.0
132,1961.0,133.0,0.0,0.0,1.4166666666666668e-05,0.0,0.0
133,1961.0,134.0,0.0,0.0,1.4166666666666668e-05,0.0,0.0
134,1961.0,135.0,0.0,0.0,1.4166666666666668e-05,0.0,0.0
135,1961.0,136.0,0.0,0.0,1.4166666666666668e-05,0.0,0.0
136,1961.0,137.0,0.0,0.0,1.4166666666666668e-05,0.0,0.0
137,1961.0,138.0,0.0,0.0,1.4166666666666668e-05,0.0,0.0
138,1961.0,139.0,0.0,0.0,1.4166666666666668e-05,0.0,0.0
139,1961.0,140.0,0.0,0.0,1.4166666666666668e-05,0.0,0.0
140,1961.0,141.0,0.0,0.0,1.4166666666666668e-05,0.0,0.0
141,1961.0,142.0,0.0,0.0,1.4166666666666668e-05,0.0,0.0
142,1961.0,143.0,0.0,0.0,1.4166666666666668e-05,0.0,0.0
143,1962.0,144.0,0.0,0.0,1.5e-05,0.0,1.0833333333333335e-05
144,1962.0,145.0,0.0,0.0,1.5e-05,0.0,1.0833333333333335e-05
145,1962.0,146.0,0.0,0.0,1.5e-05,0.0,1.0833333333333335e-05
146,1962.0,147.0,0.0,0.0,1.5e-05,0.0,1.0833333333333335e-05
147,1962.0,148.0,0.0,0.0,1.5e-05,0.0,1.0833333333333335e-05
148,1962.0,149.0,0.0,0.0,1.5e-05,0.0,1.0833333333333335e-05
149,1962.0,150.0,0.0,0.0,1.5e-05,0.0,1.0833333333333335e-05
150,1962.0,151.0,0.0,0.0,1.5e-05,0.0,1.0833333333333335e-05
151,1962.0,152.0,0.0,0.0,1.5e-05,0.0,1.0833333333333335e-05
152,1962.0,153.0,0.0,0.0,1.5e-05,0.0,1.0833333333333335e-05
153,1962.0,154.0,0.0,0.0,1.5e-05,0.0,1.0833333333333335e-05
154,1962.0,155.0,0.0,0.0,1.5e-05,0.0,1.0833333333333335e-05
155,1963.0,156.0,0.0,0.0,2.0833333333333333e-05,0.0,0.0
156,1963.0,157.0,0.0,0.0,2.0833333333333333e-05,0.0,0.0
157,1963.0,158.0,0.0,0.0,2.0833333333333333e-05,0.0,0.0
158,1963.0,159.0,0.0,0.0,2.0833333333333333e-05,0.0,0.0
159,1963.0,160.0,0.0,0.0,2.0833333333333333e-05,0.0,0.0
160,1963.0,161.0,0.0,0.0,2.0833333333333333e-05,0.0,0.0
161,1963.0,162.0,0.0,0.0,2.0833333333333333e-05,0.0,0.0
162,1963.0,163.0,0.0,0.0,2.0833333333333333e-05,0.0,0.0
163,1963.0,164.0,0.0,0.0,2.0833333333333333e-05,0.0,0.0
164,1963.0,165.0,0.0,0.0,2.0833333333333333e-05,0.0,0.0
165,1963.0,166.0,0.0,0.0,2.0833333333333333e-05,0.0,0.0
166,1963.0,167.0,0.0,0.0,2.0833333333333333e-05,0.0,0.0
167,1964.0,168.0,0.0,0.0,6.416666666666668e-05,2.5e-06,1.0833333333333335e-05
168,1964.0,169.0,0.0,0.0,6.416666666666668e-05,2.5e-06,1.0833333333333335e-05
169,1964.0,170.0,0.0,0.0,6.416666666666668e-05,2.5e-06,1.0833333333333335e-05
170,1964.0,171.0,0.0,0.0,6.416666666666668e-05,2.5e-06,1.0833333333333335e-05
171,1964.0,172.0,0.0,0.0,6.416666666666668e-05,2.5e-06,1.0833333333333335e-05
172,1964.0,173.0,0.0,0.0,6.416666666666668e-05,2.5e-06,1.0833333333333335e-05
173,1964.0,174.0,0.0,0.0,6.416666666666668e-05,2.5e-06,1.0833333333333335e-05
174,1964.0,175.0,0.0,0.0,6.416666666666668e-05,2.5e-06,1.0833333333333335e-05
175,1964.0,176.0,0.0,0.0,6.416666666666668e-05,2.5e-06,1.0833333333333335e-05
176,1964.0,177.0,0.0,0.0,6.416666666666668e-05,2.5e-06,1.0833333333333335e-05
177,1964.0,178.0,0.0,0.0,6.416666666666668e-05,2.5e-06,1.0833333333333335e-05
178,1964.0,179.0,0.0,0.0,6.416666666666668e-05,2.5e-06,1.0833333333333335e-05
179,1965.0,180.0,0.0,0.0,4.6666666666666665e-05,3.3333333333333337e-06,0.0
180,1965.0,181.0,0.0,0.0,4.6666666666666665e-05,3.3333333333333337e-06,0.0
181,1965.0,182.0,0.0,0.0,4.6666666666666665e-05,3.3333333333333337e-06,0.0
182,1965.0,183.0,0.0,0.0,4.6666666666666665e-05,3.3333333333333337e-06,0.0
183,1965.0,184.0,0.0,0.0,4.6666666666666665e-05,3.3333333333333337e-06,0.0
184,1965.0,185.0,0.0,0.0,4.6666666666666665e-05,3.3333333333333337e-06,0.0
185,1965.0,186.0,0.0,0.0,4.6666666666666665e-05,3.3333333333333337e-06,0.0
186,1965.0,187.0,0.0,0.0,4.6666666666666665e-05,3.3333333333333337e-06,0.0
187,1965.0,188.0,0.0,0.0,4.6666666666666665e-05,3.3333333333333337e-06,0.0
188,1965.0,189.0,0.0,0.0,4.6666666666666665e-05,3.3333333333333337e-06,0.0
189,1965.0,190.0,0.0,0.0,4.6666666666666665e-05,3.3333333333333337e-06,0.0
190,1965.0,191.0,0.0,0.0,4.6666666666666665e-05,3.3333333333333337e-06,0.0
191,1966.0,192.0,0.0,0.0,3.0833333333333335e-05,1.0833333333333332e-05,1e-05
192,1966.0,193.0,0.0,0.0,3.0833333333333335e-05,1.0833333333333332e-05,1e-05
193,1966.0,194.0,0.0,0.0,3.0833333333333335e-05,1.0833333333333332e-05,1e-05
194,1966.0,195.0,0.0,0.0,3.0833333333333335e-05,1.0833333333333332e-05,1e-05
195,1966.0,196.0,0.0,0.0,3.0833333333333335e-05,1.0833333333333332e-05,1e-05
196,1966.0,197.0,0.0,0.0,3.0833333333333335e-05,1.0833333333333332e-05,1e-05
197,1966.0,198.0,0.0,0.0,3.0833333333333335e-05,1.0833333333333332e-05,1e-05
198,1966.0,199.0,0.0,0.0,3.0833333333333335e-05,1.0833333333333332e-05,1e-05
199,1966.0,200.0,0.0,0.0,3.0833333333333335e-05,1.0833333333333332e-05,1e-05
200,1966.0,201.0,0.0,0.0,3.0833333333333335e-05,1.0833333333333332e-05,1e-05
201,1966.0,202.0,0.0,0.0,3.0833333333333335e-05,1.0833333333333332e-05,1e-05
202,1966.0,203.0,0.0,0.0,3.0833333333333335e-05,1.0833333333333332e-05,1e-05
203,1967.0,204.0,0.0,0.0,5.750000000000001e-05,1.5833333333333333e-05,0.0
204,1967.0,205.0,0.0,0.0,5.750000000000001e-05,1.5833333333333333e-05,0.0
205,1967.0,206.0,0.0,0.0,5.750000000000001e-05,1.5833333333333333e-05,0.0
206,1967.0,207.0,0.0,0.0,5.750000000000001e-05,1.5833333333333333e-05,0.0
207,1967.0,208.0,0.0,0.0,5.750000000000001e-05,1.5833333333333333e-05,0.0
208,1967.0,209.0,0.0,0.0,5.750000000000001e-05,1.5833333333333333e-05,0.0
209,1967.0,210.0,0.0,0.0,5.750000000000001e-05,1.5833333333333333e-05,0.0
210,1967.0,211.0,0.0,0.0,5.750000000000001e-05,1.5833333333333333e-05,0.0
211,1967.0,212.0,0.0,0.0,5.750000000000001e-05,1.5833333333333333e-05,0.0
212,1967.0,213.0,0.0,0.0,5.750000000000001e-05,1.5833333333333333e-05,0.0
213,1967.0,214.0,0.0,0.0,5.750000000000001e-05,1.5833333333333333e-05,0.0
214,1967.0,215.0,0.0,0.0,5.750000000000001e-05,1.5833333333333333e-05,0.0
215,1968.0,216.0,1.3333333333333335e-05,1.6666666666666669e-06,9.083333333333334e-05,8.333333333333334e-06,2.8333333333333335e-05
216,1968.0,217.0,1.3333333333333335e-05,1.6666666666666669e-06,9.083333333333334e-05,8.333333333333334e-06,2.8333333333333335e-05
217,1968.0,218.0,1.3333333333333335e-05,1.6666666666666669e-06,9.083333333333334e-05,8.333333333333334e-06,2.8333333333333335e-05
218,1968.0,219.0,1.3333333333333335e-05,1.6666666666666669e-06,9.083333333333334e-05,8.333333333333334e-06,2.8333333333333335e-05
219,1968.0,220.0,1.3333333333333335e-05,1.6666666666666669e-06,9.083333333333334e-05,8.333333333333334e-06,2.8333333333333335e-05
220,1968.0,221.0,1.3333333333333335e-05,1.6666666666666669e-06,9.083333333333334e-05,8.333333333333334e-06,2.8333333333333335e-05
221,1968.0,222.0,1.3333333333333335e-05,1.6666666666666669e-06,9.083333333333334e-05,8.333333333333334e-06,2.8333333333333335e-05
222,1968.0,223.0,1.3333333333333335e-05,1.6666666666666669e-06,9.083333333333334e-05,8.333333333333334e-06,2.8333333333333335e-05
223,1968.0,224.0,1.3333333333333335e-05,1.6666666666666669e-06,9.083333333333334e-05,8.333333333333334e-06,2.8333333333333335e-05
224,1968.0,225.0,1.3333333333333335e-05,1.6666666666666669e-06,9.083333333333334e-05,8.333333333333334e-06,2.8333333333333335e-05
225,1968.0,226.0,1.3333333333333335e-05,1.6666666666666669e-06,9.083333333333334e-05,8.333333333333334e-06,2.8333333333333335e-05
226,1968.0,227.0,1.3333333333333335e-05,1.6666666666666669e-06,9.083333333333334e-05,8.333333333333334e-06,2.8333333333333335e-05
227,1969.0,228.0,2.8333333333333335e-05,0.0,0.00017583333333333332,1.3333333333333332e-05,0.0
228,1969.0,229.0,2.8333333333333335e-05,0.0,0.00017583333333333332,1.3333333333333332e-05,0.0
229,1969.0,230.0,2.8333333333333335e-05,0.0,0.00017583333333333332,1.3333333333333332e-05,0.0
230,1969.0,231.0,2.8333333333333335e-05,0.0,0.00017583333333333332,1.3333333333333332e-05,0.0
231,1969.0,232.0,2.8333333333333335e-05,0.0,0.00017583333333333332,1.3333333333333332e-05,0.0
232,1969.0,233.0,2.8333333333333335e-05,0.0,0.00017583333333333332,1.3333333333333332e-05,0.0
233,1969.0,234.0,2.8333333333333335e-05,0.0,0.00017583333333333332,1.3333333333333332e-05,0.0
234,1969.0,235.0,2.8333333333333335e-05,0.0,0.00017583333333333332,1.3333333333333332e-05,0.0
235,1969.0,236.0,2.8333333333333335e-05,0.0,0.00017583333333333332,1.3333333333333332e-05,0.0
236,1969.0,237.0,2.8333333333333335e-05,0.0,0.00017583333333333332,1.3333333333333332e-05,0.0
237,1969.0,238.0,2.8333333333333335e-05,0.0,0.00017583333333333332,1.3333333333333332e-05,0.0
238,1969.0,239.0,2.8333333333333335e-05,0.0,0.00017583333333333332,1.3333333333333332e-05,0.0
239,1970.0,240.0,5e-06,5.833333333333333e-05,0.00020416666666666665,3.8333333333333334e-05,3.0833333333333335e-05
240,1970.0,241.0,5e-06,5.833333333333333e-05,0.00020416666666666665,3.8333333333333334e-05,3.0833333333333335e-05
241,1970.0,242.0,5e-06,5.833333333333333e-05,0.00020416666666666665,3.8333333333333334e-05,3.0833333333333335e-05
242,1970.0,243.0,5e-06,5.833333333333333e-05,0.00020416666666666665,3.8333333333333334e-05,3.0833333333333335e-05
243,1970.0,244.0,5e-06,5.833333333333333e-05,0.00020416666666666665,3.8333333333333334e-05,3.0833333333333335e-05
244,1970.0,245.0,5e-06,5.833333333333333e-05,0.00020416666666666665,3.8333333333333334e-05,3.0833333333333335e-05
245,1970.0,246.0,5e-06,5.833333333333333e-05,0.00020416666666666665,3.8333333333333334e-05,3.0833333333333335e-05
246,1970.0,247.0,5e-06,5.833333333333333e-05,0.00020416666666666665,3.8333333333333334e-05,3.0833333333333335e-05
247,1970.0,248.0,5e-06,5.833333333333333e-05,0.00020416666666666665,3.8333333333333334e-05,3.0833333333333335e-05
248,1970.0,249.0,5e-06,5.833333333333333e-05,0.00020416666666666665,3.8333333333333334e-05,3.0833333333333335e-05
249,1970.0,250.0,5e-06,5.833333333333333e-05,0.00020416666666666665,3.8333333333333334e-05,3.0833333333333335e-05
250,1970.0,251.0,5e-06,5.833333333333333e-05,0.00020416666666666665,3.8333333333333334e-05,3.0833333333333335e-05
251,1971.0,252.0,2.8333333333333332e-05,9.666666666666667e-05,0.00013083333333333333,1.1666666666666666e-05,0.0
252,1971.0,253.0,2.8333333333333332e-05,9.666666666666667e-05,0.00013083333333333333,1.1666666666666666e-05,0.0
253,1971.0,254.0,2.8333333333333332e-05,9.666666666666667e-05,0.00013083333333333333,1.1666666666666666e-05,0.0
254,1971.0,255.0,2.8333333333333332e-05,9.666666666666667e-05,0.00013083333333333333,1.1666666666666666e-05,0.0
255,1971.0,256.0,2.8333333333333332e-05,9.666666666666667e-05,0.00013083333333333333,1.1666666666666666e-05,0.0
256,1971.0,257.0,2.8333333333333332e-05,9.666666666666667e-05,0.00013083333333333333,1.1666666666666666e-05,0.0
257,1971.0,258.0,2.8333333333333332e-05,9.666666666666667e-05,0.00013083333333333333,1.1666666666666666e-05,0.0
258,1971.0,259.0,2.8333333333333332e-05,9.666666666666667e-05,0.00013083333333333333,1.1666666666666666e-05,0.0
259,1971.0,260.0,2.8333333333333332e-05,9.666666666666667e-05,0.00013083333333333333,1.1666666666666666e-05,0.0
260,1971.0,261.0,2.8333333333333332e-05,9.666666666666667e-05,0.00013083333333333333,1.1666666666666666e-05,0.0
261,1971.0,262.0,2.8333333333333332e-05,9.666666666666667e-05,0.00013083333333333333,1.1666666666666666e-05,0.0
262,1971.0,263.0,2.8333333333333332e-05,9.666666666666667e-05,0.00013083333333333333,1.1666666666666666e-05,0.0
263,1972.0,264.0,4.666666666666667e-05,0.00014583333333333335,0.00010333333333333333,8.333333333333334e-06,4.333333333333334e-05
264,1972.0,265.0,4.666666666666667e-05,0.00014583333333333335,0.00010333333333333333,8.333333333333334e-06,4.333333333333334e-05
265,1972.0,266.0,4.666666666666667e-05,0.00014583333333333335,0.00010333333333333333,8.333333333333334e-06,4.333333333333334e-05
266,1972.0,267.0,4.666666666666667e-05,0.00014583333333333335,0.00010333333333333333,8.333333333333334e-06,4.333333333333334e-05
267,1972.0,268.0,4.666666666666667e-05,0.00014583333333333335,0.00010333333333333333,8.333333333333334e-06,4.333333333333334e-05
268,1972.0,269.0,4.666666666666667e-05,0.00014583333333333335,0.00010333333333333333,8.333333333333334e-06,4.333333333333334e-05
269,1972.0,270.0,4.666666666666667e-05,0.00014583333333333335,0.00010333333333333333,8.333333333333334e-06,4.333333333333334e-05
270,1972.0,271.0,4.666666666666667e-05,0.00014583333333333335,0.00010333333333333333,8.333333333333334e-06,4.333333333333334e-05
271,1972.0,272.0,4.666666666666667e-05,0.00014583333333333335,0.00010333333333333333,8.333333333333334e-06,4.333333333333334e-05
272,1972.0,273.0,4.666666666666667e-05,0.00014583333333333335,0.00010333333333333333,8.333333333333334e-06,4.333333333333334e-05
273,1972.0,274.0,4.666666666666667e-05,0.00014583333333333335,0.00010333333333333333,8.333333333333334e-06,4.333333333333334e-05
274,1972.0,275.0,4.666666666666667e-05,0.00014583333333333335,0.00010333333333333333,8.333333333333334e-06,4.333333333333334e-05
275,1973.0,276.0,4.333333333333334e-05,8.5e-05,0.00015416666666666666,2.5833333333333332e-05,0.0
276,1973.0,277.0,4.333333333333334e-05,8.5e-05,0.00015416666666666666,2.5833333333333332e-05,0.0
277,1973.0,278.0,4.333333333333334e-05,8.5e-05,0.00015416666666666666,2.5833333333333332e-05,0.0
278,1973.0,279.0,4.333333333333334e-05,8.5e-05,0.00015416666666666666,2.5833333333333332e-05,0.0
279,1973.0,280.0,4.333333333333334e-05,8.5e-05,0.00015416666666666666,2.5833333333333332e-05,0.0
280,1973.0,281.0,4.333333333333334e-05,8.5e-05,0.00015416666666666666,2.5833333333333332e-05,0.0
281,1973.0,282.0,4.333333333333334e-05,8.5e-05,0.00015416666666666666,2.5833333333333332e-05,0.0
282,1973.0,283.0,4.333333333333334e-05,8.5e-05,0.00015416666666666666,2.5833333333333332e-05,0.0
283,1973.0,284.0,4.333333333333334e-05,8.5e-05,0.00015416666666666666,2.5833333333333332e-05,0.0
284,1973.0,285.0,4.333333333333334e-05,8.5e-05,0.00015416666666666666,2.5833333333333332e-05,0.0
285,1973.0,286.0,4.333333333333334e-05,8.5e-05,0.00015416666666666666,2.5833333333333332e-05,0.0
286,1973.0,287.0,4.333333333333334e-05,8.5e-05,0.00015416666666666666,2.5833333333333332e-05,0.0
287,1974.0,288.0,3.75e-05,6.666666666666667e-05,0.00016,4.916666666666667e-05,5.083333333333334e-05
288,1974.0,289.0,3.75e-05,6.666666666666667e-05,0.00016,4.916666666666667e-05,5.083333333333334e-05
289,1974.0,290.0,3.75e-05,6.666666666666667e-05,0.00016,4.916666666666667e-05,5.083333333333334e-05
290,1974.0,291.0,3.75e-05,6.666666666666667e-05,0.00016,4.916666666666667e-05,5.083333333333334e-05
291,1974.0,292.0,3.75e-05,6.666666666666667e-05,0.00016,4.916666666666667e-05,5.083333333333334e-05
292,1974.0,293.0,3.75e-05,6.666666666666667e-05,0.00016,4.916666666666667e-05,5.083333333333334e-05
293,1974.0,294.0,3.75e-05,6.666666666666667e-05,0.00016,4.916666666666667e-05,5.083333333333334e-05
294,1974.0,295.0,3.75e-05,6.666666666666667e-05,0.00016,4.916666666666667e-05,5.083333333333334e-05
295,1974.0,296.0,3.75e-05,6.666666666666667e-05,0.00016,4.916666666666667e-05,5.083333333333334e-05
296,1974.0,297.0,3.75e-05,6.666666666666667e-05,0.00016,4.916666666666667e-05,5.083333333333334e-05
297,1974.0,298.0,3.75e-05,6.666666666666667e-05,0.00016,4.916666666666667e-05,5.083333333333334e-05
298,1974.0,299.0,3.75e-05,6.666666666666667e-05,0.00016,4.916666666666667e-05,5.083333333333334e-05
299,1975.0,300.0,1.3333333333333332e-05,0.000135,0.00019083333333333333,4.25e-05,0.0
300,1975.0,301.0,1.3333333333333332e-05,0.000135,0.00019083333333333333,4.25e-05,0.0
301,1975.0,302.0,1.3333333333333332e-05,0.000135,0.00019083333333333333,4.25e-05,0.0
302,1975.0,303.0,1.3333333333333332e-05,0.000135,0.00019083333333333333,4.25e-05,0.0
303,1975.0,304.0,1.3333333333333332e-05,0.000135,0.00019083333333333333,4.25e-05,0.0
304,1975.0,305.0,1.3333333333333332e-05,0.000135,0.00019083333333333333,4.25e-05,0.0
305,1975.0,306.0,1.3333333333333332e-05,0.000135,0.00019083333333333333,4.25e-05,0.0
306,1975.0,307.0,1.3333333333333332e-05,0.000135,0.00019083333333333333,4.25e-05,0.0
307,1975.0,308.0,1.3333333333333332e-05,0.000135,0.00019083333333333333,4.25e-05,0.0
308,1975.0,309.0,1.3333333333333332e-05,0.000135,0.00019083333333333333,4.25e-05,0.0
309,1975.0,310.0,1.3333333333333332e-05,0.000135,0.00019083333333333333,4.25e-05,0.0
310,1975.0,311.0,1.3333333333333332e-05,0.000135,0.00019083333333333333,4.25e-05,0.0
311,1976.0,312.0,7.666666666666667e-05,9.999999999999999e-05,0.0001683333333333333,4.5e-05,5.7499999999999995e-05
312,1976.0,313.0,7.666666666666667e-05,9.999999999999999e-05,0.0001683333333333333,4.5e-05,5.7499999999999995e-05
313,1976.0,314.0,7.666666666666667e-05,9.999999999999999e-05,0.0001683333333333333,4.5e-05,5.7499999999999995e-05
314,1976.0,315.0,7.666666666666667e-05,9.999999999999999e-05,0.0001683333333333333,4.5e-05,5.7499999999999995e-05
315,1976.0,316.0,7.666666666666667e-05,9.999999999999999e-05,0.0001683333333333333,4.5e-05,5.7499999999999995e-05
316,1976.0,317.0,7.666666666666667e-05,9.999999999999999e-05,0.0001683333333333333,4.5e-05,5.7499999999999995e-05
317,1976.0,318.0,7.666666666666667e-05,9.999999999999999e-05,0.0001683333333333333,4.5e-05,5.7499999999999995e-05
318,1976.0,319.0,7.666666666666667e-05,9.999999999999999e-05,0.0001683333333333333,4.5e-05,5.7499999999999995e-05
319,1976.0,320.0,7.666666666666667e-05,9.999999999999999e-05,0.0001683333333333333,4.5e-05,5.7499999999999995e-05
320,1976.0,321.0,7.666666666666667e-05,9.999999999999999e-05,0.0001683333333333333,4.5e-05,5.7499999999999995e-05
321,1976.0,322.0,7.666666666666667e-05,9.999999999999999e-05,0.0001683333333333333,4.5e-05,5.7499999999999995e-05
322,1976.0,323.0,7.666666666666667e-05,9.999999999999999e-05,0.0001683333333333333,4.5e-05,5.7499999999999995e-05
323,1977.0,324.0,9.75e-05,0.00030333333333333335,0.00016333333333333334,7.75e-05,0.0
324,1977.0,325.0,9.75e-05,0.00030333333333333335,0.00016333333333333334,7.75e-05,0.0
325,1977.0,326.0,9.75e-05,0.00030333333333333335,0.00016333333333333334,7.75e-05,0.0
326,1977.0,327.0,9.75e-05,0.00030333333333333335,0.00016333333333333334,7.75e-05,0.0
327,1977.0,328.0,9.75e-05,0.00030333333333333335,0.00016333333333333334,7.75e-05,0.0
328,1977.0,329.0,9.75e-05,0.00030333333333333335,0.00016333333333333334,7.75e-05,0.0
329,1977.0,330.0,9.75e-05,0.00030333333333333335,0.00016333333333333334,7.75e-05,0.0
330,1977.0,331.0,9.75e-05,0.00030333333333333335,0.00016333333333333334,7.75e-05,0.0
331,1977.0,332.0,9.75e-05,0.00030333333333333335,0.00016333333333333334,7.75e-05,0.0
332,1977.0,333.0,9.75e-05,0.00030333333333333335,0.00016333333333333334,7.75e-05,0.0
333,1977.0,334.0,9.75e-05,0.00030333333333333335,0.00016333333333333334,7.75e-05,0.0
334,1977.0,335.0,9.75e-05,0.00030333333333333335,0.00016333333333333334,7.75e-05,0.0
335,1978.0,336.0,0.00021083333333333335,0.0003691666666666667,0.00014000000000000001,4.0833333333333334e-05,6.916666666666666e-05
336,1978.0,337.0,0.00021083333333333335,0.0003691666666666667,0.00014000000000000001,4.0833333333333334e-05,6.916666666666666e-05
337,1978.0,338.0,0.00021083333333333335,0.0003691666666666667,0.00014000000000000001,4.0833333333333334e-05,6.916666666666666e-05
338,1978.0,339.0,0.00021083333333333335,0.0003691666666666667,0.00014000000000000001,4.0833333333333334e-05,6.916666666666666e-05
339,1978.0,340.0,0.00021083333333333335,0.0003691666666666667,0.00014000000000000001,4.0833333333333334e-05,6.916666666666666e-05
340,1978.0,341.0,0.00021083333333333335,0.0003691666666666667,0.00014000000000000001,4.0833333333333334e-05,6.916666666666666e-05
341,1978.0,342.0,0.00021083333333333335,0.0003691666666666667,0.00014000000000000001,4.0833333333333334e-05,6.916666666666666e-05
342,1978.0,343.0,0.00021083333333333335,0.0003691666666666667,0.00014000000000000001,4.0833333333333334e-05,6.916666666666666e-05
343,1978.0,344.0,0.00021083333333333335,0.0003691666666666667,0.00014000000000000001,4.0833333333333334e-05,6.916666666666666e-05
344,1978.0,345.0,0.00021083333333333335,0.0003691666666666667,0.00014000000000000001,4.0833333333333334e-05,6.916666666666666e-05
345,1978.0,346.0,0.00021083333333333335,0.0003691666666666667,0.00014000000000000001,4.0833333333333334e-05,6.916666666666666e-05
346,1978.0,347.0,0.00021083333333333335,0.0003691666666666667,0.00014000000000000001,4.0833333333333334e-05,6.916666666666666e-05
347,1979.0,348.0,0.0001646153846153846,0.00024461538461538463,0.0001323076923076923,4.538461538461539e-05,0.0
348,1979.0,349.0,0.0001646153846153846,0.00024461538461538463,0.0001323076923076923,4.538461538461539e-05,0.0
349,1979.0,350.0,0.0001646153846153846,0.00024461538461538463,0.0001323076923076923,4.538461538461539e-05,0.0
350,1979.0,351.0,0.0001646153846153846,0.00024461538461538463,0.0001323076923076923,4.538461538461539e-05,0.0
351,1979.0,352.0,0.0001646153846153846,0.00024461538461538463,0.0001323076923076923,4.538461538461539e-05,0.0
352,1979.0,353.0,0.0001646153846153846,0.00024461538461538463,0.0001323076923076923,4.538461538461539e-05,0.0
353,1979.0,354.0,0.0001646153846153846,0.00024461538461538463,0.0001323076923076923,4.538461538461539e-05,0.0
354,1979.0,355.0,0.0001646153846153846,0.00024461538461538463,0.0001323076923076923,4.538461538461539e-05,0.0
355,1979.0,356.0,0.0001646153846153846,0.00024461538461538463,0.0001323076923076923,4.538461538461539e-05,0.0
356,1979.0,357.0,0.0001646153846153846,0.00024461538461538463,0.0001323076923076923,4.538461538461539e-05,0.0
357,1979.0,358.0,0.0001646153846153846,0.00024461538461538463,0.0001323076923076923,4.538461538461539e-05,0.0
358,1979.0,359.0,0.0001646153846153846,0.00024461538461538463,0.0001323076923076923,4.538461538461539e-05,0.0
359,1979.0,360.0,0.0001646153846153846,0.00024461538461538463,0.0001323076923076923,4.538461538461539e-05,0.0
360,1980.0,360.0,0.0002953846153846154,0.0006246153846153847,0.00021384615384615385,4.9230769230769225e-05,5.3076923076923076e-05
361,1980.0,361.0,0.0002953846153846154,0.0006246153846153847,0.00021384615384615385,4.9230769230769225e-05,5.3076923076923076e-05
362,1980.0,362.0,0.0002953846153846154,0.0006246153846153847,0.00021384615384615385,4.9230769230769225e-05,5.3076923076923076e-05
363,1980.0,363.0,0.0002953846153846154,0.0006246153846153847,0.00021384615384615385,4.9230769230769225e-05,5.3076923076923076e-05
364,1980.0,364.0,0.0002953846153846154,0.0006246153846153847,0.00021384615384615385,4.9230769230769225e-05,5.3076923076923076e-05
365,1980.0,365.0,0.0002953846153846154,0.0006246153846153847,0.00021384615384615385,4.9230769230769225e-05,5.3076923076923076e-05
366,1980.0,366.0,0.0002953846153846154,0.0006246153846153847,0.00021384615384615385,4.9230769230769225e-05,5.3076923076923076e-05
367,1980.0,367.0,0.0002953846153846154,0.0006246153846153847,0.00021384615384615385,4.9230769230769225e-05,5.3076923076923076e-05
368,1980.0,368.0,0.0002953846153846154,0.0006246153846153847,0.00021384615384615385,4.9230769230769225e-05,5.3076923076923076e-05
369,1980.0,369.0,0.0002953846153846154,0.0006246153846153847,0.00021384615384615385,4.9230769230769225e-05,5.3076923076923076e-05
370,1980.0,370.0,0.0002953846153846154,0.0006246153846153847,0.00021384615384615385,4.9230769230769225e-05,5.3076923076923076e-05
371,1980.0,371.0,0.0002953846153846154,0.0006246153846153847,0.00021384615384615385,4.9230769230769225e-05,5.3076923076923076e-05
372,1980.0,372.0,0.0002953846153846154,0.0006246153846153847,0.00021384615384615385,4.9230769230769225e-05,5.3076923076923076e-05
373,1981.0,372.0,0.00040416666666666666,0.0006583333333333333,0.00031583333333333333,7.166666666666667e-05,5e-06
374,1981.0,373.0,0.00040416666666666666,0.0006583333333333333,0.00031583333333333333,7.166666666666667e-05,5e-06
375,1981.0,374.0,0.00040416666666666666,0.0006583333333333333,0.00031583333333333333,7.166666666666667e-05,5e-06
376,1981.0,375.0,0.00040416666666666666,0.0006583333333333333,0.00031583333333333333,7.166666666666667e-05,5e-06
377,1981.0,376.0,0.00040416666666666666,0.0006583333333333333,0.00031583333333333333,7.166666666666667e-05,5e-06
378,1981.0,377.0,0.00040416666666666666,0.0006583333333333333,0.00031583333333333333,7.166666666666667e-05,5e-06
379,1981.0,378.0,0.00040416666666666666,0.0006583333333333333,0.00031583333333333333,7.166666666666667e-05,5e-06
380,1981.0,379.0,0.00040416666666666666,0.0006583333333333333,0.00031583333333333333,7.166666666666667e-05,5e-06
381,1981.0,380.0,0.00040416666666666666,0.0006583333333333333,0.00031583333333333333,7.166666666666667e-05,5e-06
382,1981.0,381.0,0.00040416666666666666,0.0006583333333333333,0.00031583333333333333,7.166666666666667e-05,5e-06
383,1981.0,382.0,0.00040416666666666666,0.0006583333333333333,0.00031583333333333333,7.166666666666667e-05,5e-06
384,1981.0,383.0,0.00040416666666666666,0.0006583333333333333,0.00031583333333333333,7.166666666666667e-05,5e-06
385,1982.0,384.0,0.00031,0.0011061538461538461,0.00025692307692307695,4.3076923076923084e-05,5.923076923076924e-05
386,1982.0,385.0,0.00031,0.0011061538461538461,0.00025692307692307695,4.3076923076923084e-05,5.923076923076924e-05
387,1982.0,386.0,0.00031,0.0011061538461538461,0.00025692307692307695,4.3076923076923084e-05,5.923076923076924e-05
388,1982.0,387.0,0.00031,0.0011061538461538461,0.00025692307692307695,4.3076923076923084e-05,5.923076923076924e-05
389,1982.0,388.0,0.00031,0.0011061538461538461,0.00025692307692307695,4.3076923076923084e-05,5.923076923076924e-05
390,1982.0,389.0,0.00031,0.0011061538461538461,0.00025692307692307695,4.3076923076923084e-05,5.923076923076924e-05
391,1982.0,390.0,0.00031,0.0011061538461538461,0.00025692307692307695,4.3076923076923084e-05,5.923076923076924e-05
392,1982.0,391.0,0.00031,0.0011061538461538461,0.00025692307692307695,4.3076923076923084e-05,5.923076923076924e-05
393,1982.0,392.0,0.00031,0.0011061538461538461,0.00025692307692307695,4.3076923076923084e-05,5.923076923076924e-05
394,1982.0,393.0,0.00031,0.0011061538461538461,0.00025692307692307695,4.3076923076923084e-05,5.923076923076924e-05
395,1982.0,394.0,0.00031,0.0011061538461538461,0.00025692307692307695,4.3076923076923084e-05,5.923076923076924e-05
396,1982.0,395.0,0.00031,0.0011061538461538461,0.00025692307692307695,4.3076923076923084e-05,5.923076923076924e-05
397,1982.0,396.0,0.00031,0.0011061538461538461,0.00025692307692307695,4.3076923076923084e-05,5.923076923076924e-05
398,1983.0,396.0,0.0004592307692307692,0.0012592307692307692,0.0005200000000000001,5.769230769230769e-05,7.692307692307693e-07
399,1983.0,397.0,0.0004592307692307692,0.0012592307692307692,0.0005200000000000001,5.769230769230769e-05,7.692307692307693e-07
400,1983.0,398.0,0.0004592307692307692,0.0012592307692307692,0.0005200000000000001,5.769230769230769e-05,7.692307692307693e-07
401,1983.0,399.0,0.0004592307692307692,0.0012592307692307692,0.0005200000000000001,5.769230769230769e-05,7.692307692307693e-07
402,1983.0,400.0,0.0004592307692307692,0.0012592307692307692,0.0005200000000000001,5.769230769230769e-05,7.692307692307693e-07
403,1983.0,401.0,0.0004592307692307692,0.0012592307692307692,0.0005200000000000001,5.769230769230769e-05,7.692307692307693e-07
404,1983.0,402.0,0.0004592307692307692,0.0012592307692307692,0.0005200000000000001,5.769230769230769e-05,7.692307692307693e-07
405,1983.0,403.0,0.0004592307692307692,0.0012592307692307692,0.0005200000000000001,5.769230769230769e-05,7.692307692307693e-07
406,1983.0,404.0,0.0004592307692307692,0.0012592307692307692,0.0005200000000000001,5.769230769230769e-05,7.692307692307693e-07
407,1983.0,405.0,0.0004592307692307692,0.0012592307692307692,0.0005200000000000001,5.769230769230769e-05,7.692307692307693e-07
408,1983.0,406.0,0.0004592307692307692,0.0012592307692307692,0.0005200000000000001,5.769230769230769e-05,7.692307692307693e-07
409,1983.0,407.0,0.0004592307692307692,0.0012592307692307692,0.0005200000000000001,5.769230769230769e-05,7.692307692307693e-07
410,1983.0,408.0,0.0004592307692307692,0.0012592307692307692,0.0005200000000000001,5.769230769230769e-05,7.692307692307693e-07
411,1984.0,408.0,0.000533076923076923,0.001386923076923077,0.0004838461538461538,5.384615384615385e-05,4.538461538461539e-05
412,1984.0,409.0,0.000533076923076923,0.001386923076923077,0.0004838461538461538,5.384615384615385e-05,4.538461538461539e-05
413,1984.0,410.0,0.000533076923076923,0.001386923076923077,0.0004838461538461538,5.384615384615385e-05,4.538461538461539e-05
414,1984.0,411.0,0.000533076923076923,0.001386923076923077,0.0004838461538461538,5.384615384615385e-05,4.538461538461539e-05
415,1984.0,412.0,0.000533076923076923,0.001386923076923077,0.0004838461538461538,5.384615384615385e-05,4.538461538461539e-05
416,1984.0,413.0,0.000533076923076923,0.001386923076923077,0.0004838461538461538,5.384615384615385e-05,4.538461538461539e-05
417,1984.0,414.0,0.000533076923076923,0.001386923076923077,0.0004838461538461538,5.384615384615385e-05,4.538461538461539e-05
418,1984.0,415.0,0.000533076923076923,0.001386923076923077,0.0004838461538461538,5.384615384615385e-05,4.538461538461539e-05
419,1984.0,416.0,0.000533076923076923,0.001386923076923077,0.0004838461538461538,5.384615384615385e-05,4.538461538461539e-05
420,1984.0,417.0,0.000533076923076923,0.001386923076923077,0.0004838461538461538,5.384615384615385e-05,4.538461538461539e-05
421,1984.0,418.0,0.000533076923076923,0.001386923076923077,0.0004838461538461538,5.384615384615385e-05,4.538461538461539e-05
422,1984.0,419.0,0.000533076923076923,0.001386923076923077,0.0004838461538461538,5.384615384615385e-05,4.538461538461539e-05
423,1984.0,420.0,0.000533076923076923,0.001386923076923077,0.0004838461538461538,5.384615384615385e-05,4.538461538461539e-05
424,1985.0,420.0,0.0006608333333333333,0.002755,0.0004516666666666667,6.916666666666666e-05,0.0
425,1985.0,421.0,0.0006608333333333333,0.002755,0.0004516666666666667,6.916666666666666e-05,0.0
426,1985.0,422.0,0.0006608333333333333,0.002755,0.0004516666666666667,6.916666666666666e-05,0.0
427,1985.0,423.0,0.0006608333333333333,0.002755,0.0004516666666666667,6.916666666666666e-05,0.0
428,1985.0,424.0,0.0006608333333333333,0.002755,0.0004516666666666667,6.916666666666666e-05,0.0
429,1985.0,425.0,0.0006608333333333333,0.002755,0.0004516666666666667,6.916666666666666e-05,0.0
430,1985.0,426.0,0.0006608333333333333,0.002755,0.0004516666666666667,6.916666666666666e-05,0.0
431,1985.0,427.0,0.0006608333333333333,0.002755,0.0004516666666666667,6.916666666666666e-05,0.0
432,1985.0,428.0,0.0006608333333333333,0.002755,0.0004516666666666667,6.916666666666666e-05,0.0
433,1985.0,429.0,0.0006608333333333333,0.002755,0.0004516666666666667,6.916666666666666e-05,0.0
434,1985.0,430.0,0.0006608333333333333,0.002755,0.0004516666666666667,6.916666666666666e-05,0.0
435,1985.0,431.0,0.0006608333333333333,0.002755,0.0004516666666666667,6.916666666666666e-05,0.0
436,1986.0,432.0,0.0008523076923076922,0.001966153846153846,0.0004346153846153846,2.846153846153846e-05,5.0769230769230766e-05
437,1986.0,433.0,0.0008523076923076922,0.001966153846153846,0.0004346153846153846,2.846153846153846e-05,5.0769230769230766e-05
438,1986.0,434.0,0.0008523076923076922,0.001966153846153846,0.0004346153846153846,2.846153846153846e-05,5.0769230769230766e-05
439,1986.0,435.0,0.0008523076923076922,0.001966153846153846,0.0004346153846153846,2.846153846153846e-05,5.0769230769230766e-05
440,1986.0,436.0,0.0008523076923076922,0.001966153846153846,0.0004346153846153846,2.846153846153846e-05,5.0769230769230766e-05
441,1986.0,437.0,0.0008523076923076922,0.001966153846153846,0.0004346153846153846,2.846153846153846e-05,5.0769230769230766e-05
442,1986.0,438.0,0.0008523076923076922,0.001966153846153846,0.0004346153846153846,2.846153846153846e-05,5.0769230769230766e-05
443,1986.0,439.0,0.0008523076923076922,0.001966153846153846,0.0004346153846153846,2.846153846153846e-05,5.0769230769230766e-05
444,1986.0,440.0,0.0008523076923076922,0.001966153846153846,0.0004346153846153846,2.846153846153846e-05,5.0769230769230766e-05
445,1986.0,441.0,0.0008523076923076922,0.001966153846153846,0.0004346153846153846,2.846153846153846e-05,5.0769230769230766e-05
446,1986.0,442.0,0.0008523076923076922,0.001966153846153846,0.0004346153846153846,2.846153846153846e-05,5.0769230769230766e-05
447,1986.0,443.0,0.0008523076923076922,0.001966153846153846,0.0004346153846153846,2.846153846153846e-05,5.0769230769230766e-05
448,1986.0,444.0,0.0008523076923076922,0.001966153846153846,0.0004346153846153846,2.846153846153846e-05,5.0769230769230766e-05
449,1987.0,444.0,0.0011376923076923079,0.00175,0.0005461538461538462,3.76923076923077e-05,1.6923076923076924e-05
450,1987.0,445.0,0.0011376923076923079,0.00175,0.0005461538461538462,3.76923076923077e-05,1.6923076923076924e-05
451,1987.0,446.0,0.0011376923076923079,0.00175,0.0005461538461538462,3.76923076923077e-05,1.6923076923076924e-05
452,1987.0,447.0,0.0011376923076923079,0.00175,0.0005461538461538462,3.76923076923077e-05,1.6923076923076924e-05
453,1987.0,448.0,0.0011376923076923079,0.00175,0.0005461538461538462,3.76923076923077e-05,1.6923076923076924e-05
454,1987.0,449.0,0.0011376923076923079,0.00175,0.0005461538461538462,3.76923076923077e-05,1.6923076923076924e-05
455,1987.0,450.0,0.0011376923076923079,0.00175,0.0005461538461538462,3.76923076923077e-05,1.6923076923076924e-05
456,1987.0,451.0,0.0011376923076923079,0.00175,0.0005461538461538462,3.76923076923077e-05,1.6923076923076924e-05
457,1987.0,452.0,0.0011376923076923079,0.00175,0.0005461538461538462,3.76923076923077e-05,1.6923076923076924e-05
458,1987.0,453.0,0.0011376923076923079,0.00175,0.0005461538461538462,3.76923076923077e-05,1.6923076923076924e-05
459,1987.0,454.0,0.0011376923076923079,0.00175,0.0005461538461538462,3.76923076923077e-05,1.6923076923076924e-05
460,1987.0,455.0,0.0011376923076923079,0.00175,0.0005461538461538462,3.76923076923077e-05,1.6923076923076924e-05
461,1987.0,456.0,0.0011376923076923079,0.00175,0.0005461538461538462,3.76923076923077e-05,1.6923076923076924e-05
462,1988.0,456.0,0.0014107692307692306,0.0015215384615384615,0.00053,6e-05,8.846153846153847e-05
463,1988.0,457.0,0.0014107692307692306,0.0015215384615384615,0.00053,6e-05,8.846153846153847e-05
464,1988.0,458.0,0.0014107692307692306,0.0015215384615384615,0.00053,6e-05,8.846153846153847e-05
465,1988.0,459.0,0.0014107692307692306,0.0015215384615384615,0.00053,6e-05,8.846153846153847e-05
466,1988.0,460.0,0.0014107692307692306,0.0015215384615384615,0.00053,6e-05,8.846153846153847e-05
467,1988.0,461.0,0.0014107692307692306,0.0015215384615384615,0.00053,6e-05,8.846153846153847e-05
468,1988.0,462.0,0.0014107692307692306,0.0015215384615384615,0.00053,6e-05,8.846153846153847e-05
469,1988.0,463.0,0.0014107692307692306,0.0015215384615384615,0.00053,6e-05,8.846153846153847e-05
470,1988.0,464.0,0.0014107692307692306,0.0015215384615384615,0.00053,6e-05,8.846153846153847e-05
471,1988.0,465.0,0.0014107692307692306,0.0015215384615384615,0.00053,6e-05,8.846153846153847e-05
472,1988.0,466.0,0.0014107692307692306,0.0015215384615384615,0.00053,6e-05,8.846153846153847e-05
473,1988.0,467.0,0.0014107692307692306,0.0015215384615384615,0.00053,6e-05,8.846153846153847e-05
474,1988.0,468.0,0.0014107692307692306,0.0015215384615384615,0.00053,6e-05,8.846153846153847e-05
475,1989.0,468.0,0.0013638461538461539,0.0015384615384615385,0.0005761538461538461,5.153846153846154e-05,9.23076923076923e-06
476,1989.0,469.0,0.0013638461538461539,0.0015384615384615385,0.0005761538461538461,5.153846153846154e-05,9.23076923076923e-06
477,1989.0,470.0,0.0013638461538461539,0.0015384615384615385,0.0005761538461538461,5.153846153846154e-05,9.23076923076923e-06
478,1989.0,471.0,0.0013638461538461539,0.0015384615384615385,0.0005761538461538461,5.153846153846154e-05,9.23076923076923e-06
479,1989.0,472.0,0.0013638461538461539,0.0015384615384615385,0.0005761538461538461,5.153846153846154e-05,9.23076923076923e-06
480,1989.0,473.0,0.0013638461538461539,0.0015384615384615385,0.0005761538461538461,5.153846153846154e-05,9.23076923076923e-06
481,1989.0,474.0,0.0013638461538461539,0.0015384615384615385,0.0005761538461538461,5.153846153846154e-05,9.23076923076923e-06
482,1989.0,475.0,0.0013638461538461539,0.0015384615384615385,0.0005761538461538461,5.153846153846154e-05,9.23076923076923e-06
483,1989.0,476.0,0.0013638461538461539,0.0015384615384615385,0.0005761538461538461,5.153846153846154e-05,9.23076923076923e-06
484,1989.0,477.0,0.0013638461538461539,0.0015384615384615385,0.0005761538461538461,5.153846153846154e-05,9.23076923076923e-06
485,1989.0,478.0,0.0013638461538461539,0.0015384615384615385,0.0005761538461538461,5.153846153846154e-05,9.23076923076923e-06
486,1989.0,479.0,0.0013638461538461539,0.0015384615384615385,0.0005761538461538461,5.153846153846154e-05,9.23076923076923e-06
487,1989.0,480.0,0.0013638461538461539,0.0015384615384615385,0.0005761538461538461,5.153846153846154e-05,9.23076923076923e-06
488,1990.0,480.0,0.0012753846153846155,0.0017730769230769228,0.0005161538461538461,8.461538461538461e-05,9.999999999999999e-05
489,1990.0,481.0,0.0012753846153846155,0.0017730769230769228,0.0005161538461538461,8.461538461538461e-05,9.999999999999999e-05
490,1990.0,482.0,0.0012753846153846155,0.0017730769230769228,0.0005161538461538461,8.461538461538461e-05,9.999999999999999e-05
491,1990.0,483.0,0.0012753846153846155,0.0017730769230769228,0.0005161538461538461,8.461538461538461e-05,9.999999999999999e-05
492,1990.0,484.0,0.0012753846153846155,0.0017730769230769228,0.0005161538461538461,8.461538461538461e-05,9.999999999999999e-05
493,1990.0,485.0,0.0012753846153846155,0.0017730769230769228,0.0005161538461538461,8.461538461538461e-05,9.999999999999999e-05
494,1990.0,486.0,0.0012753846153846155,0.0017730769230769228,0.0005161538461538461,8.461538461538461e-05,9.999999999999999e-05
495,1990.0,487.0,0.0012753846153846155,0.0017730769230769228,0.0005161538461538461,8.461538461538461e-05,9.999999999999999e-05
496,1990.0,488.0,0.0012753846153846155,0.0017730769230769228,0.0005161538461538461,8.461538461538461e-05,9.999999999999999e-05
497,1990.0,489.0,0.0012753846153846155,0.0017730769230769228,0.0005161538461538461,8.461538461538461e-05,9.999999999999999e-05
498,1990.0,490.0,0.0012753846153846155,0.0017730769230769228,0.0005161538461538461,8.461538461538461e-05,9.999999999999999e-05
499,1990.0,491.0,0.0012753846153846155,0.0017730769230769228,0.0005161538461538461,8.461538461538461e-05,9.999999999999999e-05
500,1990.0,492.0,0.0012753846153846155,0.0017730769230769228,0.0005161538461538461,8.461538461538461e-05,9.999999999999999e-05
501,1991.0,492.0,0.0014084615384615386,0.0017646153846153844,0.0005392307692307693,6.461538461538462e-05,1.7692307692307694e-05
502,1991.0,493.0,0.0014084615384615386,0.0017646153846153844,0.0005392307692307693,6.461538461538462e-05,1.7692307692307694e-05
503,1991.0,494.0,0.0014084615384615386,0.0017646153846153844,0.0005392307692307693,6.461538461538462e-05,1.7692307692307694e-05
504,1991.0,495.0,0.0014084615384615386,0.0017646153846153844,0.0005392307692307693,6.461538461538462e-05,1.7692307692307694e-05
505,1991.0,496.0,0.0014084615384615386,0.0017646153846153844,0.0005392307692307693,6.461538461538462e-05,1.7692307692307694e-05
506,1991.0,497.0,0.0014084615384615386,0.0017646153846153844,0.0005392307692307693,6.461538461538462e-05,1.7692307692307694e-05
507,1991.0,498.0,0.0014084615384615386,0.0017646153846153844,0.0005392307692307693,6.461538461538462e-05,1.7692307692307694e-05
508,1991.0,499.0,0.0014084615384615386,0.0017646153846153844,0.0005392307692307693,6.461538461538462e-05,1.7692307692307694e-05
509,1991.0,500.0,0.0014084615384615386,0.0017646153846153844,0.0005392307692307693,6.461538461538462e-05,1.7692307692307694e-05
510,1991.0,501.0,0.0014084615384615386,0.0017646153846153844,0.0005392307692307693,6.461538461538462e-05,1.7692307692307694e-05
511,1991.0,502.0,0.0014084615384615386,0.0017646153846153844,0.0005392307692307693,6.461538461538462e-05,1.7692307692307694e-05
512,1991.0,503.0,0.0014084615384615386,0.0017646153846153844,0.0005392307692307693,6.461538461538462e-05,1.7692307692307694e-05
513,1991.0,504.0,0.0014084615384615386,0.0017646153846153844,0.0005392307692307693,6.461538461538462e-05,1.7692307692307694e-05
514,1992.0,504.0,0.001166153846153846,0.0018453846153846155,0.0005115384615384615,0.00011846153846153845,8.615384615384617e-05
515,1992.0,505.0,0.001166153846153846,0.0018453846153846155,0.0005115384615384615,0.00011846153846153845,8.615384615384617e-05
516,1992.0,506.0,0.001166153846153846,0.0018453846153846155,0.0005115384615384615,0.00011846153846153845,8.615384615384617e-05
517,1992.0,507.0,0.001166153846153846,0.0018453846153846155,0.0005115384615384615,0.00011846153846153845,8.615384615384617e-05
518,1992.0,508.0,0.001166153846153846,0.0018453846153846155,0.0005115384615384615,0.00011846153846153845,8.615384615384617e-05
519,1992.0,509.0,0.001166153846153846,0.0018453846153846155,0.0005115384615384615,0.00011846153846153845,8.615384615384617e-05
520,1992.0,510.0,0.001166153846153846,0.0018453846153846155,0.0005115384615384615,0.00011846153846153845,8.615384615384617e-05
521,1992.0,511.0,0.001166153846153846,0.0018453846153846155,0.0005115384615384615,0.00011846153846153845,8.615384615384617e-05
522,1992.0,512.0,0.001166153846153846,0.0018453846153846155,0.0005115384615384615,0.00011846153846153845,8.615384615384617e-05
523,1992.0,513.0,0.001166153846153846,0.0018453846153846155,0.0005115384615384615,0.00011846153846153845,8.615384615384617e-05
524,1992.0,514.0,0.001166153846153846,0.0018453846153846155,0.0005115384615384615,0.00011846153846153845,8.615384615384617e-05
525,1992.0,515.0,0.001166153846153846,0.0018453846153846155,0.0005115384615384615,0.00011846153846153845,8.615384615384617e-05
526,1992.0,516.0,0.001166153846153846,0.0018453846153846155,0.0005115384615384615,0.00011846153846153845,8.615384615384617e-05
527,1993.0,516.0,0.001106923076923077,0.001643846153846154,0.0006153846153846154,0.00010999999999999999,1.3846153846153847e-05
528,1993.0,517.0,0.001106923076923077,0.001643846153846154,0.0006153846153846154,0.00010999999999999999,1.3846153846153847e-05
529,1993.0,518.0,0.001106923076923077,0.001643846153846154,0.0006153846153846154,0.00010999999999999999,1.3846153846153847e-05
530,1993.0,519.0,0.001106923076923077,0.001643846153846154,0.0006153846153846154,0.00010999999999999999,1.3846153846153847e-05
531,1993.0,520.0,0.001106923076923077,0.001643846153846154,0.0006153846153846154,0.00010999999999999999,1.3846153846153847e-05
532,1993.0,521.0,0.001106923076923077,0.001643846153846154,0.0006153846153846154,0.00010999999999999999,1.3846153846153847e-05
533,1993.0,522.0,0.001106923076923077,0.001643846153846154,0.0006153846153846154,0.00010999999999999999,1.3846153846153847e-05
534,1993.0,523.0,0.001106923076923077,0.001643846153846154,0.0006153846153846154,0.00010999999999999999,1.3846153846153847e-05
535,1993.0,524.0,0.001106923076923077,0.001643846153846154,0.0006153846153846154,0.00010999999999999999,1.3846153846153847e-05
536,1993.0,525.0,0.001106923076923077,0.001643846153846154,0.0006153846153846154,0.00010999999999999999,1.3846153846153847e-05
537,1993.0,526.0,0.001106923076923077,0.001643846153846154,0.0006153846153846154,0.00010999999999999999,1.3846153846153847e-05
538,1993.0,527.0,0.001106923076923077,0.001643846153846154,0.0006153846153846154,0.00010999999999999999,1.3846153846153847e-05
539,1993.0,528.0,0.001106923076923077,0.001643846153846154,0.0006153846153846154,0.00010999999999999999,1.3846153846153847e-05
540,1994.0,528.0,0.0009661538461538462,0.0017761538461538461,0.0005946153846153845,9.923076923076922e-05,5.692307692307692e-05
541,1994.0,529.0,0.0009661538461538462,0.0017761538461538461,0.0005946153846153845,9.923076923076922e-05,5.692307692307692e-05
542,1994.0,530.0,0.0009661538461538462,0.0017761538461538461,0.0005946153846153845,9.923076923076922e-05,5.692307692307692e-05
543,1994.0,531.0,0.0009661538461538462,0.0017761538461538461,0.0005946153846153845,9.923076923076922e-05,5.692307692307692e-05
544,1994.0,532.0,0.0009661538461538462,0.0017761538461538461,0.0005946153846153845,9.923076923076922e-05,5.692307692307692e-05
545,1994.0,533.0,0.0009661538461538462,0.0017761538461538461,0.0005946153846153845,9.923076923076922e-05,5.692307692307692e-05
546,1994.0,534.0,0.0009661538461538462,0.0017761538461538461,0.0005946153846153845,9.923076923076922e-05,5.692307692307692e-05
547,1994.0,535.0,0.0009661538461538462,0.0017761538461538461,0.0005946153846153845,9.923076923076922e-05,5.692307692307692e-05
548,1994.0,536.0,0.0009661538461538462,0.0017761538461538461,0.0005946153846153845,9.923076923076922e-05,5.692307692307692e-05
549,1994.0,537.0,0.0009661538461538462,0.0017761538461538461,0.0005946153846153845,9.923076923076922e-05,5.692307692307692e-05
550,1994.0,538.0,0.0009661538461538462,0.0017761538461538461,0.0005946153846153845,9.923076923076922e-05,5.692307692307692e-05
551,1994.0,539.0,0.0009661538461538462,0.0017761538461538461,0.0005946153846153845,9.923076923076922e-05,5.692307692307692e-05
552,1994.0,540.0,0.0009661538461538462,0.0017761538461538461,0.0005946153846153845,9.923076923076922e-05,5.692307692307692e-05
553,1995.0,540.0,0.0011325,0.0019,0.0006041666666666666,9.083333333333334e-05,1.4166666666666668e-05
554,1995.0,541.0,0.0011325,0.0019,0.0006041666666666666,9.083333333333334e-05,1.4166666666666668e-05
555,1995.0,542.0,0.0011325,0.0019,0.0006041666666666666,9.083333333333334e-05,1.4166666666666668e-05
556,1995.0,543.0,0.0011325,0.0019,0.0006041666666666666,9.083333333333334e-05,1.4166666666666668e-05
557,1995.0,544.0,0.0011325,0.0019,0.0006041666666666666,9.083333333333334e-05,1.4166666666666668e-05
558,1995.0,545.0,0.0011325,0.0019,0.0006041666666666666,9.083333333333334e-05,1.4166666666666668e-05
559,1995.0,546.0,0.0011325,0.0019,0.0006041666666666666,9.083333333333334e-05,1.4166666666666668e-05
560,1995.0,547.0,0.0011325,0.0019,0.0006041666666666666,9.083333333333334e-05,1.4166666666666668e-05
561,1995.0,548.0,0.0011325,0.0019,0.0006041666666666666,9.083333333333334e-05,1.4166666666666668e-05
562,1995.0,549.0,0.0011325,0.0019,0.0006041666666666666,9.083333333333334e-05,1.4166666666666668e-05
563,1995.0,550.0,0.0011325,0.0019,0.0006041666666666666,9.083333333333334e-05,1.4166666666666668e-05
564,1995.0,551.0,0.0011325,0.0019,0.0006041666666666666,9.083333333333334e-05,1.4166666666666668e-05
565,1996.0,552.0,0.0009358333333333333,0.001915,0.0006508333333333332,6.333333333333333e-05,7.5e-05
566,1996.0,553.0,0.0009358333333333333,0.001915,0.0006508333333333332,6.333333333333333e-05,7.5e-05
567,1996.0,554.0,0.0009358333333333333,0.001915,0.0006508333333333332,6.333333333333333e-05,7.5e-05
568,1996.0,555.0,0.0009358333333333333,0.001915,0.0006508333333333332,6.333333333333333e-05,7.5e-05
569,1996.0,556.0,0.0009358333333333333,0.001915,0.0006508333333333332,6.333333333333333e-05,7.5e-05
570,1996.0,557.0,0.0009358333333333333,0.001915,0.0006508333333333332,6.333333333333333e-05,7.5e-05
571,1996.0,558.0,0.0009358333333333333,0.001915,0.0006508333333333332,6.333333333333333e-05,7.5e-05
572,1996.0,559.0,0.0009358333333333333,0.001915,0.0006508333333333332,6.333333333333333e-05,7.5e-05
573,1996.0,560.0,0.0009358333333333333,0.001915,0.0006508333333333332,6.333333333333333e-05,7.5e-05
574,1996.0,561.0,0.0009358333333333333,0.001915,0.0006508333333333332,6.333333333333333e-05,7.5e-05
575,1996.0,562.0,0.0009358333333333333,0.001915,0.0006508333333333332,6.333333333333333e-05,7.5e-05
576,1996.0,563.0,0.0009358333333333333,0.001915,0.0006508333333333332,6.333333333333333e-05,7.5e-05
577,1997.0,564.0,0.0010776923076923077,0.0016307692307692308,0.00041384615384615386,0.0001346153846153846,2.1538461538461535e-05
578,1997.0,565.0,0.0010776923076923077,0.0016307692307692308,0.00041384615384615386,0.0001346153846153846,2.1538461538461535e-05
579,1997.0,566.0,0.0010776923076923077,0.0016307692307692308,0.00041384615384615386,0.0001346153846153846,2.1538461538461535e-05
580,1997.0,567.0,0.0010776923076923077,0.0016307692307692308,0.00041384615384615386,0.0001346153846153846,2.1538461538461535e-05
581,1997.0,568.0,0.0010776923076923077,0.0016307692307692308,0.00041384615384615386,0.0001346153846153846,2.1538461538461535e-05
582,1997.0,569.0,0.0010776923076923077,0.0016307692307692308,0.00041384615384615386,0.0001346153846153846,2.1538461538461535e-05
583,1997.0,570.0,0.0010776923076923077,0.0016307692307692308,0.00041384615384615386,0.0001346153846153846,2.1538461538461535e-05
584,1997.0,571.0,0.0010776923076923077,0.0016307692307692308,0.00041384615384615386,0.0001346153846153846,2.1538461538461535e-05
585,1997.0,572.0,0.0010776923076923077,0.0016307692307692308,0.00041384615384615386,0.0001346153846153846,2.1538461538461535e-05
586,1997.0,573.0,0.0010776923076923077,0.0016307692307692308,0.00041384615384615386,0.0001346153846153846,2.1538461538461535e-05
587,1997.0,574.0,0.0010776923076923077,0.0016307692307692308,0.00041384615384615386,0.0001346153846153846,2.1538461538461535e-05
588,1997.0,575.0,0.0010776923076923077,0.0016307692307692308,0.00041384615384615386,0.0001346153846153846,2.1538461538461535e-05
589,1997.0,576.0,0.0010776923076923077,0.0016307692307692308,0.00041384615384615386,0.0001346153846153846,2.1538461538461535e-05
590,1998.0,576.0,0.0008992307692307691,0.0015899999999999998,0.0005461538461538462,4.769230769230769e-05,8.153846153846153e-05
591,1998.0,577.0,0.0008992307692307691,0.0015899999999999998,0.0005461538461538462,4.769230769230769e-05,8.153846153846153e-05
592,1998.0,578.0,0.0008992307692307691,0.0015899999999999998,0.0005461538461538462,4.769230769230769e-05,8.153846153846153e-05
593,1998.0,579.0,0.0008992307692307691,0.0015899999999999998,0.0005461538461538462,4.769230769230769e-05,8.153846153846153e-05
594,1998.0,580.0,0.0008992307692307691,0.0015899999999999998,0.0005461538461538462,4.769230769230769e-05,8.153846153846153e-05
595,1998.0,581.0,0.0008992307692307691,0.0015899999999999998,0.0005461538461538462,4.769230769230769e-05,8.153846153846153e-05
596,1998.0,582.0,0.0008992307692307691,0.0015899999999999998,0.0005461538461538462,4.769230769230769e-05,8.153846153846153e-05
597,1998.0,583.0,0.0008992307692307691,0.0015899999999999998,0.0005461538461538462,4.769230769230769e-05,8.153846153846153e-05
598,1998.0,584.0,0.0008992307692307691,0.0015899999999999998,0.0005461538461538462,4.769230769230769e-05,8.153846153846153e-05
599,1998.0,585.0,0.0008992307692307691,0.0015899999999999998,0.0005461538461538462,4.769230769230769e-05,8.153846153846153e-05
600,1998.0,586.0,0.0008992307692307691,0.0015899999999999998,0.0005461538461538462,4.769230769230769e-05,8.153846153846153e-05
601,1998.0,587.0,0.0008992307692307691,0.0015899999999999998,0.0005461538461538462,4.769230769230769e-05,8.153846153846153e-05
602,1998.0,588.0,0.0008992307692307691,0.0015899999999999998,0.0005461538461538462,4.769230769230769e-05,8.153846153846153e-05
603,1999.0,588.0,0.0010984615384615384,0.0016792307692307692,0.0004884615384615384,9.538461538461538e-05,1.153846153846154e-05
604,1999.0,589.0,0.0010984615384615384,0.0016792307692307692,0.0004884615384615384,9.538461538461538e-05,1.153846153846154e-05
605,1999.0,590.0,0.0010984615384615384,0.0016792307692307692,0.0004884615384615384,9.538461538461538e-05,1.153846153846154e-05
606,1999.0,591.0,0.0010984615384615384,0.0016792307692307692,0.0004884615384615384,9.538461538461538e-05,1.153846153846154e-05
607,1999.0,592.0,0.0010984615384615384,0.0016792307692307692,0.0004884615384615384,9.538461538461538e-05,1.153846153846154e-05
608,1999.0,593.0,0.0010984615384615384,0.0016792307692307692,0.0004884615384615384,9.538461538461538e-05,1.153846153846154e-05
609,1999.0,594.0,0.0010984615384615384,0.0016792307692307692,0.0004884615384615384,9.538461538461538e-05,1.153846153846154e-05
610,1999.0,595.0,0.0010984615384615384,0.0016792307692307692,0.0004884615384615384,9.538461538461538e-05,1.153846153846154e-05
611,1999.0,596.0,0.0010984615384615384,0.0016792307692307692,0.0004884615384615384,9.538461538461538e-05,1.153846153846154e-05
612,1999.0,597.0,0.0010984615384615384,0.0016792307692307692,0.0004884615384615384,9.538461538461538e-05,1.153846153846154e-05
613,1999.0,598.0,0.0010984615384615384,0.0016792307692307692,0.0004884615384615384,9.538461538461538e-05,1.153846153846154e-05
614,1999.0,599.0,0.0010984615384615384,0.0016792307692307692,0.0004884615384615384,9.538461538461538e-05,1.153846153846154e-05
615,1999.0,600.0,0.0010984615384615384,0.0016792307692307692,0.0004884615384615384,9.538461538461538e-05,1.153846153846154e-05
616,2000.0,600.0,0.0012741666666666667,0.0021216666666666667,0.000485,0.00015166666666666668,5.7499999999999995e-05
617,2000.0,601.0,0.0012741666666666667,0.0021216666666666667,0.000485,0.00015166666666666668,5.7499999999999995e-05
618,2000.0,602.0,0.0012741666666666667,0.0021216666666666667,0.000485,0.00015166666666666668,5.7499999999999995e-05
619,2000.0,603.0,0.0012741666666666667,0.0021216666666666667,0.000485,0.00015166666666666668,5.7499999999999995e-05
620,2000.0,604.0,0.0012741666666666667,0.0021216666666666667,0.000485,0.00015166666666666668,5.7499999999999995e-05
621,2000.0,605.0,0.0012741666666666667,0.0021216666666666667,0.000485,0.00015166666666666668,5.7499999999999995e-05
622,2000.0,606.0,0.0012741666666666667,0.0021216666666666667,0.000485,0.00015166666666666668,5.7499999999999995e-05
623,2000.0,607.0,0.0012741666666666667,0.0021216666666666667,0.000485,0.00015166666666666668,5.7499999999999995e-05
624,2000.0,608.0,0.0012741666666666667,0.0021216666666666667,0.000485,0.00015166666666666668,5.7499999999999995e-05
625,2000.0,609.0,0.0012741666666666667,0.0021216666666666667,0.000485,0.00015166666666666668,5.7499999999999995e-05
626,2000.0,610.0,0.0012741666666666667,0.0021216666666666667,0.000485,0.00015166666666666668,5.7499999999999995e-05
627,2000.0,611.0,0.0012741666666666667,0.0021216666666666667,0.000485,0.00015166666666666668,5.7499999999999995e-05
628,2001.0,612.0,0.0011025,0.002231666666666667,0.0004541666666666667,0.00011999999999999999,1.4166666666666666e-05
629,2001.0,613.0,0.0011025,0.002231666666666667,0.0004541666666666667,0.00011999999999999999,1.4166666666666666e-05
630,2001.0,614.0,0.0011025,0.002231666666666667,0.0004541666666666667,0.00011999999999999999,1.4166666666666666e-05
631,2001.0,615.0,0.0011025,0.002231666666666667,0.0004541666666666667,0.00011999999999999999,1.4166666666666666e-05
632,2001.0,616.0,0.0011025,0.002231666666666667,0.0004541666666666667,0.00011999999999999999,1.4166666666666666e-05
633,2001.0,617.0,0.0011025,0.002231666666666667,0.0004541666666666667,0.00011999999999999999,1.4166666666666666e-05
634,2001.0,618.0,0.0011025,0.002231666666666667,0.0004541666666666667,0.00011999999999999999,1.4166666666666666e-05
635,2001.0,619.0,0.0011025,0.002231666666666667,0.0004541666666666667,0.00011999999999999999,1.4166666666666666e-05
636,2001.0,620.0,0.0011025,0.002231666666666667,0.0004541666666666667,0.00011999999999999999,1.4166666666666666e-05
637,2001.0,621.0,0.0011025,0.002231666666666667,0.0004541666666666667,0.00011999999999999999,1.4166666666666666e-05
638,2001.0,622.0,0.0011025,0.002231666666666667,0.0004541666666666667,0.00011999999999999999,1.4166666666666666e-05
639,2001.0,623.0,0.0011025,0.002231666666666667,0.0004541666666666667,0.00011999999999999999,1.4166666666666666e-05
640,2002.0,624.0,0.0012507692307692309,0.001929230769230769,0.000543076923076923,0.00011153846153846154,5.846153846153847e-05
641,2002.0,625.0,0.0012507692307692309,0.001929230769230769,0.000543076923076923,0.00011153846153846154,5.846153846153847e-05
642,2002.0,626.0,0.0012507692307692309,0.001929230769230769,0.000543076923076923,0.00011153846153846154,5.846153846153847e-05
643,2002.0,627.0,0.0012507692307692309,0.001929230769230769,0.000543076923076923,0.00011153846153846154,5.846153846153847e-05
644,2002.0,628.0,0.0012507692307692309,0.001929230769230769,0.000543076923076923,0.00011153846153846154,5.846153846153847e-05
645,2002.0,629.0,0.0012507692307692309,0.001929230769230769,0.000543076923076923,0.00011153846153846154,5.846153846153847e-05
646,2002.0,630.0,0.0012507692307692309,0.001929230769230769,0.000543076923076923,0.00011153846153846154,5.846153846153847e-05
647,2002.0,631.0,0.0012507692307692309,0.001929230769230769,0.000543076923076923,0.00011153846153846154,5.846153846153847e-05
648,2002.0,632.0,0.0012507692307692309,0.001929230769230769,0.000543076923076923,0.00011153846153846154,5.846153846153847e-05
649,2002.0,633.0,0.0012507692307692309,0.001929230769230769,0.000543076923076923,0.00011153846153846154,5.846153846153847e-05
650,2002.0,634.0,0.0012507692307692309,0.001929230769230769,0.000543076923076923,0.00011153846153846154,5.846153846153847e-05
651,2002.0,635.0,0.0012507692307692309,0.001929230769230769,0.000543076923076923,0.00011153846153846154,5.846153846153847e-05
652,2002.0,636.0,0.0012507692307692309,0.001929230769230769,0.000543076923076923,0.00011153846153846154,5.846153846153847e-05
653,2003.0,636.0,0.0011683333333333333,0.0019391666666666665,0.0005625,0.00020833333333333335,1.7500000000000002e-05
654,2003.0,637.0,0.0011683333333333333,0.0019391666666666665,0.0005625,0.00020833333333333335,1.7500000000000002e-05
655,2003.0,638.0,0.0011683333333333333,0.0019391666666666665,0.0005625,0.00020833333333333335,1.7500000000000002e-05
656,2003.0,639.0,0.0011683333333333333,0.0019391666666666665,0.0005625,0.00020833333333333335,1.7500000000000002e-05
657,2003.0,640.0,0.0011683333333333333,0.0019391666666666665,0.0005625,0.00020833333333333335,1.7500000000000002e-05
658,2003.0,641.0,0.0011683333333333333,0.0019391666666666665,0.0005625,0.00020833333333333335,1.7500000000000002e-05
659,2003.0,642.0,0.0011683333333333333,0.0019391666666666665,0.0005625,0.00020833333333333335,1.7500000000000002e-05
660,2003.0,643.0,0.0011683333333333333,0.0019391666666666665,0.0005625,0.00020833333333333335,1.7500000000000002e-05
661,2003.0,644.0,0.0011683333333333333,0.0019391666666666665,0.0005625,0.00020833333333333335,1.7500000000000002e-05
662,2003.0,645.0,0.0011683333333333333,0.0019391666666666665,0.0005625,0.00020833333333333335,1.7500000000000002e-05
663,2003.0,646.0,0.0011683333333333333,0.0019391666666666665,0.0005625,0.00020833333333333335,1.7500000000000002e-05
664,2003.0,647.0,0.0011683333333333333,0.0019391666666666665,0.0005625,0.00020833333333333335,1.7500000000000002e-05
665,2004.0,648.0,0.0010723076923076923,0.0014053846153846154,0.00036769230769230764,0.0001430769230769231,4.230769230769231e-05
666,2004.0,649.0,0.0010723076923076923,0.0014053846153846154,0.00036769230769230764,0.0001430769230769231,4.230769230769231e-05
667,2004.0,650.0,0.0010723076923076923,0.0014053846153846154,0.00036769230769230764,0.0001430769230769231,4.230769230769231e-05
668,2004.0,651.0,0.0010723076923076923,0.0014053846153846154,0.00036769230769230764,0.0001430769230769231,4.230769230769231e-05
669,2004.0,652.0,0.0010723076923076923,0.0014053846153846154,0.00036769230769230764,0.0001430769230769231,4.230769230769231e-05
670,2004.0,653.0,0.0010723076923076923,0.0014053846153846154,0.00036769230769230764,0.0001430769230769231,4.230769230769231e-05
671,2004.0,654.0,0.0010723076923076923,0.0014053846153846154,0.00036769230769230764,0.0001430769230769231,4.230769230769231e-05
672,2004.0,655.0,0.0010723076923076923,0.0014053846153846154,0.00036769230769230764,0.0001430769230769231,4.230769230769231e-05
673,2004.0,656.0,0.0010723076923076923,0.0014053846153846154,0.00036769230769230764,0.0001430769230769231,4.230769230769231e-05
674,2004.0,657.0,0.0010723076923076923,0.0014053846153846154,0.00036769230769230764,0.0001430769230769231,4.230769230769231e-05
675,2004.0,658.0,0.0010723076923076923,0.0014053846153846154,0.00036769230769230764,0.0001430769230769231,4.230769230769231e-05
676,2004.0,659.0,0.0010723076923076923,0.0014053846153846154,0.00036769230769230764,0.0001430769230769231,4.230769230769231e-05
677,2004.0,660.0,0.0010723076923076923,0.0014053846153846154,0.00036769230769230764,0.0001430769230769231,4.230769230769231e-05
678,2005.0,660.0,0.0009869230769230769,0.0015453846153846154,0.0004376923076923077,0.00014615384615384615,1.153846153846154e-05
679,2005.0,661.0,0.0009869230769230769,0.0015453846153846154,0.0004376923076923077,0.00014615384615384615,1.153846153846154e-05
680,2005.0,662.0,0.0009869230769230769,0.0015453846153846154,0.0004376923076923077,0.00014615384615384615,1.153846153846154e-05
681,2005.0,663.0,0.0009869230769230769,0.0015453846153846154,0.0004376923076923077,0.00014615384615384615,1.153846153846154e-05
682,2005.0,664.0,0.0009869230769230769,0.0015453846153846154,0.0004376923076923077,0.00014615384615384615,1.153846153846154e-05
683,2005.0,665.0,0.0009869230769230769,0.0015453846153846154,0.0004376923076923077,0.00014615384615384615,1.153846153846154e-05
684,2005.0,666.0,0.0009869230769230769,0.0015453846153846154,0.0004376923076923077,0.00014615384615384615,1.153846153846154e-05
685,2005.0,667.0,0.0009869230769230769,0.0015453846153846154,0.0004376923076923077,0.00014615384615384615,1.153846153846154e-05
686,2005.0,668.0,0.0009869230769230769,0.0015453846153846154,0.0004376923076923077,0.00014615384615384615,1.153846153846154e-05
687,2005.0,669.0,0.0009869230769230769,0.0015453846153846154,0.0004376923076923077,0.00014615384615384615,1.153846153846154e-05
688,2005.0,670.0,0.0009869230769230769,0.0015453846153846154,0.0004376923076923077,0.00014615384615384615,1.153846153846154e-05
689,2005.0,671.0,0.0009869230769230769,0.0015453846153846154,0.0004376923076923077,0.00014615384615384615,1.153846153846154e-05
690,2005.0,672.0,0.0009869230769230769,0.0015453846153846154,0.0004376923076923077,0.00014615384615384615,1.153846153846154e-05
691,2006.0,672.0,0.00091,0.0011292307692307693,0.0003176923076923077,0.00015307692307692307,5.846153846153847e-05
692,2006.0,673.0,0.00091,0.0011292307692307693,0.0003176923076923077,0.00015307692307692307,5.846153846153847e-05
693,2006.0,674.0,0.00091,0.0011292307692307693,0.0003176923076923077,0.00015307692307692307,5.846153846153847e-05
694,2006.0,675.0,0.00091,0.0011292307692307693,0.0003176923076923077,0.00015307692307692307,5.846153846153847e-05
695,2006.0,676.0,0.00091,0.0011292307692307693,0.0003176923076923077,0.00015307692307692307,5.846153846153847e-05
696,2006.0,677.0,0.00091,0.0011292307692307693,0.0003176923076923077,0.00015307692307692307,5.846153846153847e-05
697,2006.0,678.0,0.00091,0.0011292307692307693,0.0003176923076923077,0.00015307692307692307,5.846153846153847e-05
698,2006.0,679.0,0.00091,0.0011292307692307693,0.0003176923076923077,0.00015307692307692307,5.846153846153847e-05
699,2006.0,680.0,0.00091,0.0011292307692307693,0.0003176923076923077,0.00015307692307692307,5.846153846153847e-05
700,2006.0,681.0,0.00091,0.0011292307692307693,0.0003176923076923077,0.00015307692307692307,5.846153846153847e-05
701,2006.0,682.0,0.00091,0.0011292307692307693,0.0003176923076923077,0.00015307692307692307,5.846153846153847e-05
702,2006.0,683.0,0.00091,0.0011292307692307693,0.0003176923076923077,0.00015307692307692307,5.846153846153847e-05
703,2006.0,684.0,0.00091,0.0011292307692307693,0.0003176923076923077,0.00015307692307692307,5.846153846153847e-05
704,2007.0,684.0,0.0009153846153846153,0.0009884615384615385,0.0004107692307692308,0.0001076923076923077,1.3846153846153847e-05
705,2007.0,685.0,0.0009153846153846153,0.0009884615384615385,0.0004107692307692308,0.0001076923076923077,1.3846153846153847e-05
706,2007.0,686.0,0.0009153846153846153,0.0009884615384615385,0.0004107692307692308,0.0001076923076923077,1.3846153846153847e-05
707,2007.0,687.0,0.0009153846153846153,0.0009884615384615385,0.0004107692307692308,0.0001076923076923077,1.3846153846153847e-05
708,2007.0,688.0,0.0009153846153846153,0.0009884615384615385,0.0004107692307692308,0.0001076923076923077,1.3846153846153847e-05
709,2007.0,689.0,0.0009153846153846153,0.0009884615384615385,0.0004107692307692308,0.0001076923076923077,1.3846153846153847e-05
710,2007.0,690.0,0.0009153846153846153,0.0009884615384615385,0.0004107692307692308,0.0001076923076923077,1.3846153846153847e-05
711,2007.0,691.0,0.0009153846153846153,0.0009884615384615385,0.0004107692307692308,0.0001076923076923077,1.3846153846153847e-05
712,2007.0,692.0,0.0009153846153846153,0.0009884615384615385,0.0004107692307692308,0.0001076923076923077,1.3846153846153847e-05
713,2007.0,693.0,0.0009153846153846153,0.0009884615384615385,0.0004107692307692308,0.0001076923076923077,1.3846153846153847e-05
714,2007.0,694.0,0.0009153846153846153,0.0009884615384615385,0.0004107692307692308,0.0001076923076923077,1.3846153846153847e-05
715,2007.0,695.0,0.0009153846153846153,0.0009884615384615385,0.0004107692307692308,0.0001076923076923077,1.3846153846153847e-05
716,2007.0,696.0,0.0009153846153846153,0.0009884615384615385,0.0004107692307692308,0.0001076923076923077,1.3846153846153847e-05
717,2008.0,696.0,0.0007976923076923077,0.001063076923076923,0.00026076923076923076,7.538461538461539e-05,0.00011307692307692308
718,2008.0,697.0,0.0007976923076923077,0.001063076923076923,0.00026076923076923076,7.538461538461539e-05,0.00011307692307692308
719,2008.0,698.0,0.0007976923076923077,0.001063076923076923,0.00026076923076923076,7.538461538461539e-05,0.00011307692307692308
720,2008.0,699.0,0.0007976923076923077,0.001063076923076923,0.00026076923076923076,7.538461538461539e-05,0.00011307692307692308
721,2008.0,700.0,0.0007976923076923077,0.001063076923076923,0.00026076923076923076,7.538461538461539e-05,0.00011307692307692308
722,2008.0,701.0,0.0007976923076923077,0.001063076923076923,0.00026076923076923076,7.538461538461539e-05,0.00011307692307692308
723,2008.0,702.0,0.0007976923076923077,0.001063076923076923,0.00026076923076923076,7.538461538461539e-05,0.00011307692307692308
724,2008.0,703.0,0.0007976923076923077,0.001063076923076923,0.00026076923076923076,7.538461538461539e-05,0.00011307692307692308
725,2008.0,704.0,0.0007976923076923077,0.001063076923076923,0.00026076923076923076,7.538461538461539e-05,0.00011307692307692308
726,2008.0,705.0,0.0007976923076923077,0.001063076923076923,0.00026076923076923076,7.538461538461539e-05,0.00011307692307692308
727,2008.0,706.0,0.0007976923076923077,0.001063076923076923,0.00026076923076923076,7.538461538461539e-05,0.00011307692307692308
728,2008.0,707.0,0.0007976923076923077,0.001063076923076923,0.00026076923076923076,7.538461538461539e-05,0.00011307692307692308
729,2008.0,708.0,0.0007976923076923077,0.001063076923076923,0.00026076923076923076,7.538461538461539e-05,0.00011307692307692308
730,2009.0,708.0,0.0007584615384615384,0.0011576923076923077,0.0001830769230769231,4.538461538461539e-05,2.4615384615384616e-05
731,2009.0,709.0,0.0007584615384615384,0.0011576923076923077,0.0001830769230769231,4.538461538461539e-05,2.4615384615384616e-05
732,2009.0,710.0,0.0007584615384615384,0.0011576923076923077,0.0001830769230769231,4.538461538461539e-05,2.4615384615384616e-05
733,2009.0,711.0,0.0007584615384615384,0.0011576923076923077,0.0001830769230769231,4.538461538461539e-05,2.4615384615384616e-05
734,2009.0,712.0,0.0007584615384615384,0.0011576923076923077,0.0001830769230769231,4.538461538461539e-05,2.4615384615384616e-05
735,2009.0,713.0,0.0007584615384615384,0.0011576923076923077,0.0001830769230769231,4.538461538461539e-05,2.4615384615384616e-05
736,2009.0,714.0,0.0007584615384615384,0.0011576923076923077,0.0001830769230769231,4.538461538461539e-05,2.4615384615384616e-05
737,2009.0,715.0,0.0007584615384615384,0.0011576923076923077,0.0001830769230769231,4.538461538461539e-05,2.4615384615384616e-05
738,2009.0,716.0,0.0007584615384615384,0.0011576923076923077,0.0001830769230769231,4.538461538461539e-05,2.4615384615384616e-05
739,2009.0,717.0,0.0007584615384615384,0.0011576923076923077,0.0001830769230769231,4.538461538461539e-05,2.4615384615384616e-05
740,2009.0,718.0,0.0007584615384615384,0.0011576923076923077,0.0001830769230769231,4.538461538461539e-05,2.4615384615384616e-05
741,2009.0,719.0,0.0007584615384615384,0.0011576923076923077,0.0001830769230769231,4.538461538461539e-05,2.4615384615384616e-05
742,2009.0,720.0,0.0007584615384615384,0.0011576923076923077,0.0001830769230769231,4.538461538461539e-05,2.4615384615384616e-05
743,2010.0,720.0,0.0008333333333333334,0.0015575,0.00017666666666666666,8e-05,4.916666666666667e-05
744,2010.0,721.0,0.0008333333333333334,0.0015575,0.00017666666666666666,8e-05,4.916666666666667e-05
745,2010.0,722.0,0.0008333333333333334,0.0015575,0.00017666666666666666,8e-05,4.916666666666667e-05
746,2010.0,723.0,0.0008333333333333334,0.0015575,0.00017666666666666666,8e-05,4.916666666666667e-05
747,2010.0,724.0,0.0008333333333333334,0.0015575,0.00017666666666666666,8e-05,4.916666666666667e-05
748,2010.0,725.0,0.0008333333333333334,0.0015575,0.00017666666666666666,8e-05,4.916666666666667e-05
749,2010.0,726.0,0.0008333333333333334,0.0015575,0.00017666666666666666,8e-05,4.916666666666667e-05
750,2010.0,727.0,0.0008333333333333334,0.0015575,0.00017666666666666666,8e-05,4.916666666666667e-05
751,2010.0,728.0,0.0008333333333333334,0.0015575,0.00017666666666666666,8e-05,4.916666666666667e-05
752,2010.0,729.0,0.0008333333333333334,0.0015575,0.00017666666666666666,8e-05,4.916666666666667e-05
753,2010.0,730.0,0.0008333333333333334,0.0015575,0.00017666666666666666,8e-05,4.916666666666667e-05
754,2010.0,731.0,0.0008333333333333334,0.0015575,0.00017666666666666666,8e-05,4.916666666666667e-05
755,2011.0,732.0,0.0006776923076923078,0.0014646153846153845,0.00014076923076923074,0.00012384615384615385,2.3076923076923076e-05
756,2011.0,733.0,0.0006776923076923078,0.0014646153846153845,0.00014076923076923074,0.00012384615384615385,2.3076923076923076e-05
757,2011.0,734.0,0.0006776923076923078,0.0014646153846153845,0.00014076923076923074,0.00012384615384615385,2.3076923076923076e-05
758,2011.0,735.0,0.0006776923076923078,0.0014646153846153845,0.00014076923076923074,0.00012384615384615385,2.3076923076923076e-05
759,2011.0,736.0,0.0006776923076923078,0.0014646153846153845,0.00014076923076923074,0.00012384615384615385,2.3076923076923076e-05
760,2011.0,737.0,0.0006776923076923078,0.0014646153846153845,0.00014076923076923074,0.00012384615384615385,2.3076923076923076e-05
761,2011.0,738.0,0.0006776923076923078,0.0014646153846153845,0.00014076923076923074,0.00012384615384615385,2.3076923076923076e-05
762,2011.0,739.0,0.0006776923076923078,0.0014646153846153845,0.00014076923076923074,0.00012384615384615385,2.3076923076923076e-05
763,2011.0,740.0,0.0006776923076923078,0.0014646153846153845,0.00014076923076923074,0.00012384615384615385,2.3076923076923076e-05
764,2011.0,741.0,0.0006776923076923078,0.0014646153846153845,0.00014076923076923074,0.00012384615384615385,2.3076923076923076e-05
765,2011.0,742.0,0.0006776923076923078,0.0014646153846153845,0.00014076923076923074,0.00012384615384615385,2.3076923076923076e-05
766,2011.0,743.0,0.0006776923076923078,0.0014646153846153845,0.00014076923076923074,0.00012384615384615385,2.3076923076923076e-05
767,2011.0,744.0,0.0006776923076923078,0.0014646153846153845,0.00014076923076923074,0.00012384615384615385,2.3076923076923076e-05
768,2012.0,744.0,0.0007538461538461538,0.00116,0.0002646153846153846,8.923076923076924e-05,3.538461538461539e-05
769,2012.0,745.0,0.0007538461538461538,0.00116,0.0002646153846153846,8.923076923076924e-05,3.538461538461539e-05
770,2012.0,746.0,0.0007538461538461538,0.00116,0.0002646153846153846,8.923076923076924e-05,3.538461538461539e-05
771,2012.0,747.0,0.0007538461538461538,0.00116,0.0002646153846153846,8.923076923076924e-05,3.538461538461539e-05
772,2012.0,748.0,0.0007538461538461538,0.00116,0.0002646153846153846,8.923076923076924e-05,3.538461538461539e-05
773,2012.0,749.0,0.0007538461538461538,0.00116,0.0002646153846153846,8.923076923076924e-05,3.538461538461539e-05
774,2012.0,750.0,0.0007538461538461538,0.00116,0.0002646153846153846,8.923076923076924e-05,3.538461538461539e-05
775,2012.0,751.0,0.0007538461538461538,0.00116,0.0002646153846153846,8.923076923076924e-05,3.538461538461539e-05
776,2012.0,752.0,0.0007538461538461538,0.00116,0.0002646153846153846,8.923076923076924e-05,3.538461538461539e-05
777,2012.0,753.0,0.0007538461538461538,0.00116,0.0002646153846153846,8.923076923076924e-05,3.538461538461539e-05
778,2012.0,754.0,0.0007538461538461538,0.00116,0.0002646153846153846,8.923076923076924e-05,3.538461538461539e-05
779,2012.0,755.0,0.0007538461538461538,0.00116,0.0002646153846153846,8.923076923076924e-05,3.538461538461539e-05
780,2012.0,756.0,0.0007538461538461538,0.00116,0.0002646153846153846,8.923076923076924e-05,3.538461538461539e-05
781,2013.0,756.0,0.0006107692307692307,0.001003846153846154,0.00032153846153846154,5.0769230769230766e-05,1.9999999999999998e-05
782,2013.0,757.0,0.0006107692307692307,0.001003846153846154,0.00032153846153846154,5.0769230769230766e-05,1.9999999999999998e-05
783,2013.0,758.0,0.0006107692307692307,0.001003846153846154,0.00032153846153846154,5.0769230769230766e-05,1.9999999999999998e-05
784,2013.0,759.0,0.0006107692307692307,0.001003846153846154,0.00032153846153846154,5.0769230769230766e-05,1.9999999999999998e-05
785,2013.0,760.0,0.0006107692307692307,0.001003846153846154,0.00032153846153846154,5.0769230769230766e-05,1.9999999999999998e-05
786,2013.0,761.0,0.0006107692307692307,0.001003846153846154,0.00032153846153846154,5.0769230769230766e-05,1.9999999999999998e-05
787,2013.0,762.0,0.0006107692307692307,0.001003846153846154,0.00032153846153846154,5.0769230769230766e-05,1.9999999999999998e-05
788,2013.0,763.0,0.0006107692307692307,0.001003846153846154,0.00032153846153846154,5.0769230769230766e-05,1.9999999999999998e-05
789,2013.0,764.0,0.0006107692307692307,0.001003846153846154,0.00032153846153846154,5.0769230769230766e-05,1.9999999999999998e-05
790,2013.0,765.0,0.0006107692307692307,0.001003846153846154,0.00032153846153846154,5.0769230769230766e-05,1.9999999999999998e-05
791,2013.0,766.0,0.0006107692307692307,0.001003846153846154,0.00032153846153846154,5.0769230769230766e-05,1.9999999999999998e-05
792,2013.0,767.0,0.0006107692307692307,0.001003846153846154,0.00032153846153846154,5.0769230769230766e-05,1.9999999999999998e-05
793,2013.0,768.0,0.0006107692307692307,0.001003846153846154,0.00032153846153846154,5.0769230769230766e-05,1.9999999999999998e-05
794,2014.0,768.0,0.0004861538461538462,0.0010092307692307692,0.0002815384615384615,7.692307692307693e-05,3.538461538461539e-05
795,2014.0,769.0,0.0004861538461538462,0.0010092307692307692,0.0002815384615384615,7.692307692307693e-05,3.538461538461539e-05
796,2014.0,770.0,0.0004861538461538462,0.0010092307692307692,0.0002815384615384615,7.692307692307693e-05,3.538461538461539e-05
797,2014.0,771.0,0.0004861538461538462,0.0010092307692307692,0.0002815384615384615,7.692307692307693e-05,3.538461538461539e-05
798,2014.0,772.0,0.0004861538461538462,0.0010092307692307692,0.0002815384615384615,7.692307692307693e-05,3.538461538461539e-05
799,2014.0,773.0,0.0004861538461538462,0.0010092307692307692,0.0002815384615384615,7.692307692307693e-05,3.538461538461539e-05
800,2014.0,774.0,0.0004861538461538462,0.0010092307692307692,0.0002815384615384615,7.692307692307693e-05,3.538461538461539e-05
801,2014.0,775.0,0.0004861538461538462,0.0010092307692307692,0.0002815384615384615,7.692307692307693e-05,3.538461538461539e-05
802,2014.0,776.0,0.0004861538461538462,0.0010092307692307692,0.0002815384615384615,7.692307692307693e-05,3.538461538461539e-05
803,2014.0,777.0,0.0004861538461538462,0.0010092307692307692,0.0002815384615384615,7.692307692307693e-05,3.538461538461539e-05
804,2014.0,778.0,0.0004861538461538462,0.0010092307692307692,0.0002815384615384615,7.692307692307693e-05,3.538461538461539e-05
805,2014.0,779.0,0.0004861538461538462,0.0010092307692307692,0.0002815384615384615,7.692307692307693e-05,3.538461538461539e-05
806,2014.0,780.0,0.0004861538461538462,0.0010092307692307692,0.0002815384615384615,7.692307692307693e-05,3.538461538461539e-05
807,2015.0,780.0,0.0006374999999999999,0.0008700000000000001,0.00018999999999999998,8.25e-05,1.1666666666666668e-05
808,2015.0,781.0,0.0006374999999999999,0.0008700000000000001,0.00018999999999999998,8.25e-05,1.1666666666666668e-05
809,2015.0,782.0,0.0006374999999999999,0.0008700000000000001,0.00018999999999999998,8.25e-05,1.1666666666666668e-05
810,2015.0,783.0,0.0006374999999999999,0.0008700000000000001,0.00018999999999999998,8.25e-05,1.1666666666666668e-05
811,2015.0,784.0,0.0006374999999999999,0.0008700000000000001,0.00018999999999999998,8.25e-05,1.1666666666666668e-05
812,2015.0,785.0,0.0006374999999999999,0.0008700000000000001,0.00018999999999999998,8.25e-05,1.1666666666666668e-05
813,2015.0,786.0,0.0006374999999999999,0.0008700000000000001,0.00018999999999999998,8.25e-05,1.1666666666666668e-05
814,2015.0,787.0,0.0006374999999999999,0.0008700000000000001,0.00018999999999999998,8.25e-05,1.1666666666666668e-05
815,2015.0,788.0,0.0006374999999999999,0.0008700000000000001,0.00018999999999999998,8.25e-05,1.1666666666666668e-05
816,2015.0,789.0,0.0006374999999999999,0.0008700000000000001,0.00018999999999999998,8.25e-05,1.1666666666666668e-05
817,2015.0,790.0,0.0006374999999999999,0.0008700000000000001,0.00018999999999999998,8.25e-05,1.1666666666666668e-05
818,2015.0,791.0,0.0006374999999999999,0.0008700000000000001,0.00018999999999999998,8.25e-05,1.1666666666666668e-05
819,2016.0,792.0,0.00033249999999999995,0.00023083333333333332,0.00011250000000000001,2.0833333333333333e-05,8.333333333333334e-06
820,2016.0,793.0,0.00033249999999999995,0.00023083333333333332,0.00011250000000000001,2.0833333333333333e-05,8.333333333333334e-06
821,2016.0,794.0,0.00033249999999999995,0.00023083333333333332,0.00011250000000000001,2.0833333333333333e-05,8.333333333333334e-06
822,2016.0,795.0,0.00033249999999999995,0.00023083333333333332,0.00011250000000000001,2.0833333333333333e-05,8.333333333333334e-06
823,2016.0,796.0,0.00033249999999999995,0.00023083333333333332,0.00011250000000000001,2.0833333333333333e-05,8.333333333333334e-06
824,2016.0,797.0,0.00033249999999999995,0.00023083333333333332,0.00011250000000000001,2.0833333333333333e-05,8.333333333333334e-06
825,2016.0,798.0,0.00033249999999999995,0.00023083333333333332,0.00011250000000000001,2.0833333333333333e-05,8.333333333333334e-06
826,2016.0,799.0,0.00033249999999999995,0.00023083333333333332,0.00011250000000000001,2.0833333333333333e-05,8.333333333333334e-06
827,2016.0,800.0,0.00033249999999999995,0.00023083333333333332,0.00011250000000000001,2.0833333333333333e-05,8.333333333333334e-06
828,2016.0,801.0,0.00033249999999999995,0.00023083333333333332,0.00011250000000000001,2.0833333333333333e-05,8.333333333333334e-06
829,2016.0,802.0,0.00033249999999999995,0.00023083333333333332,0.00011250000000000001,2.0833333333333333e-05,8.333333333333334e-06
830,2016.0,803.0,0.00033249999999999995,0.00023083333333333332,0.00011250000000000001,2.0833333333333333e-05,8.333333333333334e-06
831,2017.0,804.0,0.0,0.0,0.0,0.0,0.0
832,2017.0,805.0,0.0,0.0,0.0,0.0,0.0
833,2017.0,806.0,0.0,0.0,0.0,0.0,0.0
834,2017.0,807.0,0.0,0.0,0.0,0.0,0.0
835,2017.0,808.0,0.0,0.0,0.0,0.0,0.0
836,2017.0,809.0,0.0,0.0,0.0,0.0,0.0
837,2017.0,810.0,0.0,0.0,0.0,0.0,0.0
838,2017.0,811.0,0.0,0.0,0.0,0.0,0.0
839,2017.0,812.0,0.0,0.0,0.0,0.0,0.0
840,2017.0,813.0,0.0,0.0,0.0,0.0,0.0
841,2017.0,814.0,0.0,0.0,0.0,0.0,0.0
842,2017.0,815.0,0.0,0.0,0.0,0.0,0.0
843,2018.0,816.0,0.0,0.0,0.0,0.0,0.0
844,2018.0,817.0,0.0,0.0,0.0,0.0,0.0
845,2018.0,818.0,0.0,0.0,0.0,0.0,0.0
846,2018.0,819.0,0.0,0.0,0.0,0.0,0.0
847,2018.0,820.0,0.0,0.0,0.0,0.0,0.0
848,2018.0,821.0,0.0,0.0,0.0,0.0,0.0
849,2018.0,822.0,0.0,0.0,0.0,0.0,0.0
850,2018.0,823.0,0.0,0.0,0.0,0.0,0.0
851,2018.0,824.0,0.0,0.0,0.0,0.0,0.0
852,2018.0,825.0,0.0,0.0,0.0,0.0,0.0
853,2018.0,826.0,0.0,0.0,0.0,0.0,0.0
854,2018.0,827.0,0.0,0.0,0.0,0.0,0.0
855,2019.0,828.0,0.0,0.0,0.0,0.0,0.0
856,2019.0,829.0,0.0,0.0,0.0,0.0,0.0
857,2019.0,830.0,0.0,0.0,0.0,0.0,0.0
858,2019.0,831.0,0.0,0.0,0.0,0.0,0.0
859,2019.0,832.0,0.0,0.0,0.0,0.0,0.0
860,2019.0,833.0,0.0,0.0,0.0,0.0,0.0
861,2019.0,834.0,0.0,0.0,0.0,0.0,0.0
862,2019.0,835.0,0.0,0.0,0.0,0.0,0.0
863,2019.0,836.0,0.0,0.0,0.0,0.0,0.0
864,2019.0,837.0,0.0,0.0,0.0,0.0,0.0
865,2019.0,838.0,0.0,0.0,0.0,0.0,0.0
866,2019.0,839.0,0.0,0.0,0.0,0.0,0.0
