<?xml version="1.0" encoding="UTF-8"?>
<metadata xml:lang="en"><Esri><CreaDate>20210226</CreaDate><CreaTime>09430800</CreaTime><ArcGISFormat>1.0</ArcGISFormat><ArcGISstyle>North American Profile of ISO19115 2003</ArcGISstyle><SyncOnce>TRUE</SyncOnce><DataProperties><lineage><Process ToolSource="c:\program files (x86)\arcgis\desktop10.8\ArcToolbox\Toolboxes\Data Management Tools.tbx\DefineProjection" Date="20210226" Time="094308">DefineProjection Ecospace_grid_20210208 GEOGCS['GCS_WGS_1984',DATUM['D_WGS_1984',SPHEROID['WGS_1984',6378137.0,298.257223563]],PRIMEM['Greenwich',0.0],UNIT['Degree',0.0174532925199433]]</Process><Process ToolSource="c:\program files (x86)\arcgis\desktop10.8\ArcToolbox\Toolboxes\Data Management Tools.tbx\CalculateField" Date="20220119" Time="223020">CalculateField Ecospace_grid_20210208 EWE_row "252 - [NEMO_row] + 1" VB #</Process><Process ToolSource="c:\program files (x86)\arcgis\desktop10.8\ArcToolbox\Toolboxes\Data Management Tools.tbx\CalculateField" Date="20220119" Time="223117">CalculateField Ecospace_grid_20210208 EWE_row "252 - [NEMO_row] + 1
" VB #</Process><Process ToolSource="c:\program files (x86)\arcgis\desktop10.8\ArcToolbox\Toolboxes\Data Management Tools.tbx\CalculateField" Date="20220119" Time="223134">CalculateField Ecospace_grid_20210208 EWE_row "252 - [NEMO_row] + 1" VB #</Process><Process ToolSource="c:\program files (x86)\arcgis\desktop10.8\ArcToolbox\Toolboxes\Data Management Tools.tbx\CalculateField" Date="20220119" Time="223350">CalculateField Ecospace_grid_20210208 EWE_col "39 - [NEMO_col] + 1
" VB #</Process><Process ToolSource="c:\program files (x86)\arcgis\desktop10.8\ArcToolbox\Toolboxes\Data Management Tools.tbx\CalculateField" Date="20220119" Time="223604">CalculateField Ecospace_grid_20210208 EWE_col "[NEMO_col] - 39 + 1
" VB #</Process><Process ToolSource="c:\program files (x86)\arcgis\desktop10.8\ArcToolbox\Toolboxes\Data Management Tools.tbx\CalculateField" Date="20220119" Time="223619">CalculateField Ecospace_grid_20210208 EWE_col "252 - [NEMO_row] + 1" VB #</Process><Process ToolSource="c:\program files (x86)\arcgis\desktop10.8\ArcToolbox\Toolboxes\Data Management Tools.tbx\CalculateField" Date="20220119" Time="223641">CalculateField Ecospace_grid_20210208 EWE_col "252 - [NEMO_col] + 1" VB #</Process><Process ToolSource="c:\program files (x86)\arcgis\desktop10.8\ArcToolbox\Toolboxes\Data Management Tools.tbx\CalculateField" Date="20220119" Time="223710">CalculateField Ecospace_grid_20210208 EWE_col "39- [NEMO_col] + 1" VB #</Process><Process ToolSource="c:\program files (x86)\arcgis\desktop10.8\ArcToolbox\Toolboxes\Data Management Tools.tbx\CalculateField" Date="20220119" Time="223740">CalculateField Ecospace_grid_20210208 EWE_col " [NEMO_col] -38" VB #</Process></lineage></DataProperties></Esri></metadata>
